AUFNR,GAMNG,GSTRP,GLTRP,FTRMI,FTRMS,SPLSTAT,PLNBEZ
000001000000,49,20171008,20171016,20171008,20171006,,MZ-FG-R300
000001000001,49,20171008,20171013,20171008,20171006,,MZ-FG-R200
000001000002,73,20171008,20171010,20171008,20171006,,MZ-FG-R100
000001000003,35,20171008,20171013,20171008,20171006,,MZ-FG-M550
000001000004,251,20171008,20171012,20171008,20171006,,MZ-FG-M525
000001000005,93,20171008,20171010,20171008,20171006,,MZ-FG-M500
000001000006,403,20171008,20171030,20171008,20171006,,MZ-FG-C990
000001000007,82,20171008,20171012,20171008,20171006,,MZ-FG-C950
000001000008,107,20171008,20171012,20171008,20171006,,MZ-FG-C900
000001000009,33,20171008,20171016,20171008,20171006,,MZ-FG-R300
000001000010,41,20171008,20171013,20171008,20171006,,MZ-FG-R200
000001000011,69,20171008,20171010,20171008,20171006,,MZ-FG-R100
000001000012,59,20171008,20171016,20171008,20171006,,MZ-FG-M550
000001000013,296,20171008,20171013,20171008,20171006,,MZ-FG-M525
000001000014,68,20171008,20171010,20171008,20171006,,MZ-FG-M500
000001000015,323,20171008,20171025,20171008,20171006,,MZ-FG-C990
000001000016,177,20171008,20171016,20171008,20171006,,MZ-FG-C950
000001000017,126,20171008,20171012,20171008,20171006,,MZ-FG-C900
000001000020,100,20171020,20171024,20171017,20171020,,FG126
000006000000,10,20171019,20171020,20171017,20171019,,FG126
000001000021,45,20171018,20171025,20171018,20171018,,MZ-FG-R300
000001000022,46,20171018,20171023,20171018,20171018,,MZ-FG-R200
000001000023,39,20171018,20171019,20171018,20171018,,MZ-FG-R100
000001000024,31,20171018,20171023,20171018,20171018,,MZ-FG-M550
000001000025,341,20171018,20171023,20171018,20171018,,MZ-FG-M525
000001000026,50,20171018,20171019,20171018,20171018,,MZ-FG-M500
000001000027,289,20171018,20171103,20171018,20171018,,MZ-FG-C990
000001000028,102,20171018,20171023,20171018,20171018,,MZ-FG-C950
000001000029,124,20171018,20171023,20171018,20171018,,MZ-FG-C900
000001000030,100,20171018,20171024,20171018,20171013,,SG224
000001000340,100,20181119,20181121,20181023,20181119,,FG126
000001000620,103,20190929,20191009,20190929,20190927,,MZ-FG-R300
000001000621,160,20190929,20191008,20190929,20190927,,MZ-FG-R200
000001000622,121,20190929,20191001,20190929,20190927,,MZ-FG-R100
000001000623,43,20190929,20191007,20190929,20190927,,MZ-FG-M550
000001000624,158,20190929,20191002,20190929,20190927,,MZ-FG-M525
000001000625,118,20190929,20191001,20190929,20190927,,MZ-FG-M500
000001000626,132,20190929,20191008,20190929,20190927,,MZ-FG-C990
000001000627,220,20190929,20191007,20190929,20190927,,MZ-FG-C950
000001000628,268,20190929,20191007,20190929,20190927,,MZ-FG-C900
000001000629,103,20190929,20191009,20190929,20190927,,MZ-FG-R300
000001000630,160,20190929,20191008,20190929,20190927,,MZ-FG-R200
000001000631,121,20190929,20191001,20190929,20190927,,MZ-FG-R100
000001000632,43,20190929,20191007,20190929,20190927,,MZ-FG-M550
000001000633,158,20190929,20191002,20190929,20190927,,MZ-FG-M525
000001000634,118,20190929,20191001,20190929,20190927,,MZ-FG-M500
000001000635,132,20190929,20191008,20190929,20190927,,MZ-FG-C990
000001000636,220,20190929,20191007,20190929,20190927,,MZ-FG-C950
000001000637,268,20190929,20191007,20190929,20190927,,MZ-FG-C900
000001000640,103,20190929,20191009,20190929,20190927,,MZ-FG-R300
000001000641,160,20190929,20191008,20190929,20190927,,MZ-FG-R200
000001000642,121,20190929,20191001,20190929,20190927,,MZ-FG-R100
000001000643,43,20190929,20191007,20190929,20190927,,MZ-FG-M550
000001000644,158,20190929,20191002,20190929,20190927,,MZ-FG-M525
000001000645,118,20190929,20191001,20190929,20190927,,MZ-FG-M500
000001000646,132,20190929,20191008,20190929,20190927,,MZ-FG-C990
000001000647,220,20190929,20191007,20190929,20190927,,MZ-FG-C950
000001000648,268,20190929,20191007,20190929,20190927,,MZ-FG-C900
000001000660,91,20190929,20191008,20190929,20190927,,MZ-FG-R300
000001000661,122,20190929,20191007,20190929,20190927,,MZ-FG-R200
000001000662,140,20190929,20191001,20190929,20190927,,MZ-FG-R100
000001000663,52,20190929,20191007,20190929,20190927,,MZ-FG-M550
000002000000,10,20171114,20171115,20171023,20171114,,FG226
000001000041,100,20171024,20171030,20171024,20171019,,SG124
000004000082,1,20180319,20180319,20180319,20180319,,
000001000043,15000,20171026,20171101,20171024,20171023,,SG24
000001000044,15000,20171102,20171108,20171024,20171030,,SG24
000001000045,15000,20171108,20171115,20171024,20171103,,SG24
000001000042,15000,20171024,20171030,20171024,20171019,,SG24
000001000046,1000,20171024,20171030,20171024,20171019,,FG29
000001001520,10,20211118,20211122,20211114,20211118,,FG126
000001000060,100,20171026,20171101,20171026,20171023,,SG29
000001000061,20,20171026,20171027,20171026,20171026,,S-201
000001000062,1,20171026,20171027,20171026,20171026,,FG129
000001000040,90,20171027,20171030,20171024,20171027,,FG126
000004000000,1,20171201,20171201,20171101,20171201,,
000004000001,1,20171101,20171101,20180316,20171101,,
000001000080,40,20171102,20171103,20171031,20171102,,F-10B
000004000020,1,20171102,20171102,20171106,20171102,,
000001000100,100,20171103,20171106,20171103,20171103,,FG126
000004000062,1,20171120,20171120,20180319,20171120,,
000004000022,1,20171106,20171106,20171106,20171106,,
000001000841,100,20191128,20191202,00000000,20191128,,FG1_CP
000001000806,100,20191028,20191104,20191028,20191023,,QM006
000002000040,5,20171212,20171213,20171116,20171212,,FG226
000001000140,1,20171116,20171117,20171116,20171116,,EWMS4-50
000004000021,1,20171106,20171106,20171106,20171106,,
000004000041,1,20171120,20171120,20180319,20171120,,
000004000002,1,20171101,20171101,20180319,20171101,,
000004000060,1,20171120,20171120,20180319,20171120,,
000004000061,1,20171120,20171120,20180319,20171120,,
000001000160,36,20171120,20171127,20171120,20171120,,MZ-FG-R300
000001000161,46,20171120,20171127,20171120,20171120,,MZ-FG-R200
000001000162,73,20171120,20171121,20171120,20171120,,MZ-FG-R100
000001000163,22,20171120,20171127,20171120,20171120,,MZ-FG-M550
000001000164,231,20171120,20171124,20171120,20171120,,MZ-FG-M525
000001000165,59,20171120,20171122,20171120,20171120,,MZ-FG-M500
000001000166,184,20171120,20171201,20171120,20171120,,MZ-FG-C990
000001000167,81,20171120,20171127,20171120,20171120,,MZ-FG-C950
000001000168,115,20171120,20171127,20171120,20171120,,MZ-FG-C900
000001000180,52,20171219,20171226,20171219,20171219,,MZ-FG-R300
000001000181,48,20171219,20171226,20171219,20171219,,MZ-FG-R200
000001000182,39,20171219,20171220,20171219,20171219,,MZ-FG-R100
000001000183,49,20171219,20171226,20171219,20171219,,MZ-FG-M550
000001000184,149,20171219,20171222,20171219,20171219,,MZ-FG-M525
000001000185,48,20171219,20171220,20171219,20171219,,MZ-FG-M500
000001000186,140,20171219,20171228,20171219,20171219,,MZ-FG-C990
000001000187,50,20171219,20171226,20171219,20171219,,MZ-FG-C950
000001000188,53,20171219,20171222,20171219,20171219,,MZ-FG-C900
000001000189,12,20180105,20180109,20180105,20180105,,MZ-FG-R200
000001000190,2,20180105,20180108,20180105,20180105,,MZ-FG-M550
000001000191,58,20180105,20180107,20180105,20180105,,MZ-FG-M525
000001000192,1,20180105,20180108,20180105,20180105,,MZ-FG-C950
000001000193,1,20180105,20180108,20180105,20180105,,MZ-FG-C900
000001000200,35,20180118,20180124,20180118,20180118,,MZ-FG-R300
000001000201,43,20180118,20180123,20180118,20180118,,MZ-FG-R200
000001000202,101,20180118,20180122,20180118,20180118,,MZ-FG-R100
000001000203,59,20180118,20180125,20180118,20180118,,MZ-FG-M550
000001000204,238,20180118,20180122,20180118,20180118,,MZ-FG-M525
000001000205,122,20180118,20180122,20180118,20180118,,MZ-FG-M500
000001000206,265,20180118,20180201,20180118,20180118,,MZ-FG-C990
000001000207,203,20180118,20180124,20180118,20180118,,MZ-FG-C950
000001000208,381,20180118,20180129,20180118,20180118,,MZ-FG-C900
000001000220,42,20180312,20180319,20180312,20180312,,MZ-FG-R300
000001000221,92,20180312,20180319,20180312,20180312,,MZ-FG-R200
000001000222,175,20180312,20180314,20180312,20180312,,MZ-FG-R100
000001000223,34,20180312,20180319,20180312,20180312,,MZ-FG-M550
000001000224,267,20180312,20180316,20180312,20180312,,MZ-FG-M525
000001000225,66,20180312,20180314,20180312,20180312,,MZ-FG-M500
000001000226,315,20180312,20180329,20180312,20180312,,MZ-FG-C990
000001000227,168,20180312,20180319,20180312,20180312,,MZ-FG-C950
000001000228,180,20180312,20180319,20180312,20180312,,MZ-FG-C900
000002000060,10,20180403,20180404,20180309,20180403,,FG226
000001000229,100,20180312,20180313,20180312,20180312,,S-201
000001000230,30,20180313,20180314,20180312,20180313,,F-10B
000001000231,22,20180316,20180319,20180313,20180316,,S-201
000001000232,22,20180315,20180316,20180313,20180315,,S-301
000001000233,1,20180316,20180319,20180313,20180316,,EWMS4-50
000004000040,1,20180319,20180319,00000000,20180319,,
000004000081,1,20180319,20180319,20180316,20180319,,
000004000080,1,20180319,20180319,20180316,20180319,,
000004000083,1,20180320,20180320,20180320,20180320,,
000001000240,2900,20180404,20180423,20180404,20180329,,SG29
000001000241,1000,20180406,20180420,20180404,20180406,,FG129
000001000242,1000,20180404,20180418,20180404,20180404,,FG129
000001000243,29,20180405,20180411,20180405,20180405,,MZ-FG-R300
000001000244,71,20180405,20180411,20180405,20180405,,MZ-FG-R200
000001000245,99,20180405,20180409,20180405,20180405,,MZ-FG-R100
000001000246,35,20180405,20180410,20180405,20180405,,MZ-FG-M550
000001000247,239,20180405,20180409,20180405,20180405,,MZ-FG-M525
000001000248,104,20180405,20180409,20180405,20180405,,MZ-FG-M500
000001000249,229,20180405,20180418,20180405,20180405,,MZ-FG-C990
000001000250,148,20180405,20180410,20180405,20180405,,MZ-FG-C950
000001000251,253,20180405,20180412,20180405,20180405,,MZ-FG-C900
000002000080,10,20180411,20180412,20180405,20180411,,FG226
000001000260,34,20181005,20181011,20181005,20181005,,MZ-FG-R300
000001000280,49,20181008,20181015,20181008,20181008,,MZ-FG-R300
000001000281,49,20181008,20181015,20181008,20181008,,MZ-FG-R200
000001000282,73,20181008,20181009,20181008,20181008,,MZ-FG-R100
000001000283,35,20181008,20181015,20181008,20181008,,MZ-FG-M550
000001000284,251,20181008,20181012,20181008,20181008,,MZ-FG-M525
000001000285,93,20181008,20181010,20181008,20181008,,MZ-FG-M500
000001000286,403,20181008,20181029,20181008,20181008,,MZ-FG-C990
000001000287,82,20181008,20181012,20181008,20181008,,MZ-FG-C950
000001000288,107,20181008,20181012,20181008,20181008,,MZ-FG-C900
000001000289,33,20181009,20181015,20181009,20181009,,MZ-FG-R300
000001000290,41,20181009,20181015,20181009,20181009,,MZ-FG-R200
000001000291,69,20181009,20181010,20181009,20181009,,MZ-FG-R100
000001000292,59,20181009,20181016,20181009,20181009,,MZ-FG-M550
000001000293,296,20181009,20181014,20181009,20181009,,MZ-FG-M525
000001000294,68,20181009,20181011,20181009,20181009,,MZ-FG-M500
000001000295,323,20181009,20181026,20181009,20181009,,MZ-FG-C990
000001000296,177,20181009,20181015,20181009,20181009,,MZ-FG-C950
000001000297,126,20181009,20181015,20181009,20181009,,MZ-FG-C900
000001000298,33,20181009,20181015,20181009,20181009,,MZ-FG-R300
000001000299,41,20181009,20181015,20181009,20181009,,MZ-FG-R200
000001000300,69,20181009,20181010,20181009,20181009,,MZ-FG-R100
000001000301,59,20181009,20181016,20181009,20181009,,MZ-FG-M550
000001000302,296,20181009,20181014,20181009,20181009,,MZ-FG-M525
000001000303,68,20181009,20181011,20181009,20181009,,MZ-FG-M500
000001000304,323,20181009,20181026,20181009,20181009,,MZ-FG-C990
000001000305,177,20181009,20181015,20181009,20181009,,MZ-FG-C950
000001000306,126,20181009,20181015,20181009,20181009,,MZ-FG-C900
000002000100,10,20181107,20181108,20181015,20181107,,FG226
000001000322,700,20181025,20181026,20181017,20181025,,S-301
000001000321,1000,20181031,20181101,20181017,20181031,,S-201
000001001440,10,20211101,20211102,20211101,20211029,,FG126
000001000324,100,20181017,20181019,20181017,20181017,,FG129
000004000101,1,20181019,20181019,20181019,20181019,,
000001000325,1,20181026,20181029,20181022,20181026,,EWMS4-50
000004000103,1,20181019,20181019,20181019,20181019,,
000004000102,1,20181119,20181119,20181019,20181119,,
000001000743,136350,20191015,20191022,20191015,20191010,,SG24
000004000100,1,20181022,20181023,20181019,20181022,,
000001000341,29,20181023,20181029,20181023,20181023,,MZ-FG-R300
000001000342,63,20181023,20181029,20181023,20181023,,MZ-FG-R200
000001000343,52,20181023,20181024,20181023,20181023,,MZ-FG-R100
000001000344,21,20181023,20181029,20181023,20181023,,MZ-FG-M550
000001000345,371,20181023,20181029,20181023,20181023,,MZ-FG-M525
000001000346,78,20181023,20181025,20181023,20181023,,MZ-FG-M500
000001000347,174,20181023,20181105,20181023,20181023,,MZ-FG-C990
000001000348,58,20181023,20181029,20181023,20181023,,MZ-FG-C950
000001000349,149,20181023,20181029,20181023,20181023,,MZ-FG-C900
000004000120,1,20181024,20181024,20181024,20181024,,
000006000020,15,20181029,20181030,20181025,20181029,,FG126
000001000360,142,20181102,20181105,20181029,20181102,,FG126
000001000361,132,20181029,20181102,20181026,20181024,,SG124
000001000380,5,20190320,20190321,20181029,20190320,,FG126
000001000400,8,20181102,20181109,20181102,20181102,,FG126
000001001400,50,20211026,20211102,20211026,20211021,,SG224
000001000402,100,20181220,20190102,20181105,20181217,,SG224
000002000121,7,20181106,20181108,20181106,20181106,,CM-FL-V00
000002000120,10,20181105,20181108,20181106,20181105,,CM-FL-V00
000001000420,40,20181106,20181113,20181106,20181106,,MZ-FG-R300
000001000421,65,20181106,20181112,20181106,20181106,,MZ-FG-R200
000001000422,55,20181106,20181107,20181106,20181106,,MZ-FG-R100
000001000423,11,20181106,20181112,20181106,20181106,,MZ-FG-M550
000001000424,317,20181106,20181111,20181106,20181106,,MZ-FG-M525
000001000425,67,20181106,20181108,20181106,20181106,,MZ-FG-M500
000001000426,94,20181106,20181113,20181106,20181106,,MZ-FG-C990
000001000427,56,20181106,20181112,20181106,20181106,,MZ-FG-C950
000001000428,114,20181106,20181112,20181106,20181106,,MZ-FG-C900
000002000140,1,20181114,20181115,20181113,20181114,,CM-MLFL-KM-VXX
000001000440,20,20181221,20190102,20181113,20181221,,FG-FL-MV-V00
000001000460,95,20190116,20190125,20190116,20190116,,MZ-FG-R300
000001000461,120,20190116,20190124,20190116,20190116,,MZ-FG-R200
000001000462,131,20190116,20190118,20190116,20190116,,MZ-FG-R100
000001000463,50,20190116,20190122,20190116,20190116,,MZ-FG-M550
000001000464,206,20190116,20190119,20190116,20190116,,MZ-FG-M525
000001000465,102,20190116,20190118,20190116,20190116,,MZ-FG-M500
000001000466,417,20190116,20190206,20190116,20190116,,MZ-FG-C990
000001000467,87,20190116,20190121,20190116,20190116,,MZ-FG-C950
000001000468,542,20190116,20190130,20190116,20190116,,MZ-FG-C900
000001000480,30,20190131,20190206,20190131,20190131,,MZ-FG-R300
000001000481,110,20190131,20190207,20190131,20190131,,MZ-FG-R200
000001000482,67,20190131,20190201,20190131,20190131,,MZ-FG-R100
000001000483,77,20190131,20190208,20190131,20190131,,MZ-FG-M550
000001000484,272,20190131,20190204,20190131,20190131,,MZ-FG-M525
000001000485,89,20190131,20190204,20190131,20190131,,MZ-FG-M500
000001000486,263,20190131,20190214,20190131,20190131,,MZ-FG-C990
000001000487,167,20190131,20190205,20190131,20190131,,MZ-FG-C950
000001000488,277,20190131,20190208,20190131,20190131,,MZ-FG-C900
000001000500,91,20190213,20190222,20190213,20190213,,MZ-FG-R300
000001000501,72,20190213,20190219,20190213,20190213,,MZ-FG-R200
000001000502,134,20190213,20190215,20190213,20190213,,MZ-FG-R100
000001000503,83,20190213,20190221,20190213,20190213,,MZ-FG-M550
000001000504,344,20190213,20190218,20190213,20190213,,MZ-FG-M525
000001000505,216,20190213,20190218,20190213,20190213,,MZ-FG-M500
000001000506,332,20190213,20190304,20190213,20190213,,MZ-FG-C990
000001000507,165,20190213,20190218,20190213,20190213,,MZ-FG-C950
000001000508,418,20190213,20190225,20190213,20190213,,MZ-FG-C900
000001000520,90,20190226,20190307,20190226,20190226,,MZ-FG-R300
000001000521,145,20190226,20190306,20190226,20190226,,MZ-FG-R200
000001000522,202,20190226,20190228,20190226,20190226,,MZ-FG-R100
000001000523,97,20190226,20190307,20190226,20190226,,MZ-FG-M550
000001000524,203,20190226,20190301,20190226,20190226,,MZ-FG-M525
000001000525,214,20190226,20190301,20190226,20190226,,MZ-FG-M500
000001000526,461,20190226,20190321,20190226,20190226,,MZ-FG-C990
000001000527,220,20190226,20190304,20190226,20190226,,MZ-FG-C950
000001000528,336,20190226,20190307,20190226,20190226,,MZ-FG-C900
000001000529,89,20190301,20190311,20190301,20190301,,MZ-FG-R300
000001000530,91,20190301,20190308,20190301,20190301,,MZ-FG-R200
000001000531,92,20190301,20190304,20190301,20190301,,MZ-FG-R100
000001000532,88,20190301,20190311,20190301,20190301,,MZ-FG-M550
000001000533,89,20190301,20190303,20190301,20190301,,MZ-FG-M525
000001000534,94,20190301,20190304,20190301,20190301,,MZ-FG-M500
000001000535,94,20190301,20190308,20190301,20190301,,MZ-FG-C990
000001000536,95,20190301,20190305,20190301,20190301,,MZ-FG-C950
000001000537,89,20190301,20190305,20190301,20190301,,MZ-FG-C900
000001000842,100,20191205,20191209,00000000,20191205,,FG1_CP
000001000541,4901,20190314,20190410,20190314,20190311,,SG29
000001000542,400,20190321,20190327,20190314,20190321,,FG129
000001000560,41,20190509,20190516,20190509,20190509,,MZ-FG-R300
000001000561,131,20190509,20190517,20190509,20190509,,MZ-FG-R200
000001000562,64,20190509,20190510,20190509,20190509,,MZ-FG-R100
000001000563,88,20190509,20190517,20190509,20190509,,MZ-FG-M550
000001000564,196,20190509,20190512,20190509,20190509,,MZ-FG-M525
000001000565,57,20190509,20190513,20190509,20190509,,MZ-FG-M500
000001000566,483,20190509,20190603,20190509,20190509,,MZ-FG-C990
000001000567,189,20190509,20190515,20190509,20190509,,MZ-FG-C950
000001000568,202,20190509,20190515,20190509,20190509,,MZ-FG-C900
000001000580,81,20190625,20190704,20190625,20190625,,MZ-FG-R300
000001000581,111,20190625,20190702,20190625,20190625,,MZ-FG-R200
000001000582,144,20190625,20190627,20190625,20190625,,MZ-FG-R100
000001000583,93,20190625,20190704,20190625,20190625,,MZ-FG-M550
000001000584,224,20190625,20190629,20190625,20190625,,MZ-FG-M525
000001000585,83,20190625,20190627,20190625,20190625,,MZ-FG-M500
000001000586,569,20190625,20190723,20190625,20190625,,MZ-FG-C990
000001000587,220,20190625,20190701,20190625,20190625,,MZ-FG-C950
000001000588,480,20190625,20190708,20190625,20190625,,MZ-FG-C900
000001000600,89,20190701,20190710,20190701,20190701,,MZ-FG-R300
000001000601,87,20190701,20190708,20190701,20190701,,MZ-FG-R200
000001000602,93,20190701,20190703,20190701,20190701,,MZ-FG-R100
000001000603,88,20190701,20190709,20190701,20190701,,MZ-FG-M550
000001000604,86,20190701,20190703,20190701,20190701,,MZ-FG-M525
000001000605,88,20190701,20190703,20190701,20190701,,MZ-FG-M500
000001000606,91,20190701,20190708,20190701,20190701,,MZ-FG-C990
000001000607,85,20190701,20190705,20190701,20190701,,MZ-FG-C950
000001000608,91,20190701,20190705,20190701,20190701,,MZ-FG-C900
000001000664,151,20190929,20191002,20190929,20190927,,MZ-FG-M525
000001000665,48,20190929,20190930,20190929,20190927,,MZ-FG-M500
000001000666,389,20190929,20191021,20190929,20190927,,MZ-FG-C990
000001000667,136,20190929,20191004,20190929,20190927,,MZ-FG-C950
000001000668,187,20190929,20191007,20190929,20190927,,MZ-FG-C900
000001000680,78,20190929,20191007,20190929,20190927,,MZ-FG-R300
000001000681,235,20190929,20191011,20190929,20190927,,MZ-FG-R200
000001000682,97,20190929,20191001,20190929,20190927,,MZ-FG-R100
000001000683,76,20190929,20191007,20190929,20190927,,MZ-FG-M550
000001000684,238,20190929,20191003,20190929,20190927,,MZ-FG-M525
000001000685,81,20190929,20191001,20190929,20190927,,MZ-FG-M500
000001000686,238,20190929,20191014,20190929,20190927,,MZ-FG-C990
000001000687,167,20190929,20191004,20190929,20190927,,MZ-FG-C950
000001000688,176,20190929,20191007,20190929,20190927,,MZ-FG-C900
000001000700,54,20191002,20191009,20191002,20191002,,MZ-FG-R300
000001000701,118,20191002,20191010,20191002,20191002,,MZ-FG-R200
000001000702,40,20191002,20191004,20191002,20191002,,MZ-FG-R100
000001000703,67,20191002,20191009,20191002,20191002,,MZ-FG-M550
000001000704,229,20191002,20191006,20191002,20191002,,MZ-FG-M525
000001000705,60,20191002,20191004,20191002,20191002,,MZ-FG-M500
000001000706,165,20191002,20191014,20191002,20191002,,MZ-FG-C990
000001000707,185,20191002,20191008,20191002,20191002,,MZ-FG-C950
000001000708,83,20191002,20191007,20191002,20191002,,MZ-FG-C900
000001000720,10,20191016,20191018,00000000,20191016,,FG111
000001000721,10,20191016,20191018,00000000,20191016,,FG111
000004000180,1,20191014,20191014,20191014,20191014,,
000001000724,10,20191016,20191018,00000000,20191016,,FG111_A
000004000140,1,20191014,20191014,20191009,20191014,,
000004000160,1,20191010,20191010,20191010,20191010,,
000004000141,1,20191010,20191010,00000000,20191010,,
000001000722,137,20191010,20191011,20191010,20191010,,FG126
000004000181,1,20191014,20191014,20191014,20191014,,
000006000040,100,20191008,20191011,20191009,20191008,,FG126
000001000723,122,20191009,20191015,20191009,20191004,,SG124
000001000741,500,20200128,20200203,20191014,20200123,,SG224
000001000742,500,20200225,20200302,20191014,20200220,,SG224
000001000740,500,20191220,20200102,20191014,20191217,,SG224
000004000186,1,20191014,20191014,00000000,20191014,,
000004000187,1,20191014,20191014,00000000,20191014,,
000004000188,1,20191014,20191014,00000000,20191014,,
000004000189,1,20191015,20191015,00000000,20191015,,
000004000182,1,20191113,20191113,20191014,20191113,,
000004000183,1,20191113,20191113,20191014,20191113,,
000004000184,1,20191025,20191025,20191014,20191025,,
000004000185,1,20191025,20191025,20191014,20191025,,
000001000744,100,20191015,20191021,20191015,20191010,,FG29
000001000760,10,20191106,20191107,20191016,20191106,,FG228
000001001532,3900,20211115,20211209,20211115,20211110,,SG29
000001001533,1000,20211115,20211201,20211115,20211115,,FG129
000001001537,100,20211117,20211123,20211117,20211112,,QM006
000001000763,100,20191016,20191018,20191016,20191016,,SG2200
000001000764,10,20191023,20191024,20191017,20191023,,FG228
000001001541,100,20211118,20211119,20211118,20211118,,FG29-1
000001000780,500,20191021,20191022,20191021,20191021,,FG29-1
000001000782,11,20191025,20191029,20191021,20191025,,FG126
000001000783,100,20191021,20191022,20191021,20191021,,FG6200
000001000784,42,20191021,20191028,20191021,20191021,,MZ-FG-R300
000001000785,91,20191021,20191028,20191021,20191021,,MZ-FG-R200
000001000786,79,20191021,20191022,20191021,20191021,,MZ-FG-R100
000001000787,64,20191021,20191028,20191021,20191021,,MZ-FG-M550
000001000788,294,20191021,20191026,20191021,20191021,,MZ-FG-M525
000001000789,78,20191021,20191023,20191021,20191021,,MZ-FG-M500
000001000790,362,20191021,20191111,20191021,20191021,,MZ-FG-C990
000001000791,112,20191021,20191028,20191021,20191021,,MZ-FG-C950
000001000792,181,20191021,20191028,20191021,20191021,,MZ-FG-C900
000001000793,50,20191022,20191119,20191022,20191022,,FG126
000001000794,48,20191022,20191029,20191022,20191022,,MZ-FG-R300
000001000795,88,20191022,20191028,20191022,20191022,,MZ-FG-R200
000001000796,62,20191022,20191023,20191022,20191022,,MZ-FG-R100
000001000797,41,20191022,20191028,20191022,20191022,,MZ-FG-M550
000001000798,226,20191022,20191026,20191022,20191022,,MZ-FG-M525
000001000799,68,20191022,20191024,20191022,20191022,,MZ-FG-M500
000001000800,429,20191022,20191113,20191022,20191022,,MZ-FG-C990
000001000801,141,20191022,20191028,20191022,20191022,,MZ-FG-C950
000001000802,190,20191022,20191028,20191022,20191022,,MZ-FG-C900
000001000803,1,20191029,20191030,20191028,20191029,,FG-FL-MV-V00
000001000804,100,20191028,20191104,20191028,20191023,,SG29
000001000120,6,20171113,20171114,20171110,20171113,,EWMS4-50
000001000121,6,20171113,20171114,20171110,20171113,,EWMS4-50
000001000807,2,20191029,20191030,20191029,20191029,,EWMS4-50
000001000808,3600,20191108,20191111,20191101,20191108,,S-201
000001000809,3200,20191108,20191111,20191101,20191108,,S-201
000001000810,94,20191104,20191113,20191104,20191104,,MZ-FG-R300
000001000811,83,20191104,20191111,20191104,20191104,,MZ-FG-R200
000001000812,51,20191104,20191105,20191104,20191104,,MZ-FG-R100
000001000813,67,20191104,20191111,20191104,20191104,,MZ-FG-M550
000001000814,204,20191104,20191107,20191104,20191104,,MZ-FG-M525
000001000815,61,20191104,20191106,20191104,20191104,,MZ-FG-M500
000001000816,180,20191104,20191115,20191104,20191104,,MZ-FG-C990
000001000817,43,20191104,20191108,20191104,20191104,,MZ-FG-C950
000001000818,164,20191104,20191111,20191104,20191104,,MZ-FG-C900
000001000819,3200,20191108,20191111,20191105,20191108,,S-201
000002000205,1,20191106,20191107,20191105,20191106,,CM-FL-V01
000002000206,1,20191106,20191107,20191105,20191106,,CM-FL-V01
000001000820,66,20191105,20191113,20191105,20191105,,MZ-FG-R300
000001000821,82,20191105,20191111,20191105,20191105,,MZ-FG-R200
000001000822,51,20191105,20191106,20191105,20191105,,MZ-FG-R100
000001000823,84,20191105,20191113,20191105,20191105,,MZ-FG-M550
000001000824,324,20191105,20191110,20191105,20191105,,MZ-FG-M525
000001000825,56,20191105,20191107,20191105,20191105,,MZ-FG-M500
000001000826,154,20191105,20191115,20191105,20191105,,MZ-FG-C990
000001000827,149,20191105,20191111,20191105,20191105,,MZ-FG-C950
000001000828,148,20191105,20191111,20191105,20191105,,MZ-FG-C900
000001000843,100,20191212,20191216,00000000,20191212,,FG1_CP
000001000844,100,20191113,20191206,00000000,20191108,,SG1_CP
000001000845,100,20191113,20191206,00000000,20191108,,SG1_CP
000001000846,100,20191113,20191206,00000000,20191108,,SG1_CP
000001000847,100,20191119,20191212,00000000,20191114,,SG1_CP
000001000840,100,20191120,20191122,00000000,20191120,,FG1_CP
000001000849,300,20191023,20191024,20191113,20191023,,FG2_CP
000001000850,9000,20191023,20191031,20191113,20191018,,SG2_CP
000001000848,200,20221117,20221118,20191113,20221117,,FG2_CP
000001000540,3000,20190313,20190424,00000000,20190313,,FG129
000001000805,100,20191028,20191030,20191028,20191028,,FG129
000001000860,3600,20191114,20191209,20191114,20191111,,SG29
000001000880,36,20200116,20200122,20200116,20200116,,MZ-FG-R300
000001000881,93,20200116,20200123,20200116,20200116,,MZ-FG-R200
000001000882,123,20200116,20200120,20200116,20200116,,MZ-FG-R100
000001000883,47,20200116,20200122,20200116,20200116,,MZ-FG-M550
000001000884,313,20200116,20200121,20200116,20200116,,MZ-FG-M525
000001000885,178,20200116,20200120,20200116,20200116,,MZ-FG-M500
000001000886,59,20200116,20200122,20200116,20200116,,MZ-FG-C990
000001000887,206,20200116,20200122,20200116,20200116,,MZ-FG-C950
000001000888,295,20200116,20200124,20200116,20200116,,MZ-FG-C900
000001000900,52,20200121,20200128,20200121,20200121,,MZ-FG-R300
000001000901,67,20200121,20200127,20200121,20200121,,MZ-FG-R200
000001000902,125,20200121,20200123,20200121,20200121,,MZ-FG-R100
000001000903,31,20200121,20200127,20200121,20200121,,MZ-FG-M550
000001000904,233,20200121,20200125,20200121,20200121,,MZ-FG-M525
000001000905,144,20200121,20200124,20200121,20200121,,MZ-FG-M500
000001000906,156,20200121,20200131,20200121,20200121,,MZ-FG-C990
000001000907,135,20200121,20200127,20200121,20200121,,MZ-FG-C950
000001000908,363,20200121,20200131,20200121,20200121,,MZ-FG-C900
000001000920,78,20200131,20200210,20200131,20200131,,MZ-FG-R300
000001000921,80,20200131,20200206,20200131,20200131,,MZ-FG-R200
000001000922,67,20200131,20200203,20200131,20200131,,MZ-FG-R100
000001000923,33,20200131,20200205,20200131,20200131,,MZ-FG-M550
000001000924,152,20200131,20200203,20200131,20200131,,MZ-FG-M525
000001000925,95,20200131,20200203,20200131,20200131,,MZ-FG-M500
000001000926,164,20200131,20200210,20200131,20200131,,MZ-FG-C990
000001000927,83,20200131,20200204,20200131,20200131,,MZ-FG-C950
000001000928,191,20200131,20200206,20200131,20200131,,MZ-FG-C900
000001000929,63,20200203,20200211,20200203,20200203,,MZ-FG-R300
000001000930,103,20200203,20200210,20200203,20200203,,MZ-FG-R200
000001000931,167,20200203,20200205,20200203,20200203,,MZ-FG-R100
000001000932,64,20200203,20200210,20200203,20200203,,MZ-FG-M550
000001000933,394,20200203,20200209,20200203,20200203,,MZ-FG-M525
000001000934,126,20200203,20200205,20200203,20200203,,MZ-FG-M500
000001000935,253,20200203,20200217,20200203,20200203,,MZ-FG-C990
000001000936,235,20200203,20200210,20200203,20200203,,MZ-FG-C950
000001000937,376,20200203,20200213,20200203,20200203,,MZ-FG-C900
000001000938,56,20200203,20200210,00000000,20200203,,MZ-FG-R300
000001000939,57,20200203,20200210,00000000,20200203,,MZ-FG-R200
000001000940,109,20200203,20200205,00000000,20200203,,MZ-FG-R100
000001000941,48,20200203,20200210,00000000,20200203,,MZ-FG-M550
000001000942,242,20200203,20200207,00000000,20200203,,MZ-FG-M525
000001000943,185,20200203,20200206,00000000,20200203,,MZ-FG-M500
000001000944,150,20200203,20200213,00000000,20200203,,MZ-FG-C990
000001000945,206,20200203,20200210,00000000,20200203,,MZ-FG-C950
000001000946,377,20200203,20200213,00000000,20200203,,MZ-FG-C900
000001000947,56,20200203,20200210,20200203,20200203,,MZ-FG-R300
000001000948,57,20200203,20200210,20200203,20200203,,MZ-FG-R200
000001000949,109,20200203,20200205,20200203,20200203,,MZ-FG-R100
000001000950,48,20200203,20200210,20200203,20200203,,MZ-FG-M550
000001000951,242,20200203,20200207,20200203,20200203,,MZ-FG-M525
000001000952,185,20200203,20200206,20200203,20200203,,MZ-FG-M500
000001000953,150,20200203,20200213,20200203,20200203,,MZ-FG-C990
000001000954,206,20200203,20200210,20200203,20200203,,MZ-FG-C950
000001000955,377,20200203,20200213,20200203,20200203,,MZ-FG-C900
000001000956,75,20200203,20200211,20200203,20200203,,MZ-FG-R300
000001000957,80,20200203,20200210,20200203,20200203,,MZ-FG-R200
000001000958,79,20200203,20200204,20200203,20200203,,MZ-FG-R100
000001000959,85,20200203,20200211,20200203,20200203,,MZ-FG-M550
000001000960,80,20200203,20200205,20200203,20200203,,MZ-FG-M525
000001000961,84,20200203,20200205,20200203,20200203,,MZ-FG-M500
000001000962,79,20200203,20200210,20200203,20200203,,MZ-FG-C990
000001000963,82,20200203,20200207,20200203,20200203,,MZ-FG-C950
000001000964,85,20200203,20200207,20200203,20200203,,MZ-FG-C900
000001000980,81,20200302,20200311,20200302,20200302,,MZ-FG-R300
000001000981,101,20200302,20200309,20200302,20200302,,MZ-FG-R200
000001000982,181,20200302,20200304,20200302,20200302,,MZ-FG-R100
000001000983,20,20200302,20200306,20200302,20200302,,MZ-FG-M550
000001000984,568,20200302,20200310,20200302,20200302,,MZ-FG-M525
000001000985,150,20200302,20200305,20200302,20200302,,MZ-FG-M500
000001000986,359,20200302,20200323,20200302,20200302,,MZ-FG-C990
000001000987,137,20200302,20200309,20200302,20200302,,MZ-FG-C950
000001000988,279,20200302,20200310,20200302,20200302,,MZ-FG-C900
000001001000,61,20200421,20200429,20200421,20200421,,MZ-FG-R300
000001001001,65,20200421,20200427,20200421,20200421,,MZ-FG-R200
000001001002,80,20200421,20200422,20200421,20200421,,MZ-FG-R100
000001001003,51,20200421,20200427,20200421,20200421,,MZ-FG-M550
000001001004,182,20200421,20200424,20200421,20200421,,MZ-FG-M525
000001001005,95,20200421,20200423,20200421,20200421,,MZ-FG-M500
000001001006,261,20200421,20200505,20200421,20200421,,MZ-FG-C990
000001001007,140,20200421,20200427,20200421,20200421,,MZ-FG-C950
000001001008,215,20200421,20200428,20200421,20200421,,MZ-FG-C900
000001001009,37,20200422,20200428,20200422,20200422,,MZ-FG-R300
000001001010,87,20200422,20200428,20200422,20200422,,MZ-FG-R200
000001001011,47,20200422,20200423,20200422,20200422,,MZ-FG-R100
000001001012,58,20200422,20200428,20200422,20200422,,MZ-FG-M550
000001001013,251,20200422,20200426,20200422,20200422,,MZ-FG-M525
000001001014,149,20200422,20200427,20200422,20200422,,MZ-FG-M500
000001001015,173,20200422,20200504,20200422,20200422,,MZ-FG-C990
000001001016,206,20200422,20200428,20200422,20200422,,MZ-FG-C950
000001001017,213,20200422,20200429,20200422,20200422,,MZ-FG-C900
000001001018,88,20200427,20200506,20200427,20200427,,MZ-FG-R300
000001001019,77,20200427,20200504,20200427,20200427,,MZ-FG-R200
000001001020,47,20200427,20200428,20200427,20200427,,MZ-FG-R100
000001001021,70,20200427,20200504,20200427,20200427,,MZ-FG-M550
000001001022,285,20200427,20200501,20200427,20200427,,MZ-FG-M525
000001001023,34,20200427,20200428,20200427,20200427,,MZ-FG-M500
000001001024,282,20200427,20200512,20200427,20200427,,MZ-FG-C990
000001001025,130,20200427,20200504,20200427,20200427,,MZ-FG-C950
000001001026,254,20200427,20200505,20200427,20200427,,MZ-FG-C900
000001001027,15,20200504,20200511,20200504,20200504,,MZ-FG-R300
000001001028,25,20200504,20200508,20200504,20200504,,MZ-FG-R200
000001001029,169,20200504,20200506,20200504,20200504,,MZ-FG-R100
000001001030,27,20200504,20200511,20200504,20200504,,MZ-FG-M550
000001001031,208,20200504,20200507,20200504,20200504,,MZ-FG-M525
000001001032,93,20200504,20200506,20200504,20200504,,MZ-FG-M500
000001001033,229,20200504,20200518,20200504,20200504,,MZ-FG-C990
000001001034,157,20200504,20200511,20200504,20200504,,MZ-FG-C950
000001001035,158,20200504,20200511,20200504,20200504,,MZ-FG-C900
000001001040,76,20200507,20200513,20200507,20200507,,MZ-FG-C990
000001001041,90,20200507,20200511,20200507,20200507,,MZ-FG-C950
000001001042,67,20200507,20200511,20200507,20200507,,MZ-FG-C900
000001001060,86,20200601,20200608,20200601,20200529,,MZ-FG-C990
000001001061,85,20200601,20200605,20200601,20200529,,MZ-FG-C950
000001001062,87,20200601,20200605,20200601,20200529,,MZ-FG-C900
000001001063,335,20200603,20200622,20200603,20200603,,MZ-FG-C990
000001001064,145,20200603,20200608,20200603,20200603,,MZ-FG-C950
000001001065,218,20200603,20200610,20200603,20200603,,MZ-FG-C900
000001001066,335,20200603,20200622,20200603,20200603,,MZ-FG-C990
000001001067,145,20200603,20200608,20200603,20200603,,MZ-FG-C950
000001001068,218,20200603,20200610,20200603,20200603,,MZ-FG-C900
000001001069,156,20200603,20200615,20200603,20200603,,MZ-FG-C990
000001001081,176,20200708,20200714,20200708,20200708,,MZ-FG-C950
000001001080,212,20200708,20200720,20200708,20200708,,MZ-FG-C990
000001001082,293,20200708,20200716,20200708,20200708,,MZ-FG-C900
000001001083,327,20200708,20200727,20200708,20200708,,MZ-FG-C990
000001001084,234,20200708,20200714,20200708,20200708,,MZ-FG-C950
000001001085,148,20200708,20200713,20200708,20200708,,MZ-FG-C900
000001001086,267,20200708,20200723,20200708,20200708,,MZ-FG-C990
000001001087,183,20200708,20200714,20200708,20200708,,MZ-FG-C950
000001001088,417,20200708,20200720,20200708,20200708,,MZ-FG-C900
000001001089,272,20200708,20200723,20200708,20200708,,MZ-FG-C990
000001001090,188,20200708,20200714,20200708,20200708,,MZ-FG-C950
000001001091,287,20200708,20200716,20200708,20200708,,MZ-FG-C900
000001001092,218,20200708,20200720,20200708,20200708,,MZ-FG-C990
000001001093,215,20200708,20200714,20200708,20200708,,MZ-FG-C950
000001001094,244,20200708,20200715,20200708,20200708,,MZ-FG-C900
000001001095,318,20200708,20200727,20200708,20200708,,MZ-FG-C990
000001001096,194,20200708,20200714,20200708,20200708,,MZ-FG-C950
000001001097,341,20200708,20200720,20200708,20200708,,MZ-FG-C900
000001001100,194,20200729,20200810,20200729,20200729,,MZ-FG-C990
000001001101,238,20200729,20200805,20200729,20200729,,MZ-FG-C950
000001001102,402,20200729,20200810,20200729,20200729,,MZ-FG-C900
000001001120,290,20200821,20200907,20200821,20200821,,MZ-FG-C990
000001001121,133,20200821,20200826,20200821,20200821,,MZ-FG-C950
000001001122,204,20200821,20200827,20200821,20200821,,MZ-FG-C900
000001001140,173,20201016,20201027,20201016,20201016,,MZ-FG-C990
000001001141,53,20201016,20201020,20201016,20201016,,MZ-FG-C950
000001001142,71,20201016,20201019,20201016,20201016,,MZ-FG-C900
000001001160,10,20201102,20201104,00000000,20201102,,FG111
000001001161,10,20201102,20201104,00000000,20201102,,FG111
000001001162,10,20201103,20201104,00000000,20201103,,FG228
000001001163,174,20201023,20201103,20201023,20201023,,MZ-FG-C990
000001001164,58,20201023,20201027,20201023,20201023,,MZ-FG-C950
000001001165,149,20201023,20201028,20201023,20201023,,MZ-FG-C900
000001001180,10,20201030,20201103,20201026,20201030,,FG126
000001001181,10,20201028,20201029,20201026,20201028,,FG126
000006000060,10,20201028,20201029,20201026,20201028,,FG126
000001001183,1009,20201030,20201105,20201030,20201027,,SG124
000001001226,112,20201111,20201113,20201111,20201111,,SG2200
000001001200,100,20201030,20201105,20201030,20201027,,SG29
000001001201,100,20201030,20201103,20201030,20201030,,FG129
000001001202,275,20201031,20201116,20201031,20201030,,MZ-FG-C990
000001001203,97,20201031,20201104,20201031,20201030,,MZ-FG-C950
000001001204,124,20201031,20201104,20201031,20201030,,MZ-FG-C900
000001001205,10,20201102,20201125,20201102,20201102,,FG126
000001001207,10,20201106,20201112,20201102,20201103,,SG224
000001001206,50,20201102,20201106,20201102,20201028,,SG224
000001001208,122,20201102,20201110,20201102,20201102,,MZ-FG-C990
000001001209,113,20201102,20201109,20201102,20201102,,MZ-FG-C950
000001001210,133,20201102,20201109,20201102,20201102,,MZ-FG-C900
000001001441,10,20211102,20211104,00000000,20211102,,FG111
000001001222,6,20201109,20201110,20201109,20201109,,EWMS4-50
000004000200,1,20201109,20201109,20201109,20201109,,
000001001227,111,20201112,20201113,20201111,20201112,,FG29-1
000004000201,1,20201109,20201109,20201109,20201109,,
000001001224,10,20201109,20201110,00000000,20201109,,FG6200
000001001220,110,20201110,20201116,20201109,20201105,,FG29
000004000202,1,20201110,20201110,20201110,20201110,,
000001001225,2800,20201110,20201223,00000000,20201110,,FG129
000004000203,1,20201210,20201210,20201110,20201210,,
000004000204,1,20201210,20201210,20201110,20201210,,
000004000205,1,20201117,20201117,20201110,20201117,,
000004000206,1,20201117,20201117,20201110,20201117,,
000004000208,1,20201110,20201110,00000000,20201110,,
000004000207,1,20201117,20201117,20201110,20201117,,
000002000344,1,20201112,20201113,20201113,20201112,,CM-FL-V00
000001001223,100,20201109,20201110,00000000,20201109,,FG6200
000001001228,100,20201113,20201116,20201113,20201113,,FG6200
000001001182,409,20201030,20201102,20201030,20201030,,FG126
000002000346,1,20210223,20210224,20201111,20210223,,FG227
000001000323,100,20181017,20181023,20181017,20181012,,SG29
000001001442,100,20211102,20211103,00000000,20211102,,FG6200
000001001232,6,20201113,20201116,20201113,20201113,,EWMS4-50
000001001233,7,20201113,20201116,20201113,20201113,,EWMS4-50
000001001445,1,20211130,20211201,20211102,20211130,,EWMS4-50
000001001240,213,20210125,20210208,20210125,20210125,,MZ-FG-C990
000001001241,96,20210125,20210129,20210125,20210125,,MZ-FG-C950
000001001242,474,20210125,20210208,20210125,20210125,,MZ-FG-C900
000001001260,379,20210226,20210317,20210301,20210226,,MZ-FG-C990
000001001261,202,20210226,20210304,20210226,20210226,,MZ-FG-C950
000001001262,147,20210226,20210303,20210226,20210226,,MZ-FG-C900
000001001280,316,20210228,20210317,20210228,20210226,,MZ-FG-C990
000001001281,191,20210228,20210308,20210228,20210226,,MZ-FG-C950
000001001282,355,20210228,20210310,20210228,20210226,,MZ-FG-C900
000001001300,536,20210304,20210330,20210304,20210304,,MZ-FG-C990
000001001301,145,20210304,20210309,20210304,20210304,,MZ-FG-C950
000001001302,292,20210304,20210312,20210304,20210304,,MZ-FG-C900
000001001320,632,20210315,20210414,20210315,20210315,,MZ-FG-C990
000001001321,151,20210315,20210322,20210315,20210315,,MZ-FG-C950
000001001322,270,20210315,20210323,20210315,20210315,,MZ-FG-C900
000001001340,94,20210519,20210526,20210519,20210519,,MZ-FG-C990
000001001341,173,20210519,20210525,20210519,20210519,,MZ-FG-C950
000001001342,151,20210519,20210525,20210519,20210519,,MZ-FG-C900
000001001343,360,20210519,20210607,20210519,20210519,,MZ-FG-C990
000001001344,130,20210519,20210525,20210519,20210519,,MZ-FG-C950
000001001345,162,20210519,20210525,20210519,20210519,,MZ-FG-C900
000001001360,289,20210601,20210617,20210601,20210601,,MZ-FG-C990
000001001361,159,20210601,20210607,20210601,20210601,,MZ-FG-C950
000001001362,487,20210601,20210614,20210601,20210601,,MZ-FG-C900
000001001380,332,20210902,20210920,20210902,20210902,,MZ-FG-C990
000001001381,195,20210902,20210908,20210902,20210902,,MZ-FG-C950
000001001382,226,20210902,20210909,20210902,20210902,,MZ-FG-C900
000001001383,346,20210902,20210920,20210902,20210902,,MZ-FG-C990
000001001384,117,20210902,20210907,20210902,20210902,,MZ-FG-C950
000001001385,153,20210902,20210907,20210902,20210902,,MZ-FG-C900
000001001401,10,20211104,20211108,00000000,20211104,,FG111
000001000320,1000,20211026,20211027,00000000,20211026,,F-10A
000001001402,10,20211109,20211111,00000000,20211109,,FG111
000001001560,100,20211216,20211217,20211122,20211216,,FG29-1
000000700040,1,00000000,00000000,00000000,00000000,,SGJIT01
000000700041,1,00000000,00000000,00000000,00000000,,SGJIT02
000001001404,10,20211104,20211105,20211028,20211104,,FG228
000001001405,490,20211028,20211029,20211028,20211028,,FG126
000001001406,10,20211029,20211104,20211028,20211029,,FG126
000001001407,1,20211028,20211103,20211028,20211025,,SG224
000001001420,20,20211029,20211102,00000000,20211029,,F-10A
000002000560,10,20211029,20211102,00000000,20211029,,F-10A
000001001421,10,20211029,20211102,20211029,20211029,,S-201
000001001820,10,20221124,20221130,00000000,20221121,,SG21
000002000561,10,20211029,20211112,20211029,20211029,,CM-FL-V00
000001001423,10,20211029,20211112,20211029,20211029,,CM-MLFL-KM-VXX
000001001424,10,20211104,20211108,00000000,20211104,,FG111_A
000001001443,100,20211102,20211103,20211102,20211102,,FG6200
000001001444,100,20211102,20211105,20211102,20211027,,SGPCSVT01
000001001221,6,20201113,20201116,20201109,20201113,,EWMS4-50
000001001229,7,20201113,20201116,00000000,20201113,,EWMS4-50
000001001230,7,20201113,20201116,00000000,20201113,,EWMS4-50
000001001231,6,20201113,20201116,00000000,20201113,,EWMS4-50
000001001446,40,20211103,20211104,20211103,20211103,,FG126
000006000080,100,20211103,20211108,20211104,20211103,,FG126
000001001460,100,20211108,20211109,20211108,20211108,,FG6200
000001001461,100,20211108,20211109,20211108,20211108,,FG6200
000004000220,1,20211108,20211108,20211108,20211108,,
000004000221,1,20211108,20211108,20211108,20211108,,
000001001480,233,20211109,20211122,20211109,20211109,,MZ-FG-C990
000001001481,128,20211109,20211115,20211109,20211109,,MZ-FG-C950
000001001482,184,20211109,20211115,20211109,20211109,,MZ-FG-C900
000001001483,233,20211109,20211122,20211109,20211109,,MZ-FG-C990
000001001484,128,20211109,20211115,20211109,20211109,,MZ-FG-C950
000001001485,184,20211109,20211115,20211109,20211109,,MZ-FG-C900
000004000240,1,20211110,20211110,20211110,20211110,,
000004000241,1,20211110,20211110,20211110,20211110,,
000004000242,1,20211112,20211112,00000000,20211112,,
000001001486,118,20211110,20211118,20211110,20211110,,MZ-FG-C990
000001001487,111,20211110,20211115,20211110,20211110,,MZ-FG-C950
000001001488,183,20211110,20211116,20211110,20211110,,MZ-FG-C900
000001001491,10,20211112,20211115,20211111,20211112,,SG234
000001001492,192,20211111,20211122,20211111,20211111,,MZ-FG-C990
000001001493,113,20211111,20211116,20211111,20211111,,MZ-FG-C950
000001001494,98,20211111,20211115,20211111,20211111,,MZ-FG-C900
000001001490,10,20211112,20211115,20211111,20211112,,SG234
000001001495,40,20211111,20211117,20211111,20211108,,SG224
000001001496,100,20211125,20211201,20211111,20211122,,SG224
000004000243,1,20211112,20211112,20211112,20211112,,
000004000244,1,20211112,20211112,20211112,20211112,,
000004000245,1,20211115,20211115,20211112,20211115,,
000004000246,1,20211112,20211112,20211112,20211112,,
000004000247,1,20211112,20211112,20211112,20211112,,
000004000248,1,20211112,20211112,20211112,20211112,,
000004000249,1,20211112,20211112,20211112,20211112,,
000004000250,1,20211112,20211112,20211112,20211112,,
000004000251,1,20211112,20211112,20211112,20211112,,
000004000252,1,20211116,20211116,20211112,20211116,,
000001001538,10,20211122,20211124,20211117,20211122,,FG126
000001001497,10,20211112,20211118,20211112,20211109,,SG21
000001001501,5,20211112,20211118,20211112,20211109,,SG21
000001001500,54,20211217,20211223,20211112,20211214,,SG124
000001001502,1,20211112,20211118,20211112,20211109,,SG21
000001001499,100,20211112,20211115,20211112,20211112,,FG126
000001001503,1,20211108,20211112,20211112,20211103,,SG21
000001001504,50,20211112,20211116,20211112,20211112,,FG126
000001001521,10,20211118,20211122,20211114,20211118,,FG126
000001001522,10,20211118,20211122,20211114,20211118,,FG126
000001001524,1000,20211115,20211119,20211114,20211110,,FG29
000002000721,100,20221108,20221110,00000000,20221108,,FG226
000001001527,100,20211115,20211116,20211115,20211115,,SGPI001-V00
000001001526,100,20211115,20211119,20211115,20211110,,SG124
000001001528,100,20211203,20211206,20211115,20211203,,FG126
000001001489,50,20211111,20211117,20211111,20211108,,SG224
000001001529,100,20211115,20211119,20211115,20211110,,SG21
000001001530,120,20211115,20211119,20211115,20211110,,SG21
000001001531,40,20211115,20211119,20211115,20211110,,SG21
000004000260,1,20211115,20211115,20211115,20211115,,
000001001534,100,20211115,20211119,20211115,20211110,,SG29
000001000761,100,20191016,20191018,20191016,20191016,,SG2200
000001001535,100,20211115,20211117,20211115,20211115,,FG129
000004000261,1,20211116,20211116,00000000,20211116,,
000004000262,1,20211116,20211116,00000000,20211116,,
000004000263,1,20211116,20211116,00000000,20211116,,
000004000264,1,20211116,20211116,00000000,20211116,,
000004000265,1,20211116,20211116,00000000,20211116,,
000004000266,1,20211116,20211116,00000000,20211116,,
000004000428,1,20221116,20221116,20221115,20221116,,
000001001536,10,20211118,20211122,20211116,20211118,,FG126
000001000762,100,20191016,20191018,20191016,20191016,,SG2200
000001001498,100,20211105,20211109,20211112,20211105,,SG2200
000001001780,100,20221104,20221104,20221104,20221104,,
000004000267,1,20211122,20211122,00000000,20211122,,
000004000268,1,20211118,20211118,00000000,20211118,,
000004000269,1,20211118,20211118,00000000,20211118,,
000004000270,1,20211118,20211118,00000000,20211118,,
000004000271,1,20211118,20211118,00000000,20211118,,
000004000272,1,20211118,20211118,00000000,20211118,,
000001001566,1,20220118,20220119,20211122,20220118,,FG29-1
000001001540,90,20211118,20211119,20211118,20211118,,FG29-1
000001001561,1000,20211122,20220321,00000000,20211117,,SG1_CP
000001001562,46,20211122,20211123,00000000,20211122,,FG1_CP
000001001542,100,20220117,20220119,20211119,20220117,,SG2200
000001001543,502,20211210,20211214,20211119,20211210,,SG2200
000001001546,1100,20211203,20211207,20211120,20211203,,SG2200
000001001563,150,20211122,20211123,00000000,20211122,,FG2_CP
000001001564,100,20211123,20220103,20211122,20211123,,FG-FL-MV-V00
000001001565,100,20211203,20211207,20211122,20211203,,SG2200
000001001403,1,20211028,20211029,20211028,20211028,,FG29-1
000004000273,1,20211129,20211129,00000000,20211129,,
000001001545,300,20211230,20220103,20211123,20211230,,SG2200
000004000420,1,20221107,20221107,20221105,20221107,,
000001001567,100,20220414,20220419,20211124,20220414,,FG29-1
000001001568,100,20211124,20211125,20211124,20211124,,FG6200
000001001569,10,20211125,20211201,20211124,20211122,,SG24
000004000280,1,20211124,20211129,20211124,20211124,,
000004000281,1,20211201,20211201,20211124,20211201,,
000004000282,1,20211201,20211201,20211124,20211201,,
000004000283,1,20211124,20211124,20211124,20211124,,
000004000284,1,20211124,20211124,20211124,20211124,,
000004000285,1,20211124,20211124,20211124,20211124,,
000004000286,1,20211129,20211129,20211125,20211129,,
000004000287,1,20211129,20211129,20211125,20211129,,
000004000288,1,20211129,20211129,20211125,20211129,,
000004000289,1,20211129,20211129,20211125,20211129,,
000004000290,1,20211129,20211129,20211125,20211129,,
000004000291,1,20211129,20211129,20211126,20211129,,
000001001580,401,20220223,20220315,20220223,20220223,,MZ-FG-C990
000001001581,133,20220223,20220228,20220223,20220223,,MZ-FG-C950
000001001582,331,20220223,20220304,20220223,20220223,,MZ-FG-C900
000001001583,329,20220223,20220314,20220223,20220223,,MZ-FG-C990
000001001584,155,20220223,20220228,20220223,20220223,,MZ-FG-C950
000001001585,535,20220223,20220309,20220223,20220223,,MZ-FG-C900
000001001600,255,20220224,20220310,20220224,20220224,,MZ-FG-C990
000001001601,59,20220224,20220228,20220224,20220224,,MZ-FG-C950
000001001602,450,20220224,20220308,20220224,20220224,,MZ-FG-C900
000001001620,505,20220304,20220329,20220304,20220304,,MZ-FG-C990
000001001621,163,20220304,20220309,20220304,20220304,,MZ-FG-C950
000001001622,377,20220304,20220314,20220304,20220304,,MZ-FG-C900
000004000300,1,20220315,20220315,20220315,20220315,,
000004000301,1,20220331,20220331,00000000,20220331,,
000004000302,1,20220414,20220414,20220315,20220414,,
000004000540,1,20230316,20230316,20230316,20230316,,
000001001640,1000,20220322,20220331,20220318,20220317,,SG29
000001001642,1000,20220318,20220401,20220318,20220318,,FG129
000004000320,1,20220509,20220509,20220509,20220509,,
000004000340,1,20220523,20220523,20220523,20220523,,
000001001660,168,20220523,20220602,20220523,20220523,,MZ-FG-C990
000001001661,83,20220523,20220527,20220523,20220523,,MZ-FG-C950
000001001662,106,20220523,20220527,20220523,20220523,,MZ-FG-C900
000001001680,63,20220526,20220601,20220526,20220525,,MZ-FG-C990
000001001681,251,20220526,20220602,20220526,20220525,,MZ-FG-C950
000001001682,190,20220526,20220601,20220526,20220525,,MZ-FG-C900
000004000360,1,20220613,20220613,20220609,20220613,,
000004000361,1,20220701,20220701,20220617,20220701,,
000001001700,314,20220628,20220715,20220628,20220628,,MZ-FG-C990
000001001701,176,20220628,20220704,20220628,20220628,,MZ-FG-C950
000001001702,289,20220628,20220706,20220628,20220628,,MZ-FG-C900
000001001703,91,20220701,20220708,20220701,20220701,,MZ-FG-C990
000001001704,85,20220701,20220705,20220701,20220701,,MZ-FG-C950
000001001705,91,20220701,20220705,20220701,20220701,,MZ-FG-C900
000004000380,1,20220929,20220929,20220929,20220929,,
000004000381,1,20220929,20220929,20220929,20220929,,
000004000382,1,20220929,20220929,20220929,20220929,,
000001001720,132,20220929,20221010,20220929,20220929,,MZ-FG-C990
000001001721,220,20220929,20221005,20220929,20220929,,MZ-FG-C950
000001001722,268,20220929,20221007,20220929,20220929,,MZ-FG-C900
000004000444,1,20221118,20221118,20221118,20221118,,
000001001740,233,20221017,20221031,20221017,20221017,,MZ-FG-C990
000001001741,88,20221017,20221021,20221017,20221017,,MZ-FG-C950
000001001742,194,20221017,20221024,20221017,20221017,,MZ-FG-C900
000001001760,100,20221027,20221028,20221028,20221027,,SGPI001-V00
000001001539,101,20221031,20221102,20221031,20221031,,SG2200
000004000401,1,20221031,20221031,20221031,20221031,,
000004000402,1,20221031,20221031,20221031,20221031,,
000001001761,100,20221102,20221103,20221101,20221102,,FG6200
000004000403,1,20221121,20221121,20221102,20221121,,
000004000421,1,20221110,20221110,20221106,20221110,,
000001001782,100,20221107,20221107,20221107,20221107,,
000001001783,100,20221107,20221107,20221107,20221107,,FG6500
000001001762,200,20221103,20221103,20221103,20221103,,SG1010
000001001781,100,20221104,20221104,20221104,20221104,,
000002000720,100,20221102,20221104,00000000,20221102,,FG226
000001000781,1000,20221104,20221107,20191021,20221104,,FG29-1
000004000400,1,20221118,20221118,20221031,20221118,,
000004000404,1,20221110,20221110,20221103,20221110,,
000004000405,1,20221109,20221109,20221103,20221109,,
000004000406,1,20221109,20221109,20221103,20221109,,
000001001525,95,20221108,20221109,20221108,20221108,,FG126
000001001784,100,20221108,20221114,20221108,20221103,,FG29
000001001785,100,20221108,20221110,00000000,20221108,,FG227
000006000100,100,20221110,20221111,20221110,20221110,,FG126
000004000441,1,20221116,20221116,00000000,20221116,,
000004000440,1,20221116,20221116,20221116,20221116,,
000001001794,10,20221115,20221121,20221115,20221110,,SG224
000004000442,1,20221219,20221219,00000000,20221219,,
000001001787,100,20221110,20221116,20221110,20221107,,SG29
000001001788,100,20221110,20221115,20221110,20221110,,FG129
000001001789,100,20221110,20221116,20221110,20221107,,QM006
000004000426,1,20221219,20221219,20221111,20221219,,
000001001790,1314,20221114,20221115,00000000,20221114,,SG234
000001001791,10,20221114,20221115,20221111,20221114,,SG234
000004000427,1,20221122,20221122,20221113,20221122,,
000001001792,10,20221122,20221124,00000000,20221122,,FG111
000001001793,10,20221122,20221124,00000000,20221122,,FG111_A
000000700000,1,00000000,00000000,00000000,00000000,,SG21
000004000429,1,20221117,20221117,20221115,20221117,,
000004000430,1,20221117,20221117,00000000,20221117,,
000004000422,1,20221212,20221214,20221110,20221212,,
000004000423,1,20221212,20221212,20221110,20221212,,
000004000424,1,20221219,20221219,20221110,20221219,,
000004000425,1,20221219,20221219,20221110,20221219,,
000001001422,10,20221117,20221118,20221117,20221117,,F-10A
000004000383,1,20221011,20221118,20221007,20221011,,
000004000446,1,20221118,20221118,20221118,20221118,,
000004000447,1,20221118,20221118,20221118,20221118,,
000004000448,1,20221118,20221118,20221118,20221118,,
000004000445,1,20221121,20221123,20221118,20221121,,
000001001800,100,20221121,20221124,20221120,20221116,,SGPCSVT01
000004000443,1,20221122,20221122,20221117,20221122,,
000001001840,141,20221123,20221202,20221123,20221123,,MZ-FG-C990
000001001841,71,20221123,20221128,20221123,20221123,,MZ-FG-C950
000001001842,128,20221123,20221128,20221123,20221123,,MZ-FG-C900
000004000541,1,20230316,20230316,20230316,20230316,,
000004000460,1,20221128,20221128,20221127,20221128,,
000004000461,1,20221128,20221128,20221127,20221128,,
000004000462,1,20221128,20221128,20221127,20221128,,
000004000464,1,20221227,20221227,20221127,20221227,,
000004000465,1,20221128,20221128,20221127,20221128,,
000004000480,1,20221129,20221129,20221128,20221129,,
000004000481,1,20221128,20221128,20221128,20221128,,
000004000500,1,20230124,20230124,20230124,20230124,,
000004000501,1,20230124,20230124,20230124,20230124,,
000001001860,181,20230130,20230210,20230130,20230130,,MZ-FG-C990
000001001861,181,20230130,20230210,20230130,20230130,,MZ-FG-C990
000001001862,181,20230130,20230210,20230130,20230130,,MZ-FG-C990
000001001863,181,20230130,20230210,20230130,20230130,,MZ-FG-C990
000001001864,181,20230130,20230206,20230130,20230130,,MZ-FG-C950
000001001865,216,20230130,20230206,20230130,20230130,,MZ-FG-C900
000004000520,1,20230208,20230208,20230204,20230208,,
000001001866,303,20230207,20230223,20230207,20230207,,MZ-FG-C990
000001001867,242,20230207,20230214,20230207,20230207,,MZ-FG-C950
000001001868,455,20230207,20230220,20230207,20230207,,MZ-FG-C900
000001001880,255,20230224,20230310,20230224,20230224,,MZ-FG-C990
000001001881,59,20230224,20230228,20230224,20230224,,MZ-FG-C950
000001001882,450,20230224,20230308,20230224,20230224,,MZ-FG-C900
000002000840,1,20230316,20230317,20230315,20230316,,AVC_RBT_ROBOT
000001001900,10,20230315,20230316,20230315,20230315,,FG1_CP
000004000560,1,20230320,20230320,20230320,20230320,,
000004000561,1,20230320,20230320,00000000,20230320,,
000004000562,1,20230321,20230321,20230321,20230321,,
000004000563,1,20230322,20230322,00000000,20230322,,
000004000580,1,20230518,20230518,20230518,20230517,,
000004000581,1,20230518,20230518,20230518,20230517,,
000001001920,168,20230523,20230602,20230523,20230523,,MZ-FG-C990
000001001921,83,20230523,20230530,20230523,20230523,,MZ-FG-C950
000001001922,106,20230523,20230530,20230523,20230523,,MZ-FG-C900
000001001940,616,20230529,20230628,20230529,20230526,,MZ-FG-C990
000001001941,158,20230529,20230605,20230529,20230526,,MZ-FG-C900
000004000600,1,20230609,20230609,20230609,20230609,,
000004000601,1,20230614,20230614,20230610,20230614,,
000001001960,573,20230613,20230711,20230613,20230613,,MZ-FG-C990
000001001961,406,20230613,20230626,20230613,20230613,,MZ-FG-C900
000004000603,1,20230615,20230615,20230615,20230615,,
000004000604,1,20230615,20230615,20230615,20230615,,
000004000605,1,20230615,20230615,20230615,20230615,,
000004000606,1,20230615,20230615,20230615,20230615,,
000004000607,1,20230615,20230615,20230615,20230615,,
000004000608,1,20230615,20230615,20230615,20230615,,
000004000609,1,20230615,20230615,20230615,20230615,,
000004000610,1,20230615,20230615,20230615,20230615,,
000004000611,1,20230615,20230615,20230615,20230615,,
000004000612,1,20230615,20230615,20230615,20230615,,
000004000613,1,20230615,20230615,20230615,20230615,,
000004000620,1,20230619,20230619,00000000,20230619,,
000004000602,1,20230615,20230615,20230615,20230615,,
000004000621,1,20230720,20230720,20230620,20230720,,
000004000640,1,20230814,20230814,20230814,20230814,,
000004000641,1,20230814,20230814,20230814,20230814,,
000004000660,1,20230919,20230919,20230919,20230919,,
000004000680,1,20231011,20231011,20231011,20231011,,
000001001980,224,20231018,20231031,20231018,20231018,,MZ-FG-C990
000001001981,224,20231018,20231031,20231018,20231018,,MZ-FG-C990
000001001982,104,20231018,20231023,20231018,20231018,,MZ-FG-C900
000001002000,200,20231024,20231024,20231024,20231024,,SG1010
000001001786,10,20221114,20221116,20221109,20221114,,FG126
000002000722,10,20240726,20240729,20231024,20240726,,FG227
000001002020,100,20231025,20231026,20231025,20231025,,FG6200
000001000401,15,20231026,20231101,20211026,20231023,,SG224
000001002022,100,20231031,20231102,00000000,20231031,,FG228
000001002021,100,20231026,20231101,20231026,20231023,,SG224
000001002023,920,20231026,20231101,20231026,20231023,,FG29
000001001523,680,20211115,20211119,20211114,20211110,,FG29
000001002024,100,20231026,20231027,20231026,20231026,,SGPI001-V00
000001002025,100,20231027,20231030,20231027,20231027,,FG126
000001001544,100,20211215,20211217,20211119,20211215,,SG2200
000001002040,100,20231030,20231101,20231030,20231030,,SG2200
000001002041,10,20231108,20231109,20231031,20231108,,FG126
000006000120,10,20231101,20231102,20231031,20231101,,FG126
000001002042,245,20231031,20231114,20231031,20231031,,MZ-FG-C990
000001002043,181,20231031,20231106,20231031,20231031,,MZ-FG-C900
000006000121,10,20231102,20231103,20231101,20231102,,FG126
000001002044,100,20231102,20231102,20231102,20231102,,FG6500
000001002045,100,20231102,20231108,20231102,20231030,,FG29
000001002046,100,20231102,20231102,20231102,20231102,,FG6500
000001002047,100,20231102,20231102,20231102,20231102,,FG6500
000004000700,1,20231102,20231102,20231102,20231102,,
000004000702,1,20231109,20231109,20231105,20231109,,
000001002060,100,20231106,20231109,20231106,20231101,,SGPCSVT01
000000700021,1,00000000,00000000,00000000,00000000,,SG233
000000700020,1,00000000,00000000,00000000,00000000,,FG233
000004000701,1,20231107,20231107,20231102,20231107,,
000004000720,1,20231107,20231107,00000000,20231107,,
000002000682,1,20220325,20220328,20220324,20220325,,AVC_RBT_ROBOT
000002000020,1,20171114,20171115,20171113,20171114,,CM-FL-V00
000001002061,10,20231120,20231122,00000000,20231120,,FG111
000004000722,1,20231110,20231110,20231109,20231109,,
000004000721,1,20231109,20231109,20231109,20231109,,
000001002062,10,20231120,20231122,00000000,20231120,,FG111_A
000004000741,1,20231211,20231211,20231111,20231211,,
000001002080,50,20231201,20231204,00000000,20231201,,F-10A
000001002081,10,20231114,20231115,00000000,20231114,,F-10A
000004000760,1,20231116,20231116,20231114,20231116,,
000004000761,1,20231114,20231114,20231114,20231114,,
000001002082,100,20231115,20231121,20231115,20231109,,SG29
000001002083,100,20231115,20231117,20231115,20231115,,FG129
000001002084,100,20231115,20231121,20231115,20231109,,QM006
000001002100,100,20231115,20231120,20231115,20231109,,SGPCSVT01
000004000723,1,20231112,20231114,20231110,20231109,,
000004000780,1,20231115,20231115,00000000,20231115,,
000004000781,1,20231115,20231115,20231115,20231115,,
000001002101,100,20201104,20231117,00000000,20201104,,FG1_CP
000001002102,278,20231116,20231201,20231116,20231116,,MZ-FG-C990
000001002103,138,20231116,20231121,20231116,20231116,,MZ-FG-C900
000004000800,1,20231218,20231218,20231117,20231218,,
000004000802,1,20231127,20231127,20231117,20231127,,
000004000801,1,20231127,20231127,20231117,20231127,,
000004000804,1,20231127,20231127,20231118,20231127,,
000004000803,1,20231120,20231120,20231118,20231120,,
000004000820,1,20231120,20231120,20231120,20231120,,
000004000821,1,20231122,20231122,20231121,20231122,,
000004000822,1,20231127,20231127,20231123,20231127,,
000001002120,2000,20231127,20231226,20231124,20231127,,FG129
000004000823,1,20231127,20231127,20231124,20231127,,
000004000825,1,20231127,20231127,20231124,20231127,,
000004000826,1,20231127,20231127,00000000,20231127,,
000004000824,1,20231127,20231127,20231124,20231127,,
000002000920,1,20231128,20231129,20231125,20231128,,AVC_RBT_ROBOT
000004000840,1,20240221,20240221,20240221,20240221,,
000004000841,1,20240221,20240221,20240221,20240221,,
000004000842,1,20240221,20240221,20240221,20240221,,
000001002140,438,20240301,20240325,20240301,20240301,,MZ-FG-C990
000001002141,215,20240301,20240308,20240301,20240301,,MZ-FG-C900
000004000860,1,20240308,20240308,20240306,20240308,,
000001002160,2201,20240311,20240410,20240311,20240311,,FG129
000001002161,5000,20240311,20240517,20240311,20240311,,FG129
000001001641,200,20240325,20240329,20220318,20240320,,SG29
000001001843,4800,20240311,20240405,20230316,20240306,,SG29
000001002162,4000,20240311,20240503,20240311,20240311,,FG129
000004000880,1,20240313,20240313,20240313,20240313,,
000004000881,1,20240313,20240313,20240313,20240313,,
000004000900,1,20240319,20240319,20240319,20240319,,
000004000901,1,20240319,20240319,20240319,20240319,,
000004000902,1,20240319,20240319,20240319,20240319,,
000004000903,1,20240321,20240321,20240319,20240321,,
000004000904,1,20240422,20240422,20240319,20240422,,
000004000905,1,20240322,20240322,20240322,20240322,,
000004000906,1,20240322,20240322,20240322,20240322,,
000004000907,1,20240322,20240322,20240322,20240322,,
000002000940,1,20240403,20240404,20240402,20240403,,AVC_RBT_ROBOT
000004000920,1,20240408,20240408,20240403,20240408,,
000004000940,1,20240508,20240508,20240508,20240508,,
000004000960,1,20240606,20240606,20240606,20240606,,
000004000980,1,20240708,20240708,20240702,20240708,,
000004001000,1,20240805,20240805,20240801,20240805,,
000004001020,1,20240904,20240904,20240831,20240904,,
000004001040,1,20241004,20241004,20241002,20241004,,
000001002180,248,20241014,20241028,00000000,20241014,,MZ-FG-C990
000001002181,172,20241014,20241021,20241014,20241014,,MZ-FG-C900
000001002200,218,20241017,20241029,20241017,20241017,,MZ-FG-C990
000001002201,166,20241017,20241022,20241017,20241017,,MZ-FG-C900
000004001060,1,20241104,20241104,20241104,20241104,,
000004001061,1,20241104,20241104,20241104,20241104,,
000004001062,1,20241104,20241104,20241104,20241104,,
000004001063,1,20241104,20241104,20241104,20241104,,
000004001064,1,20241104,20241104,20241104,20241104,,
000004001065,1,20241104,20241104,20241104,20241104,,
000004001066,1,20241104,20241104,20241104,20241104,,
000004001067,1,20241104,20241104,20241104,20241104,,
000004001068,1,20241104,20241104,20241104,20241104,,
000004001069,1,20241104,20241104,20241104,20241104,,
000004001070,1,20241104,20241104,20241104,20241104,,
000004001071,1,20241104,20241104,20241104,20241104,,
000004001072,1,20241202,20241202,20241104,20241202,,
000004001074,1,20241202,20241202,20241104,20241202,,
000001002220,185,20241105,20241118,20241105,20241105,,MZ-FG-C990
000001002221,143,20241105,20241112,20241105,20241105,,MZ-FG-C900
000004001080,1,20241108,20241108,20241108,20241108,,
000004001073,1,20241104,20241108,20241104,20241104,,
000004001100,1,20241112,20241112,20241112,20241112,,
000004001123,1,20241113,20241113,20241113,20241113,,
000004001122,1,20241113,20241113,20241113,20241113,,
000004001121,1,20241113,20241113,20241113,20241113,,
000004001120,1,20241113,20241114,20241113,20241113,,
000004001142,1,20241114,20241114,00000000,20241114,,
000004001143,1,20241114,20241114,20241114,20241114,,
000004001141,1,20241114,20241114,20241114,20241114,,
000004001140,1,20241114,20241114,20241114,20241114,,
000001002240,184,20241115,20241126,20241115,20241115,,MZ-FG-C990
000001002241,168,20241115,20241120,20241115,20241115,,MZ-FG-C900
000002000960,1,20241119,20241120,20241117,20241119,,AVC_RBT_ROBOT
000004001160,1,20241203,20241203,20241129,20241203,,
000004001180,1,20250113,20250113,20250113,20250113,,
000001002260,254,20250115,20250129,20250115,20250115,,MZ-FG-C990
000001002261,343,20250115,20250127,20250115,20250115,,MZ-FG-C900
000001002280,239,20250116,20250129,20250116,20250116,,MZ-FG-C990
000001002281,356,20250116,20250127,20250116,20250116,,MZ-FG-C900
000004001200,1,20250203,20250203,20250203,20250203,,
000001002300,421,20250213,20250306,20250213,20250213,,MZ-FG-C990
000001002301,229,20250213,20250220,20250213,20250213,,MZ-FG-C900
000001002320,418,20250219,20250312,20250219,20250219,,MZ-FG-C990
000001002321,244,20250219,20250226,20250219,20250219,,MZ-FG-C900
000004001220,1,20250303,20250303,20250227,20250303,,
000001002340,676,20250311,20250414,20250311,20250311,,MZ-FG-C990
000001002341,357,20250311,20250321,20250311,20250311,,MZ-FG-C900
000001002360,267,20250319,20250403,20250319,20250319,,MZ-FG-C990
000001002361,233,20250319,20250326,20250319,20250319,,MZ-FG-C900
000004001240,1,20250327,20250327,20250327,20250327,,
000004001241,1,20250327,20250327,20250327,20250327,,
000004001242,1,20250327,20250327,20250327,20250327,,
000004001243,1,20250331,20250331,20250327,20250331,,
000004001260,1,20250402,20250402,20250329,20250402,,
000004001280,1,20250331,20250331,20250331,20250331,,
000004001281,1,20250331,20250331,20250331,20250331,,
000004001282,1,20250331,20250331,20250331,20250331,,
000004001283,1,20250331,20250331,20250331,20250331,,
000004001244,1,20250429,20250429,20250327,20250429,,
000004001300,1,20250401,20250401,20250401,20250401,,
000001002380,255,20250402,20250416,20250402,20250402,,MZ-FG-C990
000001002381,213,20250402,20250409,20250402,20250402,,MZ-FG-C900
000004001320,1,20250404,20250404,20250404,20250404,,
000004001321,1,20250404,20250404,20250404,20250404,,
000004001323,1,20250404,20250404,20250404,20250404,,
000004001322,1,20250404,20250404,20250404,20250404,,
000004001324,1,20250404,20250404,20250404,20250404,,
000002000980,1,20250408,20250409,20250405,20250408,,AVC_RBT_ROBOT
000001002400,321,20250407,20250424,20250407,20250407,,MZ-FG-C990
000001002401,284,20250407,20250415,20250407,20250407,,MZ-FG-C900
000004001340,1,20250407,20250407,20250407,20250407,,
000004001341,1,20250407,20250407,20250407,20250407,,
000004001360,1,20250502,20250502,20250429,20250502,,
000001002420,182,20250514,20250527,20250514,20250514,,MZ-FG-C990
000001002421,264,20250514,20250522,20250514,20250514,,MZ-FG-C900
000001002422,94,20250519,20250527,20250519,20250519,,MZ-FG-C990
000001002423,151,20250519,20250527,20250519,20250519,,MZ-FG-C900
000001002440,546,20250605,20250702,20250605,20250605,,MZ-FG-C990
000001002441,271,20250605,20250613,20250605,20250605,,MZ-FG-C900
000001002460,308,20250716,20250801,20250716,20250716,,MZ-FG-C990
000001002461,241,20250716,20250723,20250716,20250716,,MZ-FG-C900
000001002480,336,20250916,20251006,20250916,20250916,,MZ-FG-C990
000001002481,178,20250916,20250922,20250916,20250916,,MZ-FG-C900
000004001380,1,20251020,20251020,20251018,20251020,,
000004001381,1,20251020,20251020,20251018,20251020,,
000004001382,1,20251020,20251020,20251018,20251020,,
000004001383,1,20251020,20251020,20251018,20251020,,
000004001384,1,20251020,20251020,20251018,20251020,,
000001002500,528,20251023,20251118,20251023,20251023,,MZ-FG-C990
000001002501,83,20251023,20251027,20251023,20251023,,MZ-FG-C900
000004001400,1,20251029,20251029,20251025,20251029,,
000001002520,562,20251028,20251124,20251028,20251028,,MZ-FG-C990
000001002521,166,20251028,20251103,20251028,20251028,,MZ-FG-C900
000001002540,371,20251030,20251118,20251030,20251030,,MZ-FG-C990
000001002541,203,20251030,20251105,20251030,20251030,,MZ-FG-C900
000004001440,1,20251104,20251104,20251104,20251104,,
000004001441,1,20251104,20251104,20251104,20251104,,
000004001460,1,20251105,20251105,20251105,20251105,,
000004001461,1,20251105,20251105,20251105,20251105,,
000001002560,172,20251106,20251117,20251106,20251106,,MZ-FG-C990
000001002561,153,20251106,20251112,20251106,20251106,,MZ-FG-C900
000002001000,300,20251125,20251201,00000000,20251125,,FG2_DS
000001002580,300,20251117,20251126,00000000,20251112,,SG2_DS
000002001020,1,20251113,20251114,20251111,20251113,,AVC_RBT_ROBOT
000004001480,1,20251113,20251113,20251113,20251113,,
000004001481,1,20251113,20251113,20251113,20251113,,
000004001482,1,20251113,20251113,20251113,20251113,,
000004001420,1,20251028,20251028,20251113,20251028,,
000004001500,1,20251114,20251114,20251114,20251114,,
000004001520,1,20251117,20251117,20251117,20251117,,
000004001521,1,20251117,20251117,20251117,20251117,,
000004001522,1,20251201,20251201,20251117,20251201,,
000001002601,150,20251118,20251121,00000000,20251118,,FG1_DS
000001002600,150,20251118,20251121,00000000,20251118,,FG1_DS
000001002602,150,20251119,20251124,00000000,20251119,,FG1_DS
000001002620,167,20251120,20251201,20251120,20251120,,MZ-FG-C990
000001002621,139,20251120,20251125,20251120,20251120,,MZ-FG-C900
000004001540,1,20251201,20251201,20251124,20251201,,
000004001560,1,20260309,20260309,20260309,20260309,,
000004001561,1,20260309,20260309,20260309,20260309,,
000004001562,1,20260309,20260309,20260309,20260309,,
000004001580,1,20260330,20260330,20260324,20260330,,
