OBJID,ARBPL,WERKS,VERWE,KAPID
10000002,PACK01,1710,0001,10000002
10000039,PACKING,1010,0008,10000053
10000011,WORK,1710,0001,10000015
10000003,PACK02,1710,0001,10000003
10000004,WINDING,1710,0007,10000004
10000005,BOTTLING,1710,0008,10000005
10000006,MIXING,1710,0008,10000007
10000007,TOT_PLNT,1710,0001,10000009
10000008,DISCR_MF,1710,0001,10000010
10000009,PVRSN_MF,1710,0001,10000012
10000010,TECHNIC,1710,0001,10000014
10000001,TESTING,1710,0001,10000001
10000012,PACKING,1710,0008,10000017
10000014,RES-0200,1710,0005,10000024
10000015,RES-0300,1710,0005,10000025
10000016,QMLABS,1710,0001,00000000
10000017,FIN1,1710,0001,10000026
10000018,FIN2,1710,0001,10000027
10000019,SUB1,1710,0001,10000028
10000020,PRE1,1710,0001,10000029
10000021,Z_ASM1,1710,0007,10000030
10000022,Z_INSP1,1710,0007,10000031
10000023,Z_ASM2,1710,0007,10000032
10000024,Z_INSP2,1710,0007,10000033
10000025,Z_ASM3,1710,0007,10000034
10000026,Z_INSP3,1710,0007,10000035
10000027,ASSEMBLY,1010,0001,10000036
10000028,TESTING,1010,0001,10000037
10000029,PACK01,1010,0001,10000038
10000030,PACK02,1010,0001,10000039
10000031,WINDING,1010,0007,10000040
10000032,BOTTLING,1010,0008,10000041
10000033,MIXING,1010,0008,10000043
10000034,TOT_PLNT,1010,0001,10000045
10000035,DISCR_MF,1010,0001,10000046
10000036,PVRSN_MF,1010,0001,10000048
10000037,TECHNIC,1010,0001,10000050
10000038,WORK,1010,0001,10000051
10000097,MIX_1,1010,0008,10000157
10000040,RES-0100,1010,0005,10000059
10000041,RES-0200,1010,0005,10000060
10000042,RES-0300,1010,0005,10000061
10000043,QMLABS,1010,0001,00000000
10000044,FIN1,1010,0001,10000062
10000045,FIN2,1010,0001,10000063
10000046,SUB1,1010,0001,10000064
10000047,PRE1,1010,0001,10000065
10000068,ASSEMBLE,1010,0001,10000104
10000069,TURNING9,1010,0001,10000105
10000070,ASSPKG9,1010,0001,10000107
10000071,BOT01_CP,1010,0008,10000109
10000072,BOT02_CP,1010,0008,10000111
10000073,MIX01_CP,1010,0008,10000113
10000074,PAC01_CP,1010,0008,10000115
10000075,PAC02_CP,1010,0008,10000117
10000076,RES-1010,1010,0008,10000119
10000077,RES-1020,1010,0008,10000121
10000078,RES-1030,1010,0008,10000123
10000079,RES-SILO,1010,0008,10000125
10000080,RES-FILL,1010,0008,10000127
10000081,TURNING9,1710,0001,10000129
10000082,ASSPKG9,1710,0001,10000131
10000083,BOT01_CP,1710,0008,10000133
10000084,BOT02_CP,1710,0008,10000135
10000085,MIX01_CP,1710,0008,10000137
10000086,PAC01_CP,1710,0008,10000139
10000087,PAC02_CP,1710,0008,10000141
10000088,RES-1010,1710,0008,10000143
10000089,RES-1020,1710,0008,10000145
10000090,RES-1030,1710,0008,10000147
10000091,RES-SILO,1710,0008,10000149
10000092,RES-FILL,1710,0008,10000151
10000094,BODYSHOP,1710,0007,10000154
10000096,RES-0400,1710,0005,10000156
10000098,PKG_1,1010,0008,10000159
10000099,MIX_1,1710,0008,10000161
10000100,PKG_1,1710,0008,10000163
10000093,BODYSHOP,1010,0007,10000153
10000000,ASSEMBLY,1710,0001,10000000
10000048,ASSEMBLE,1710,0001,10000066
10000049,BOTTLIN1,1710,0001,10000069
10000050,MIXING1,1710,0001,10000071
10000051,PACKING1,1710,0001,10000073
10000052,TURNING1,1710,0001,10000075
10000054,DRILING,1710,0001,10000079
10000055,FINICLN,1710,0001,10000081
10000053,TURNING2,1710,0001,10000077
10000057,MEASSY,1710,9000,10000085
10000058,BOTTLIN1,1010,0001,10000086
10000059,MIXING1,1010,0001,10000088
10000060,PACKING1,1010,0001,10000090
10000061,TURNING1,1010,0001,10000092
10000062,TURNING2,1010,0001,10000094
10000063,DRILING,1010,0001,10000096
10000064,FINICLN,1010,0001,10000098
10000065,ASSPKG,1010,0001,10000100
10000066,MEASSY,1010,9000,10000102
10000067,TESTRES,1010,0009,00000000
10000095,RES-0400,1010,0005,10000155
10000013,RES-0100,1710,0005,10000023
10000101,FORP-PM,FORP,0005,00000000
10000102,FOBP-PM,FOBP,0005,00000000
10000056,ASSPKG,1710,0001,10000083
10000104,RES-0500,1710,0005,10000166
10000105,ASM1,1010,0001,10000167
10000106,RES-0500,1010,0005,10000168
10000108,SS-INSP,1010,0001,10000170
10000107,SS-ASSY,1010,0001,10000169
10000109,SA-COMPR,1010,0001,10000171
10000110,SA-REPAR,1010,0001,10000172
10000111,SA-FITFH,1010,0001,10000173
10000112,ASM1_DS,1010,0001,10000174
10000113,ASM2_DS,1010,0001,10000175
10000114,TURN1_DS,1010,0001,10000176
10000115,TURN2_DS,1010,0001,10000177
10000116,ASM3_DS,1010,0001,10000178
10000117,TURN3_DS,1010,0001,10000179
10000118,ASM1,1710,0001,10000180
10000119,SS-ASSY,1710,0001,10000181
10000120,SS-INSP,1710,0001,10000182
10000121,SA-COMPR,1710,0001,10000183
10000122,SA-REPAR,1710,0001,10000184
10000123,SA-FITFH,1710,0001,10000185
10000126,TURN1_DS,1710,0001,10000188
10000127,TURN2_DS,1710,0001,10000189
10000128,ASM3_DS,1710,0001,10000190
10000129,TURN3_DS,1710,0001,10000191
10000000,ASSEMBLY,1010,0001,10000000
10000001,TESTING,1010,0001,10000001
10000002,PACK01,1010,0001,10000002
10000003,PACK02,1010,0001,10000003
10000004,WINDING,1010,0007,10000004
10000005,BOTTLING,1010,0008,10000005
10000006,MIXING,1010,0008,10000007
10000007,TOT_PLNT,1010,0001,10000009
10000008,DISCR_MF,1010,0001,10000010
10000009,PVRSN_MF,1010,0001,10000012
10000010,TECHNIC,1010,0001,10000014
10000011,WORK,1010,0001,10000015
10000012,PACKING,1010,0008,10000017
10000013,RES-0100,1010,0005,10000019
10000014,RES-0200,1010,0005,10000020
10000015,RES-0300,1010,0005,10000021
10000016,RES-0400,1010,0005,10000022
10000017,QMLABS,1010,0001,00000000
10000018,BOTTLIN1,1010,0001,10000023
10000019,MIXING1,1010,0001,10000025
10000020,PACKING1,1010,0001,10000027
10000021,ASSEMBLE,1010,0001,10000029
10000022,ASM1,1010,0001,10000030
10000023,FIN1,1010,0001,10000031
10000024,FIN2,1010,0001,10000032
10000025,SUB1,1010,0001,10000033
10000026,PRE1,1010,0001,10000034
10000027,TURNING1,1010,0001,10000035
10000028,TURNING2,1010,0001,10000037
10000029,DRILING,1010,0001,10000039
10000030,FINICLN,1010,0001,10000041
10000031,ASSPKG,1010,0001,10000043
10000032,TURNING9,1010,0001,10000045
10000033,ASSPKG9,1010,0001,10000047
10000034,BOT01_CP,1010,0008,10000049
10000035,BOT02_CP,1010,0008,10000051
10000036,MIX01_CP,1010,0008,10000053
10000037,PAC01_CP,1010,0008,10000055
10000038,PAC02_CP,1010,0008,10000057
10000039,BODYSHOP,1010,0007,10000059
10000040,RES-1010,1010,0008,10000060
10000041,RES-1020,1010,0008,10000062
10000042,RES-1030,1010,0008,10000064
10000043,RES-SILO,1010,0008,10000066
10000044,RES-FILL,1010,0008,10000068
10000045,RES-0500,1010,0005,10000070
10000046,MIX_1,1010,0008,10000071
10000047,PKG_1,1010,0008,10000073
10000048,SS-ASSY,1010,0001,10000075
10000049,SS-INSP,1010,0001,10000076
10000050,SA-COMPR,1010,0001,10000077
10000051,SA-REPAR,1010,0001,10000078
10000052,SA-FITFH,1010,0001,10000079
10000053,ASM1_DS,1010,0001,10000080
10000054,ASM2_DS,1010,0001,10000081
10000055,TURN1_DS,1010,0001,10000082
10000056,TURN2_DS,1010,0001,10000083
10000057,ASM3_DS,1010,0001,10000084
10000058,TURN3_DS,1010,0001,10000085
10000059,ASSEMBLY,1710,0001,10000086
10000060,TESTING,1710,0001,10000087
10000061,PACK01,1710,0001,10000088
10000062,PACK02,1710,0001,10000089
10000063,WINDING,1710,0007,10000090
10000064,BOTTLING,1710,0008,10000091
10000065,MIXING,1710,0008,10000093
10000066,TOT_PLNT,1710,0001,10000095
10000067,DISCR_MF,1710,0001,10000096
10000068,PVRSN_MF,1710,0001,10000098
10000069,TECHNIC,1710,0001,10000100
10000070,WORK,1710,0001,10000101
10000071,PACKING,1710,0008,10000103
10000072,RES-0100,1710,0005,10000105
10000073,RES-0200,1710,0005,10000106
10000074,RES-0300,1710,0005,10000107
10000075,RES-0400,1710,0005,10000108
10000076,QMLABS,1710,0001,00000000
10000077,BOTTLIN1,1710,0001,10000109
10000078,MIXING1,1710,0001,10000111
10000079,PACKING1,1710,0001,10000113
10000080,ASSEMBLE,1710,0001,10000115
10000081,ASM1,1710,0001,10000116
10000082,FIN1,1710,0001,10000117
10000083,FIN2,1710,0001,10000118
10000084,SUB1,1710,0001,10000119
10000085,PRE1,1710,0001,10000120
10000086,TURNING1,1710,0001,10000121
10000087,TURNING2,1710,0001,10000123
10000088,DRILING,1710,0001,10000125
10000089,FINICLN,1710,0001,10000127
10000090,ASSPKG,1710,0001,10000129
10000091,TURNING9,1710,0001,10000131
10000092,ASSPKG9,1710,0001,10000133
10000093,BOT01_CP,1710,0008,10000135
10000094,BOT02_CP,1710,0008,10000137
10000095,MIX01_CP,1710,0008,10000139
10000096,PAC01_CP,1710,0008,10000141
10000097,PAC02_CP,1710,0008,10000143
10000098,BODYSHOP,1710,0007,10000145
10000099,RES-1010,1710,0008,10000146
10000100,RES-1020,1710,0008,10000148
10000101,RES-1030,1710,0008,10000150
10000102,RES-SILO,1710,0008,10000152
10000103,RES-FILL,1710,0008,10000154
10000104,RES-0500,1710,0005,10000156
10000105,MIX_1,1710,0008,10000157
10000106,PKG_1,1710,0008,10000159
10000107,SS-ASSY,1710,0001,10000161
10000108,SS-INSP,1710,0001,10000162
10000109,SA-COMPR,1710,0001,10000163
10000110,SA-REPAR,1710,0001,10000164
10000111,SA-FITFH,1710,0001,10000165
10000112,ASM1_DS,1710,0001,10000166
10000113,ASM2_DS,1710,0001,10000167
10000114,TURN1_DS,1710,0001,10000168
10000115,TURN2_DS,1710,0001,10000169
10000116,ASM3_DS,1710,0001,10000170
10000117,TURN3_DS,1710,0001,10000171
10000118,ASSEMBLY,6410,0001,10000172
10000119,TESTING,6410,0001,10000173
10000120,PACK01,6410,0001,10000174
10000121,PACK02,6410,0001,10000175
10000122,WINDING,6410,0007,10000176
10000123,BOTTLING,6410,0008,10000177
10000124,MIXING,6410,0008,10000179
10000125,TOT_PLNT,6410,0001,10000181
10000126,DISCR_MF,6410,0001,10000182
10000127,PVRSN_MF,6410,0001,10000184
10000128,TECHNIC,6410,0001,10000186
10000129,WORK,6410,0001,10000187
10000130,PACKING,6410,0008,10000189
10000131,RES-0100,6410,0005,10000191
10000132,RES-0200,6410,0005,10000192
10000133,RES-0300,6410,0005,10000193
10000134,RES-0400,6410,0005,10000194
10000135,QMLABS,6410,0001,00000000
10000136,BOTTLIN1,6410,0001,10000195
10000137,MIXING1,6410,0001,10000197
10000138,PACKING1,6410,0001,10000199
10000139,ASSEMBLE,6410,0001,10000201
10000140,ASM1,6410,0001,10000202
10000141,FIN1,6410,0001,10000203
10000142,FIN2,6410,0001,10000204
10000143,SUB1,6410,0001,10000205
10000144,PRE1,6410,0001,10000206
10000145,TURNING1,6410,0001,10000207
10000146,TURNING2,6410,0001,10000209
10000147,DRILING,6410,0001,10000211
10000148,FINICLN,6410,0001,10000213
10000149,ASSPKG,6410,0001,10000215
10000150,TURNING9,6410,0001,10000217
10000151,ASSPKG9,6410,0001,10000219
10000152,BOT01_CP,6410,0008,10000221
10000153,BOT02_CP,6410,0008,10000223
10000154,MIX01_CP,6410,0008,10000225
10000155,PAC01_CP,6410,0008,10000227
10000156,PAC02_CP,6410,0008,10000229
10000157,BODYSHOP,6410,0007,10000231
10000158,RES-1010,6410,0008,10000232
10000159,RES-1020,6410,0008,10000234
10000160,RES-1030,6410,0008,10000236
10000161,RES-SILO,6410,0008,10000238
10000162,RES-FILL,6410,0008,10000240
10000163,ASSEMBLY,6310,0001,10000242
10000164,TESTING,6310,0001,10000243
10000165,PACK01,6310,0001,10000244
10000166,PACK02,6310,0001,10000245
10000167,WINDING,6310,0007,10000246
10000168,BOTTLING,6310,0008,10000247
10000169,MIXING,6310,0008,10000249
10000170,TOT_PLNT,6310,0001,10000251
10000171,DISCR_MF,6310,0001,10000252
10000172,PVRSN_MF,6310,0001,10000254
10000173,TECHNIC,6310,0001,10000256
10000174,WORK,6310,0001,10000257
10000175,PACKING,6310,0008,10000259
10000176,RES-0100,6310,0005,10000261
10000177,RES-0200,6310,0005,10000262
10000178,RES-0300,6310,0005,10000263
10000179,RES-0400,6310,0005,10000264
10000180,QMLABS,6310,0001,00000000
10000181,BOTTLIN1,6310,0001,10000265
10000182,MIXING1,6310,0001,10000267
10000183,PACKING1,6310,0001,10000269
10000184,ASSEMBLE,6310,0001,10000271
10000185,ASM1,6310,0001,10000272
10000186,FIN1,6310,0001,10000273
10000187,FIN2,6310,0001,10000274
10000188,SUB1,6310,0001,10000275
10000189,PRE1,6310,0001,10000276
10000190,TURNING1,6310,0001,10000277
10000191,TURNING2,6310,0001,10000279
10000192,DRILING,6310,0001,10000281
10000193,FINICLN,6310,0001,10000283
10000194,ASSPKG,6310,0001,10000285
10000195,TURNING9,6310,0001,10000287
10000196,ASSPKG9,6310,0001,10000289
10000197,BOT01_CP,6310,0008,10000291
10000198,BOT02_CP,6310,0008,10000293
10000199,MIX01_CP,6310,0008,10000295
10000200,PAC01_CP,6310,0008,10000297
10000201,PAC02_CP,6310,0008,10000299
10000202,BODYSHOP,6310,0007,10000301
10000203,RES-1010,6310,0008,10000302
10000204,RES-1020,6310,0008,10000304
10000205,RES-1030,6310,0008,10000306
10000206,RES-SILO,6310,0008,10000308
10000207,RES-FILL,6310,0008,10000310
10000208,ASSEMBLY,3610,0001,10000312
10000209,TESTING,3610,0001,10000313
10000210,PACK01,3610,0001,10000314
10000211,PACK02,3610,0001,10000315
10000212,WINDING,3610,0007,10000316
10000213,BOTTLING,3610,0008,10000317
10000214,MIXING,3610,0008,10000319
10000215,TOT_PLNT,3610,0001,10000321
10000216,DISCR_MF,3610,0001,10000322
10000217,PVRSN_MF,3610,0001,10000324
10000218,TECHNIC,3610,0001,10000326
10000219,WORK,3610,0001,10000327
10000220,PACKING,3610,0008,10000329
10000221,RES-0100,3610,0005,10000331
10000222,RES-0200,3610,0005,10000332
10000223,RES-0300,3610,0005,10000333
10000224,RES-0400,3610,0005,10000334
10000225,QMLABS,3610,0001,00000000
10000226,BOTTLIN1,3610,0001,10000335
10000227,MIXING1,3610,0001,10000337
10000228,PACKING1,3610,0001,10000339
10000229,ASSEMBLE,3610,0001,10000341
10000230,FIN1,3610,0001,10000342
10000231,FIN2,3610,0001,10000343
10000232,SUB1,3610,0001,10000344
10000233,PRE1,3610,0001,10000345
10000234,TURNING1,3610,0001,10000346
10000235,TURNING2,3610,0001,10000348
10000236,DRILING,3610,0001,10000350
10000237,FINICLN,3610,0001,10000352
10000238,ASSPKG,3610,0001,10000354
10000239,TURNING9,3610,0001,10000356
10000240,ASSPKG9,3610,0001,10000358
10000241,BOT01_CP,3610,0008,10000360
10000242,BOT02_CP,3610,0008,10000362
10000243,MIX01_CP,3610,0008,10000364
10000244,PAC01_CP,3610,0008,10000366
10000245,PAC02_CP,3610,0008,10000368
10000246,BODYSHOP,3610,0007,10000370
10000247,RES-1010,3610,0008,10000371
10000248,RES-1020,3610,0008,10000373
10000249,RES-1030,3610,0008,10000375
10000250,RES-SILO,3610,0008,10000377
10000251,RES-FILL,3610,0008,10000379
10000252,ASSEMBLY,6810,0001,10000381
10000253,TESTING,6810,0001,10000382
10000254,PACK01,6810,0001,10000383
10000255,PACK02,6810,0001,10000384
10000256,WINDING,6810,0007,10000385
10000257,BOTTLING,6810,0008,10000386
10000258,MIXING,6810,0008,10000388
10000259,TOT_PLNT,6810,0001,10000390
10000260,DISCR_MF,6810,0001,10000391
10000261,PVRSN_MF,6810,0001,10000393
10000262,TECHNIC,6810,0001,10000395
10000263,WORK,6810,0001,10000396
10000264,PACKING,6810,0008,10000398
10000265,RES-0100,6810,0005,10000400
10000266,RES-0200,6810,0005,10000401
10000267,RES-0300,6810,0005,10000402
10000268,RES-0400,6810,0005,10000403
10000269,QMLABS,6810,0001,00000000
10000270,BOTTLIN1,6810,0001,10000404
10000271,MIXING1,6810,0001,10000406
10000272,PACKING1,6810,0001,10000408
10000273,ASSEMBLE,6810,0001,10000410
10000274,FIN1,6810,0001,10000411
10000275,FIN2,6810,0001,10000412
10000276,SUB1,6810,0001,10000413
10000277,PRE1,6810,0001,10000414
10000278,TURNING1,6810,0001,10000415
10000279,TURNING2,6810,0001,10000417
10000280,DRILING,6810,0001,10000419
10000281,FINICLN,6810,0001,10000421
10000282,ASSPKG,6810,0001,10000423
10000283,TURNING9,6810,0001,10000425
10000284,ASSPKG9,6810,0001,10000427
10000285,BOT01_CP,6810,0008,10000429
10000286,BOT02_CP,6810,0008,10000431
10000287,MIX01_CP,6810,0008,10000433
10000288,PAC01_CP,6810,0008,10000435
10000289,PAC02_CP,6810,0008,10000437
10000290,BODYSHOP,6810,0007,10000439
10000291,RES-1010,6810,0008,10000440
10000292,RES-1020,6810,0008,10000442
10000293,RES-1030,6810,0008,10000444
10000294,RES-SILO,6810,0008,10000446
10000295,RES-FILL,6810,0008,10000448
10000296,ASSEMBLY,2710,0001,10000450
10000297,TESTING,2710,0001,10000451
10000298,PACK01,2710,0001,10000452
10000299,PACK02,2710,0001,10000453
10000300,WINDING,2710,0007,10000454
10000301,BOTTLING,2710,0008,10000455
10000302,MIXING,2710,0008,10000457
10000303,TOT_PLNT,2710,0001,10000459
10000304,DISCR_MF,2710,0001,10000460
10000305,PVRSN_MF,2710,0001,10000462
10000306,TECHNIC,2710,0001,10000464
10000307,WORK,2710,0001,10000465
10000308,PACKING,2710,0008,10000467
10000309,RES-0100,2710,0005,10000469
10000310,RES-0200,2710,0005,10000470
10000311,RES-0300,2710,0005,10000471
10000312,RES-0400,2710,0005,10000472
10000313,QMLABS,2710,0001,00000000
10000314,BOTTLIN1,2710,0001,10000473
10000315,MIXING1,2710,0001,10000475
10000316,PACKING1,2710,0001,10000477
10000317,ASSEMBLE,2710,0001,10000479
10000318,FIN1,2710,0001,10000480
10000319,FIN2,2710,0001,10000481
10000320,SUB1,2710,0001,10000482
10000321,PRE1,2710,0001,10000483
10000322,TURNING1,2710,0001,10000484
10000323,TURNING2,2710,0001,10000486
10000324,DRILING,2710,0001,10000488
10000325,FINICLN,2710,0001,10000490
10000326,ASSPKG,2710,0001,10000492
10000327,TURNING9,2710,0001,10000494
10000328,ASSPKG9,2710,0001,10000496
10000329,BOT01_CP,2710,0008,10000498
10000330,BOT02_CP,2710,0008,10000500
10000331,MIX01_CP,2710,0008,10000502
10000332,PAC01_CP,2710,0008,10000504
10000333,PAC02_CP,2710,0008,10000506
10000334,BODYSHOP,2710,0007,10000508
10000335,RES-1010,2710,0008,10000509
10000336,RES-1020,2710,0008,10000511
10000337,RES-1030,2710,0008,10000513
10000338,RES-SILO,2710,0008,10000515
10000339,RES-FILL,2710,0008,10000517
10000340,ASSEMBLY,6110,0001,10000519
10000341,TESTING,6110,0001,10000520
10000342,PACK01,6110,0001,10000521
10000343,PACK02,6110,0001,10000522
10000344,WINDING,6110,0007,10000523
10000345,BOTTLING,6110,0008,10000524
10000346,MIXING,6110,0008,10000526
10000347,TOT_PLNT,6110,0001,10000528
10000348,DISCR_MF,6110,0001,10000529
10000349,PVRSN_MF,6110,0001,10000531
10000350,TECHNIC,6110,0001,10000533
10000351,WORK,6110,0001,10000534
10000352,PACKING,6110,0008,10000536
10000353,RES-0100,6110,0005,10000538
10000354,RES-0200,6110,0005,10000539
10000355,RES-0300,6110,0005,10000540
10000356,RES-0400,6110,0005,10000541
10000357,QMLABS,6110,0001,00000000
10000358,BOTTLIN1,6110,0001,10000542
10000359,MIXING1,6110,0001,10000544
10000360,PACKING1,6110,0001,10000546
10000361,ASSEMBLE,6110,0001,10000548
10000362,ASM1,6110,0001,10000549
10000363,FIN1,6110,0001,10000550
10000364,FIN2,6110,0001,10000551
10000365,SUB1,6110,0001,10000552
10000366,PRE1,6110,0001,10000553
10000367,TURNING1,6110,0001,10000554
10000368,TURNING2,6110,0001,10000556
10000369,DRILING,6110,0001,10000558
10000370,FINICLN,6110,0001,10000560
10000371,ASSPKG,6110,0001,10000562
10000372,TURNING9,6110,0001,10000564
10000373,ASSPKG9,6110,0001,10000566
10000374,BOT01_CP,6110,0008,10000568
10000375,BOT02_CP,6110,0008,10000570
10000376,MIX01_CP,6110,0008,10000572
10000377,PAC01_CP,6110,0008,10000574
10000378,PAC02_CP,6110,0008,10000576
10000379,BODYSHOP,6110,0007,10000578
10000380,RES-1010,6110,0008,10000579
10000381,RES-1020,6110,0008,10000581
10000382,RES-1030,6110,0008,10000583
10000383,RES-SILO,6110,0008,10000585
10000384,RES-FILL,6110,0008,10000587
10000385,ASSEMBLY,1910,0001,10000589
10000386,TESTING,1910,0001,10000590
10000387,PACK01,1910,0001,10000591
10000388,PACK02,1910,0001,10000592
10000389,WINDING,1910,0007,10000593
10000390,BOTTLING,1910,0008,10000594
10000391,MIXING,1910,0008,10000596
10000392,TOT_PLNT,1910,0001,10000598
10000393,DISCR_MF,1910,0001,10000599
10000394,PVRSN_MF,1910,0001,10000601
10000395,TECHNIC,1910,0001,10000603
10000396,WORK,1910,0001,10000604
10000397,PACKING,1910,0008,10000606
10000398,RES-0100,1910,0005,10000608
10000399,RES-0200,1910,0005,10000609
10000400,RES-0300,1910,0005,10000610
10000401,RES-0400,1910,0005,10000611
10000402,QMLABS,1910,0001,00000000
10000403,BOTTLIN1,1910,0001,10000612
10000404,MIXING1,1910,0001,10000614
10000405,PACKING1,1910,0001,10000616
10000406,ASSEMBLE,1910,0001,10000618
10000407,ASM1,1910,0001,10000619
10000408,FIN1,1910,0001,10000620
10000409,FIN2,1910,0001,10000621
10000410,SUB1,1910,0001,10000622
10000411,PRE1,1910,0001,10000623
10000412,TURNING1,1910,0001,10000624
10000413,TURNING2,1910,0001,10000626
10000414,DRILING,1910,0001,10000628
10000415,FINICLN,1910,0001,10000630
10000416,ASSPKG,1910,0001,10000632
10000417,TURNING9,1910,0001,10000634
10000418,ASSPKG9,1910,0001,10000636
10000419,BOT01_CP,1910,0008,10000638
10000420,BOT02_CP,1910,0008,10000640
10000421,MIX01_CP,1910,0008,10000642
10000422,PAC01_CP,1910,0008,10000644
10000423,PAC02_CP,1910,0008,10000646
10000424,BODYSHOP,1910,0007,10000648
10000425,RES-1010,1910,0008,10000649
10000426,RES-1020,1910,0008,10000651
10000427,RES-1030,1910,0008,10000653
10000428,RES-SILO,1910,0008,10000655
10000429,RES-FILL,1910,0008,10000657
10000430,ASSEMBLY,5910,0001,10000659
10000431,TESTING,5910,0001,10000660
10000432,PACK01,5910,0001,10000661
10000433,PACK02,5910,0001,10000662
10000434,WINDING,5910,0007,10000663
10000435,BOTTLING,5910,0008,10000664
10000436,MIXING,5910,0008,10000666
10000437,TOT_PLNT,5910,0001,10000668
10000438,DISCR_MF,5910,0001,10000669
10000439,PVRSN_MF,5910,0001,10000671
10000440,TECHNIC,5910,0001,10000673
10000441,WORK,5910,0001,10000674
10000442,PACKING,5910,0008,10000676
10000443,RES-0100,5910,0005,10000678
10000444,RES-0200,5910,0005,10000679
10000445,RES-0300,5910,0005,10000680
10000446,RES-0400,5910,0005,10000681
10000447,QMLABS,5910,0001,00000000
10000448,BOTTLIN1,5910,0001,10000682
10000449,MIXING1,5910,0001,10000684
10000450,PACKING1,5910,0001,10000686
10000451,ASSEMBLE,5910,0001,10000688
10000452,FIN1,5910,0001,10000689
10000453,FIN2,5910,0001,10000690
10000454,SUB1,5910,0001,10000691
10000455,PRE1,5910,0001,10000692
10000456,TURNING1,5910,0001,10000693
10000457,TURNING2,5910,0001,10000695
10000458,DRILING,5910,0001,10000697
10000459,FINICLN,5910,0001,10000699
10000460,ASSPKG,5910,0001,10000701
10000461,TURNING9,5910,0001,10000703
10000462,ASSPKG9,5910,0001,10000705
10000463,BOT01_CP,5910,0008,10000707
10000464,BOT02_CP,5910,0008,10000709
10000465,MIX01_CP,5910,0008,10000711
10000466,PAC01_CP,5910,0008,10000713
10000467,PAC02_CP,5910,0008,10000715
10000468,ASSEMBLY,1610,0001,10000717
10000469,TESTING,1610,0001,10000718
10000470,PACK01,1610,0001,10000719
10000471,PACK02,1610,0001,10000720
10000472,WINDING,1610,0007,10000721
10000473,BOTTLING,1610,0008,10000722
10000474,MIXING,1610,0008,10000724
10000475,TOT_PLNT,1610,0001,10000726
10000476,DISCR_MF,1610,0001,10000727
10000477,PVRSN_MF,1610,0001,10000729
10000478,TECHNIC,1610,0001,10000731
10000479,WORK,1610,0001,10000732
10000480,PACKING,1610,0008,10000734
10000481,RES-0100,1610,0005,10000736
10000482,RES-0200,1610,0005,10000737
10000483,RES-0300,1610,0005,10000738
10000484,RES-0400,1610,0005,10000739
10000485,QMLABS,1610,0001,00000000
10000486,BOTTLIN1,1610,0001,10000740
10000487,MIXING1,1610,0001,10000742
10000488,PACKING1,1610,0001,10000744
10000489,ASSEMBLE,1610,0001,10000746
10000490,ASM1,1610,0001,10000747
10000491,FIN1,1610,0001,10000748
10000492,FIN2,1610,0001,10000749
10000493,SUB1,1610,0001,10000750
10000494,PRE1,1610,0001,10000751
10000495,TURNING1,1610,0001,10000752
10000496,TURNING2,1610,0001,10000754
10000497,DRILING,1610,0001,10000756
10000498,FINICLN,1610,0001,10000758
10000499,ASSPKG,1610,0001,10000760
10000500,TURNING9,1610,0001,10000762
10000501,ASSPKG9,1610,0001,10000764
10000502,BOT01_CP,1610,0008,10000766
10000503,BOT02_CP,1610,0008,10000768
10000504,MIX01_CP,1610,0008,10000770
10000505,PAC01_CP,1610,0008,10000772
10000506,PAC02_CP,1610,0008,10000774
10000507,RES-1010,1610,0008,10000776
10000508,RES-1020,1610,0008,10000778
10000509,RES-1030,1610,0008,10000780
10000510,RES-SILO,1610,0008,10000782
10000511,RES-FILL,1610,0008,10000784
10000512,ASSEMBLY,2810,0001,10000786
10000513,TESTING,2810,0001,10000787
10000514,PACK01,2810,0001,10000788
10000515,PACK02,2810,0001,10000789
10000516,WINDING,2810,0007,10000790
10000517,BOTTLING,2810,0008,10000791
10000518,MIXING,2810,0008,10000793
10000519,TOT_PLNT,2810,0001,10000795
10000520,DISCR_MF,2810,0001,10000796
10000521,PVRSN_MF,2810,0001,10000798
10000522,TECHNIC,2810,0001,10000800
10000523,WORK,2810,0001,10000801
10000524,PACKING,2810,0008,10000803
10000525,RES-0100,2810,0005,10000805
10000526,RES-0200,2810,0005,10000806
10000527,RES-0300,2810,0005,10000807
10000528,RES-0400,2810,0005,10000808
10000529,QMLABS,2810,0001,00000000
10000530,BOTTLIN1,2810,0001,10000809
10000531,MIXING1,2810,0001,10000811
10000532,PACKING1,2810,0001,10000813
10000533,ASSEMBLE,2810,0001,10000815
10000534,FIN1,2810,0001,10000816
10000535,FIN2,2810,0001,10000817
10000536,SUB1,2810,0001,10000818
10000537,PRE1,2810,0001,10000819
10000538,TURNING1,2810,0001,10000820
10000539,TURNING2,2810,0001,10000822
10000540,DRILING,2810,0001,10000824
10000541,FINICLN,2810,0001,10000826
10000542,ASSPKG,2810,0001,10000828
10000543,TURNING9,2810,0001,10000830
10000544,ASSPKG9,2810,0001,10000832
10000545,BOT01_CP,2810,0008,10000834
10000546,BOT02_CP,2810,0008,10000836
10000547,MIX01_CP,2810,0008,10000838
10000548,PAC01_CP,2810,0008,10000840
10000549,PAC02_CP,2810,0008,10000842
10000550,BODYSHOP,2810,0007,10000844
10000551,RES-1010,2810,0008,10000845
10000552,RES-1020,2810,0008,10000847
10000553,RES-1030,2810,0008,10000849
10000554,RES-SILO,2810,0008,10000851
10000555,RES-FILL,2810,0008,10000853
10000556,ASSEMBLY,2610,0001,10000855
10000557,TESTING,2610,0001,10000856
10000558,PACK01,2610,0001,10000857
10000559,PACK02,2610,0001,10000858
10000560,WINDING,2610,0007,10000859
10000561,BOTTLING,2610,0008,10000860
10000562,MIXING,2610,0008,10000862
10000563,TOT_PLNT,2610,0001,10000864
10000564,DISCR_MF,2610,0001,10000865
10000565,PVRSN_MF,2610,0001,10000867
10000566,TECHNIC,2610,0001,10000869
10000567,WORK,2610,0001,10000870
10000568,PACKING,2610,0008,10000872
10000569,RES-0100,2610,0005,10000874
10000570,RES-0200,2610,0005,10000875
10000571,RES-0300,2610,0005,10000876
10000572,RES-0400,2610,0005,10000877
10000573,QMLABS,2610,0001,00000000
10000574,BOTTLIN1,2610,0001,10000878
10000575,MIXING1,2610,0001,10000880
10000576,PACKING1,2610,0001,10000882
10000577,ASSEMBLE,2610,0001,10000884
10000578,FIN1,2610,0001,10000885
10000579,FIN2,2610,0001,10000886
10000580,SUB1,2610,0001,10000887
10000581,PRE1,2610,0001,10000888
10000582,TURNING1,2610,0001,10000889
10000583,TURNING2,2610,0001,10000891
10000584,DRILING,2610,0001,10000893
10000585,FINICLN,2610,0001,10000895
10000586,ASSPKG,2610,0001,10000897
10000587,TURNING9,2610,0001,10000899
10000588,ASSPKG9,2610,0001,10000901
10000589,BOT01_CP,2610,0008,10000903
10000590,BOT02_CP,2610,0008,10000905
10000591,MIX01_CP,2610,0008,10000907
10000592,PAC01_CP,2610,0008,10000909
10000593,PAC02_CP,2610,0008,10000911
10000594,BODYSHOP,2610,0007,10000913
10000595,RES-1010,2610,0008,10000914
10000596,RES-1020,2610,0008,10000916
10000597,RES-1030,2610,0008,10000918
10000598,RES-SILO,2610,0008,10000920
10000599,RES-FILL,2610,0008,10000922
10000600,ASSEMBLY,5810,0001,10000924
10000601,TESTING,5810,0001,10000925
10000602,PACK01,5810,0001,10000926
10000603,PACK02,5810,0001,10000927
10000604,WINDING,5810,0007,10000928
10000605,BOTTLING,5810,0008,10000929
10000606,MIXING,5810,0008,10000931
10000607,TOT_PLNT,5810,0001,10000933
10000608,DISCR_MF,5810,0001,10000934
10000609,PVRSN_MF,5810,0001,10000936
10000610,TECHNIC,5810,0001,10000938
10000611,WORK,5810,0001,10000939
10000612,PACKING,5810,0008,10000941
10000613,RES-0100,5810,0005,10000943
10000614,RES-0200,5810,0005,10000944
10000615,RES-0300,5810,0005,10000945
10000616,RES-0400,5810,0005,10000946
10000617,QMLABS,5810,0001,00000000
10000618,BOTTLIN1,5810,0001,10000947
10000619,MIXING1,5810,0001,10000949
10000620,PACKING1,5810,0001,10000951
10000621,ASSEMBLE,5810,0001,10000953
10000622,ASM1,5810,0001,10000954
10000623,FIN1,5810,0001,10000955
10000624,FIN2,5810,0001,10000956
10000625,SUB1,5810,0001,10000957
10000626,PRE1,5810,0001,10000958
10000627,TURNING1,5810,0001,10000959
10000628,TURNING2,5810,0001,10000961
10000629,DRILING,5810,0001,10000963
10000630,FINICLN,5810,0001,10000965
10000631,ASSPKG,5810,0001,10000967
10000632,TURNING9,5810,0001,10000969
10000633,ASSPKG9,5810,0001,10000971
10000634,BOT01_CP,5810,0008,10000973
10000635,BOT02_CP,5810,0008,10000975
10000636,MIX01_CP,5810,0008,10000977
10000637,PAC01_CP,5810,0008,10000979
10000638,PAC02_CP,5810,0008,10000981
10000639,BODYSHOP,5810,0007,10000983
10000640,RES-1010,5810,0008,10000984
10000641,RES-1020,5810,0008,10000986
10000642,RES-1030,5810,0008,10000988
10000643,RES-SILO,5810,0008,10000990
10000644,RES-FILL,5810,0008,10000992
10000645,ASSEMBLY,6910,0001,10000994
10000646,TESTING,6910,0001,10000995
10000647,PACK01,6910,0001,10000996
10000648,PACK02,6910,0001,10000997
10000649,WINDING,6910,0007,10000998
10000650,BOTTLING,6910,0008,10000999
10000651,MIXING,6910,0008,10001001
10000652,TOT_PLNT,6910,0001,10001003
10000653,DISCR_MF,6910,0001,10001004
10000654,PVRSN_MF,6910,0001,10001006
10000655,TECHNIC,6910,0001,10001008
10000656,WORK,6910,0001,10001009
10000657,PACKING,6910,0008,10001011
10000658,RES-0100,6910,0005,10001013
10000659,RES-0200,6910,0005,10001014
10000660,RES-0300,6910,0005,10001015
10000661,RES-0400,6910,0005,10001016
10000662,QMLABS,6910,0001,00000000
10000663,BOTTLIN1,6910,0001,10001017
10000664,MIXING1,6910,0001,10001019
10000665,PACKING1,6910,0001,10001021
10000666,ASSEMBLE,6910,0001,10001023
10000667,ASM1,6910,0001,10001024
10000668,FIN1,6910,0001,10001025
10000669,FIN2,6910,0001,10001026
10000670,SUB1,6910,0001,10001027
10000671,PRE1,6910,0001,10001028
10000672,TURNING1,6910,0001,10001029
10000673,TURNING2,6910,0001,10001031
10000674,DRILING,6910,0001,10001033
10000675,FINICLN,6910,0001,10001035
10000676,ASSPKG,6910,0001,10001037
10000677,TURNING9,6910,0001,10001039
10000678,ASSPKG9,6910,0001,10001041
10000679,BOT01_CP,6910,0008,10001043
10000680,BOT02_CP,6910,0008,10001045
10000681,MIX01_CP,6910,0008,10001047
10000682,PAC01_CP,6910,0008,10001049
10000683,PAC02_CP,6910,0008,10001051
10000684,BODYSHOP,6910,0007,10001053
10000685,RES-1010,6910,0008,10001054
10000686,RES-1020,6910,0008,10001056
10000687,RES-1030,6910,0008,10001058
10000688,RES-SILO,6910,0008,10001060
10000689,RES-FILL,6910,0008,10001062
10000690,ASSEMBLY,4410,0001,10001064
10000691,TESTING,4410,0001,10001065
10000692,PACK01,4410,0001,10001066
10000693,PACK02,4410,0001,10001067
10000694,WINDING,4410,0007,10001068
10000695,BOTTLING,4410,0008,10001069
10000696,MIXING,4410,0008,10001071
10000697,TOT_PLNT,4410,0001,10001073
10000698,DISCR_MF,4410,0001,10001074
10000699,PVRSN_MF,4410,0001,10001076
10000700,TECHNIC,4410,0001,10001078
10000701,WORK,4410,0001,10001079
10000702,PACKING,4410,0008,10001081
10000703,RES-0100,4410,0005,10001083
10000704,RES-0200,4410,0005,10001084
10000705,RES-0300,4410,0005,10001085
10000706,RES-0400,4410,0005,10001086
10000707,QMLABS,4410,0001,00000000
10000708,BOTTLIN1,4410,0001,10001087
10000709,MIXING1,4410,0001,10001089
10000710,PACKING1,4410,0001,10001091
10000711,ASSEMBLE,4410,0001,10001093
10000712,FIN1,4410,0001,10001094
10000713,FIN2,4410,0001,10001095
10000714,SUB1,4410,0001,10001096
10000715,PRE1,4410,0001,10001097
10000716,TURNING1,4410,0001,10001098
10000717,TURNING2,4410,0001,10001100
10000718,DRILING,4410,0001,10001102
10000719,FINICLN,4410,0001,10001104
10000720,ASSPKG,4410,0001,10001106
10000721,TURNING9,4410,0001,10001108
10000722,ASSPKG9,4410,0001,10001110
10000723,BOT01_CP,4410,0008,10001112
10000724,BOT02_CP,4410,0008,10001114
10000725,MIX01_CP,4410,0008,10001116
10000726,PAC01_CP,4410,0008,10001118
10000727,PAC02_CP,4410,0008,10001120
10000728,BODYSHOP,4410,0007,10001122
10000729,RES-1010,4410,0008,10001123
10000730,RES-1020,4410,0008,10001125
10000731,RES-1030,4410,0008,10001127
10000732,RES-SILO,4410,0008,10001129
10000733,RES-FILL,4410,0008,10001131
10000734,ASSEMBLY,3710,0001,10001133
10000735,TESTING,3710,0001,10001134
10000736,PACK01,3710,0001,10001135
10000737,PACK02,3710,0001,10001136
10000738,WINDING,3710,0007,10001137
10000739,BOTTLING,3710,0008,10001138
10000740,MIXING,3710,0008,10001140
10000741,TOT_PLNT,3710,0001,10001142
10000742,DISCR_MF,3710,0001,10001143
10000743,PVRSN_MF,3710,0001,10001145
10000744,TECHNIC,3710,0001,10001147
10000745,WORK,3710,0001,10001148
10000746,PACKING,3710,0008,10001150
10000747,RES-0100,3710,0005,10001152
10000748,RES-0200,3710,0005,10001153
10000749,RES-0300,3710,0005,10001154
10000750,RES-0400,3710,0005,10001155
10000751,QMLABS,3710,0001,00000000
10000752,BOTTLIN1,3710,0001,10001156
10000753,MIXING1,3710,0001,10001158
10000754,PACKING1,3710,0001,10001160
10000755,ASSEMBLE,3710,0001,10001162
10000756,ASM1,3710,0001,10001163
10000757,FIN1,3710,0001,10001164
10000758,FIN2,3710,0001,10001165
10000759,SUB1,3710,0001,10001166
10000760,PRE1,3710,0001,10001167
10000761,TURNING1,3710,0001,10001168
10000762,TURNING2,3710,0001,10001170
10000763,DRILING,3710,0001,10001172
10000764,FINICLN,3710,0001,10001174
10000765,ASSPKG,3710,0001,10001176
10000766,TURNING9,3710,0001,10001178
10000767,ASSPKG9,3710,0001,10001180
10000768,BOT01_CP,3710,0008,10001182
10000769,BOT02_CP,3710,0008,10001184
10000770,MIX01_CP,3710,0008,10001186
10000771,PAC01_CP,3710,0008,10001188
10000772,PAC02_CP,3710,0008,10001190
10000773,BODYSHOP,3710,0007,10001192
10000774,RES-1010,3710,0008,10001193
10000775,RES-1020,3710,0008,10001195
10000776,RES-1030,3710,0008,10001197
10000777,RES-SILO,3710,0008,10001199
10000778,RES-FILL,3710,0008,10001201
10000779,ASSEMBLY,5410,0001,10001203
10000780,TESTING,5410,0001,10001204
10000781,PACK01,5410,0001,10001205
10000782,PACK02,5410,0001,10001206
10000783,WINDING,5410,0007,10001207
10000784,BOTTLING,5410,0008,10001208
10000785,MIXING,5410,0008,10001210
10000786,TOT_PLNT,5410,0001,10001212
10000787,DISCR_MF,5410,0001,10001213
10000788,PVRSN_MF,5410,0001,10001215
10000789,TECHNIC,5410,0001,10001217
10000790,WORK,5410,0001,10001218
10000791,PACKING,5410,0008,10001220
10000792,RES-0100,5410,0005,10001222
10000793,RES-0200,5410,0005,10001223
10000794,RES-0300,5410,0005,10001224
10000795,RES-0400,5410,0005,10001225
10000796,QMLABS,5410,0001,00000000
10000797,BOTTLIN1,5410,0001,10001226
10000798,MIXING1,5410,0001,10001228
10000799,PACKING1,5410,0001,10001230
10000800,ASSEMBLE,5410,0001,10001232
10000801,ASM1,5410,0001,10001233
10000802,FIN1,5410,0001,10001234
10000803,FIN2,5410,0001,10001235
10000804,SUB1,5410,0001,10001236
10000805,PRE1,5410,0001,10001237
10000806,TURNING1,5410,0001,10001238
10000807,TURNING2,5410,0001,10001240
10000808,DRILING,5410,0001,10001242
10000809,FINICLN,5410,0001,10001244
10000810,ASSPKG,5410,0001,10001246
10000811,TURNING9,5410,0001,10001248
10000812,ASSPKG9,5410,0001,10001250
10000813,BOT01_CP,5410,0008,10001252
10000814,BOT02_CP,5410,0008,10001254
10000815,MIX01_CP,5410,0008,10001256
10000816,PAC01_CP,5410,0008,10001258
10000817,PAC02_CP,5410,0008,10001260
10000818,BODYSHOP,5410,0007,10001262
10000819,RES-1010,5410,0008,10001263
10000820,RES-1020,5410,0008,10001265
10000821,RES-1030,5410,0008,10001267
10000822,RES-SILO,5410,0008,10001269
10000823,RES-FILL,5410,0008,10001271
10000824,ASSEMBLY,5510,0001,10001273
10000825,TESTING,5510,0001,10001274
10000826,PACK01,5510,0001,10001275
10000827,PACK02,5510,0001,10001276
10000828,WINDING,5510,0007,10001277
10000829,BOTTLING,5510,0008,10001278
10000830,MIXING,5510,0008,10001280
10000831,TOT_PLNT,5510,0001,10001282
10000832,DISCR_MF,5510,0001,10001283
10000833,PVRSN_MF,5510,0001,10001285
10000834,TECHNIC,5510,0001,10001287
10000835,WORK,5510,0001,10001288
10000836,PACKING,5510,0008,10001290
10000837,RES-0100,5510,0005,10001292
10000838,RES-0200,5510,0005,10001293
10000839,RES-0300,5510,0005,10001294
10000840,RES-0400,5510,0005,10001295
10000841,QMLABS,5510,0001,00000000
10000842,BOTTLIN1,5510,0001,10001296
10000843,MIXING1,5510,0001,10001298
10000844,PACKING1,5510,0001,10001300
10000845,ASSEMBLE,5510,0001,10001302
10000846,FIN1,5510,0001,10001303
10000847,FIN2,5510,0001,10001304
10000848,SUB1,5510,0001,10001305
10000849,PRE1,5510,0001,10001306
10000850,TURNING1,5510,0001,10001307
10000851,TURNING2,5510,0001,10001309
10000852,DRILING,5510,0001,10001311
10000853,FINICLN,5510,0001,10001313
10000854,ASSPKG,5510,0001,10001315
10000855,TURNING9,5510,0001,10001317
10000856,ASSPKG9,5510,0001,10001319
10000857,BOT01_CP,5510,0008,10001321
10000858,BOT02_CP,5510,0008,10001323
10000859,MIX01_CP,5510,0008,10001325
10000860,PAC01_CP,5510,0008,10001327
10000861,PAC02_CP,5510,0008,10001329
10000862,BODYSHOP,5510,0007,10001331
10000863,RES-1010,5510,0008,10001332
10000864,RES-1020,5510,0008,10001334
10000865,RES-1030,5510,0008,10001336
10000866,RES-SILO,5510,0008,10001338
10000867,RES-FILL,5510,0008,10001340
10000868,ASSEMBLY,7K10,0001,10001342
10000869,TESTING,7K10,0001,10001343
10000871,PACK02,7K10,0001,10001345
10000870,PACK01,7K10,0001,10001344
10000872,WINDING,7K10,0007,10001346
10000873,BOTTLING,7K10,0008,10001347
10000874,MIXING,7K10,0008,10001349
10000875,TOT_PLNT,7K10,0001,10001351
10000876,DISCR_MF,7K10,0001,10001352
10000877,PVRSN_MF,7K10,0001,10001354
10000878,TECHNIC,7K10,0001,10001356
10000879,WORK,7K10,0001,10001357
10000880,PACKING,7K10,0008,10001359
10000881,RES-0100,7K10,0005,10001361
10000882,RES-0200,7K10,0005,10001362
10000883,RES-0300,7K10,0005,10001363
10000884,RES-0400,7K10,0005,10001364
10000885,QMLABS,7K10,0001,00000000
10000886,BOTTLIN1,7K10,0001,10001365
10000887,MIXING1,7K10,0001,10001367
10000888,PACKING1,7K10,0001,10001369
10000889,ASSEMBLE,7K10,0001,10001371
10000890,ASM1,7K10,0001,10001372
10000891,FIN1,7K10,0001,10001373
10000892,FIN2,7K10,0001,10001374
10000893,SUB1,7K10,0001,10001375
10000894,PRE1,7K10,0001,10001376
10000895,TURNING1,7K10,0001,10001377
10000896,TURNING2,7K10,0001,10001379
10000897,DRILING,7K10,0001,10001381
10000898,FINICLN,7K10,0001,10001383
10000899,ASSPKG,7K10,0001,10001385
10000900,TURNING9,7K10,0001,10001387
10000901,ASSPKG9,7K10,0001,10001389
10000902,BOT01_CP,7K10,0008,10001391
10000903,BOT02_CP,7K10,0008,10001393
10000904,MIX01_CP,7K10,0008,10001395
10000905,PAC01_CP,7K10,0008,10001397
10000906,PAC02_CP,7K10,0008,10001399
10000907,BODYSHOP,7K10,0007,10001401
10000908,RES-1010,7K10,0008,10001402
10000909,RES-1020,7K10,0008,10001404
10000910,RES-1030,7K10,0008,10001406
10000911,RES-SILO,7K10,0008,10001408
10000912,RES-FILL,7K10,0008,10001410
10000913,ASSEMBLY,4310,0001,10001412
10000914,TESTING,4310,0001,10001413
10000915,PACK01,4310,0001,10001414
10000916,PACK02,4310,0001,10001415
10000917,WINDING,4310,0007,10001416
10000918,BOTTLING,4310,0008,10001417
10000919,MIXING,4310,0008,10001419
10000920,TOT_PLNT,4310,0001,10001421
10000921,DISCR_MF,4310,0001,10001422
10000922,PVRSN_MF,4310,0001,10001424
10000923,TECHNIC,4310,0001,10001426
10000924,WORK,4310,0001,10001427
10000925,PACKING,4310,0008,10001429
10000926,RES-0100,4310,0005,10001431
10000927,RES-0200,4310,0005,10001432
10000928,RES-0300,4310,0005,10001433
10000929,RES-0400,4310,0005,10001434
10000930,QMLABS,4310,0001,00000000
10000931,BOTTLIN1,4310,0001,10001435
10000932,MIXING1,4310,0001,10001437
10000933,PACKING1,4310,0001,10001439
10000934,ASSEMBLE,4310,0001,10001441
10000935,FIN1,4310,0001,10001442
10000936,FIN2,4310,0001,10001443
10000937,SUB1,4310,0001,10001444
10000938,PRE1,4310,0001,10001445
10000939,TURNING1,4310,0001,10001446
10000940,TURNING2,4310,0001,10001448
10000941,DRILING,4310,0001,10001450
10000942,FINICLN,4310,0001,10001452
10000943,ASSPKG,4310,0001,10001454
10000944,TURNING9,4310,0001,10001456
10000945,ASSPKG9,4310,0001,10001458
10000946,BOT01_CP,4310,0008,10001460
10000947,BOT02_CP,4310,0008,10001462
10000948,MIX01_CP,4310,0008,10001464
10000949,PAC01_CP,4310,0008,10001466
10000950,PAC02_CP,4310,0008,10001468
10000951,BODYSHOP,4310,0007,10001470
10000952,RES-1010,4310,0008,10001471
10000953,RES-1020,4310,0008,10001473
10000954,RES-1030,4310,0008,10001475
10000955,RES-SILO,4310,0008,10001477
10000956,RES-FILL,4310,0008,10001479
10000957,ASSEMBLY,1510,0001,10001481
10000958,TESTING,1510,0001,10001482
10000959,PACK01,1510,0001,10001483
10000960,PACK02,1510,0001,10001484
10000961,WINDING,1510,0007,10001485
10000962,BOTTLING,1510,0008,10001486
10000963,MIXING,1510,0008,10001488
10000964,TOT_PLNT,1510,0001,10001490
10000965,DISCR_MF,1510,0001,10001491
10000966,PVRSN_MF,1510,0001,10001493
10000967,TECHNIC,1510,0001,10001495
10000968,WORK,1510,0001,10001496
10000969,PACKING,1510,0008,10001498
10000970,RES-0100,1510,0005,10001500
10000971,RES-0200,1510,0005,10001501
10000972,RES-0300,1510,0005,10001502
10000973,RES-0400,1510,0005,10001503
10000974,QMLABS,1510,0001,00000000
10000975,BOTTLIN1,1510,0001,10001504
10000976,MIXING1,1510,0001,10001506
10000977,PACKING1,1510,0001,10001508
10000978,ASSEMBLE,1510,0001,10001510
10000979,ASM1,1510,0001,10001511
10000980,FIN1,1510,0001,10001512
10000981,FIN2,1510,0001,10001513
10000982,SUB1,1510,0001,10001514
10000983,PRE1,1510,0001,10001515
10000984,TURNING1,1510,0001,10001516
10000985,TURNING2,1510,0001,10001518
10000986,DRILING,1510,0001,10001520
10000987,FINICLN,1510,0001,10001522
10000988,ASSPKG,1510,0001,10001524
10000989,TURNING9,1510,0001,10001526
10000990,ASSPKG9,1510,0001,10001528
10000991,BOT01_CP,1510,0008,10001530
10000992,BOT02_CP,1510,0008,10001532
10000993,MIX01_CP,1510,0008,10001534
10000994,PAC01_CP,1510,0008,10001536
10000995,PAC02_CP,1510,0008,10001538
10000996,BODYSHOP,1510,0007,10001540
10000997,RES-1010,1510,0008,10001541
10000998,RES-1020,1510,0008,10001543
10000999,RES-1030,1510,0008,10001545
10001000,RES-SILO,1510,0008,10001547
10001001,RES-FILL,1510,0008,10001549
10001003,TESTING,2310,0001,10001552
10001002,ASSEMBLY,2310,0001,10001551
10001004,PACK01,2310,0001,10001553
10001005,PACK02,2310,0001,10001554
10001006,WINDING,2310,0007,10001555
10001007,BOTTLING,2310,0008,10001556
10001008,MIXING,2310,0008,10001558
10001009,TOT_PLNT,2310,0001,10001560
10001010,DISCR_MF,2310,0001,10001561
10001011,PVRSN_MF,2310,0001,10001563
10001012,TECHNIC,2310,0001,10001565
10001013,WORK,2310,0001,10001566
10001014,PACKING,2310,0008,10001568
10001015,RES-0100,2310,0005,10001570
10001016,RES-0200,2310,0005,10001571
10001017,RES-0300,2310,0005,10001572
10001018,RES-0400,2310,0005,10001573
10001019,QMLABS,2310,0001,00000000
10001020,BOTTLIN1,2310,0001,10001574
10001021,MIXING1,2310,0001,10001576
10001022,PACKING1,2310,0001,10001578
10001023,ASSEMBLE,2310,0001,10001580
10001024,ASM1,2310,0001,10001581
10001025,FIN1,2310,0001,10001582
10001026,FIN2,2310,0001,10001583
10001027,SUB1,2310,0001,10001584
10001028,PRE1,2310,0001,10001585
10001029,TURNING1,2310,0001,10001586
10001030,TURNING2,2310,0001,10001588
10001031,DRILING,2310,0001,10001590
10001032,FINICLN,2310,0001,10001592
10001033,ASSPKG,2310,0001,10001594
10001034,TURNING9,2310,0001,10001596
10001035,ASSPKG9,2310,0001,10001598
10001036,BOT01_CP,2310,0008,10001600
10001037,BOT02_CP,2310,0008,10001602
10001038,MIX01_CP,2310,0008,10001604
10001039,PAC01_CP,2310,0008,10001606
10001040,PAC02_CP,2310,0008,10001608
10001041,BODYSHOP,2310,0007,10001610
10001042,RES-1010,2310,0008,10001611
10001043,RES-1020,2310,0008,10001613
10001044,RES-1030,2310,0008,10001615
10001045,RES-SILO,2310,0008,10001617
10001046,RES-FILL,2310,0008,10001619
10001047,MIX_1,2310,0008,10001621
10001048,PKG_1,2310,0008,10001623
10001049,ASSEMBLY,1810,0001,10001625
10001050,TESTING,1810,0001,10001626
10001051,PACK01,1810,0001,10001627
10001052,PACK02,1810,0001,10001628
10001053,WINDING,1810,0007,10001629
10001054,BOTTLING,1810,0008,10001630
10001055,MIXING,1810,0008,10001632
10001056,TOT_PLNT,1810,0001,10001634
10001057,DISCR_MF,1810,0001,10001635
10001058,PVRSN_MF,1810,0001,10001637
10001059,TECHNIC,1810,0001,10001639
10001060,WORK,1810,0001,10001640
10001061,PACKING,1810,0008,10001642
10001062,RES-0100,1810,0005,10001644
10001063,RES-0200,1810,0005,10001645
10001064,RES-0300,1810,0005,10001646
10001065,RES-0400,1810,0005,10001647
10001066,QMLABS,1810,0001,00000000
10001067,BOTTLIN1,1810,0001,10001648
10001068,MIXING1,1810,0001,10001650
10001069,PACKING1,1810,0001,10001652
10001070,ASSEMBLE,1810,0001,10001654
10001071,FIN1,1810,0001,10001655
10001072,FIN2,1810,0001,10001656
10001073,SUB1,1810,0001,10001657
10001074,PRE1,1810,0001,10001658
10001075,TURNING1,1810,0001,10001659
10001076,TURNING2,1810,0001,10001661
10001077,DRILING,1810,0001,10001663
10001078,FINICLN,1810,0001,10001665
10001079,ASSPKG,1810,0001,10001667
10001080,TURNING9,1810,0001,10001669
10001081,ASSPKG9,1810,0001,10001671
10001082,BOT01_CP,1810,0008,10001673
10001083,BOT02_CP,1810,0008,10001675
10001084,MIX01_CP,1810,0008,10001677
10001085,PAC01_CP,1810,0008,10001679
10001086,PAC02_CP,1810,0008,10001681
10001087,BODYSHOP,1810,0007,10001683
10001088,RES-1010,1810,0008,10001684
10001089,RES-1020,1810,0008,10001686
10001090,RES-1030,1810,0008,10001688
10001091,RES-SILO,1810,0008,10001690
10001092,RES-FILL,1810,0008,10001692
10001093,ASSEMBLY,4210,0001,10001694
10001094,TESTING,4210,0001,10001695
10001095,PACK01,4210,0001,10001696
10001096,PACK02,4210,0001,10001697
10001097,WINDING,4210,0007,10001698
10001098,BOTTLING,4210,0008,10001699
10001099,MIXING,4210,0008,10001701
10001100,TOT_PLNT,4210,0001,10001703
10001101,DISCR_MF,4210,0001,10001704
10001102,PVRSN_MF,4210,0001,10001706
10001103,TECHNIC,4210,0001,10001708
10001104,WORK,4210,0001,10001709
10001105,PACKING,4210,0008,10001711
10001106,RES-0100,4210,0005,10001713
10001107,RES-0200,4210,0005,10001714
10001108,RES-0300,4210,0005,10001715
10001109,RES-0400,4210,0005,10001716
10001110,QMLABS,4210,0001,00000000
10001111,BOTTLIN1,4210,0001,10001717
10001112,MIXING1,4210,0001,10001719
10001113,PACKING1,4210,0001,10001721
10001114,ASSEMBLE,4210,0001,10001723
10001115,ASM1,4210,0001,10001724
10001116,FIN1,4210,0001,10001725
10001117,FIN2,4210,0001,10001726
10001118,SUB1,4210,0001,10001727
10001119,PRE1,4210,0001,10001728
10001120,TURNING1,4210,0001,10001729
10001121,TURNING2,4210,0001,10001731
10001122,DRILING,4210,0001,10001733
10001123,FINICLN,4210,0001,10001735
10001124,ASSPKG,4210,0001,10001737
10001125,TURNING9,4210,0001,10001739
10001126,ASSPKG9,4210,0001,10001741
10001127,BOT01_CP,4210,0008,10001743
10001128,BOT02_CP,4210,0008,10001745
10001129,MIX01_CP,4210,0008,10001747
10001130,PAC01_CP,4210,0008,10001749
10001131,PAC02_CP,4210,0008,10001751
10001132,BODYSHOP,4210,0007,10001753
10001133,RES-1010,4210,0008,10001754
10001134,RES-1020,4210,0008,10001756
10001135,RES-1030,4210,0008,10001758
10001136,RES-SILO,4210,0008,10001760
10001137,RES-FILL,4210,0008,10001762
10001138,ASSEMBLY,5110,0001,10001764
10001139,TESTING,5110,0001,10001765
10001140,PACK01,5110,0001,10001766
10001141,PACK02,5110,0001,10001767
10001142,WINDING,5110,0007,10001768
10001143,BOTTLING,5110,0008,10001769
10001144,MIXING,5110,0008,10001771
10001145,TOT_PLNT,5110,0001,10001773
10001146,DISCR_MF,5110,0001,10001774
10001147,PVRSN_MF,5110,0001,10001776
10001148,TECHNIC,5110,0001,10001778
10001149,WORK,5110,0001,10001779
10001150,PACKING,5110,0008,10001781
10001151,RES-0100,5110,0005,10001783
10001152,RES-0200,5110,0005,10001784
10001153,RES-0300,5110,0005,10001785
10001154,RES-0400,5110,0005,10001786
10001155,QMLABS,5110,0001,00000000
10001156,BOTTLIN1,5110,0001,10001787
10001157,MIXING1,5110,0001,10001789
10001158,PACKING1,5110,0001,10001791
10001159,ASSEMBLE,5110,0001,10001793
10001160,FIN1,5110,0001,10001794
10001161,FIN2,5110,0001,10001795
10001162,SUB1,5110,0001,10001796
10001163,PRE1,5110,0001,10001797
10001164,TURNING1,5110,0001,10001798
10001165,TURNING2,5110,0001,10001800
10001166,DRILING,5110,0001,10001802
10001167,FINICLN,5110,0001,10001804
10001168,ASSPKG,5110,0001,10001806
10001169,TURNING9,5110,0001,10001808
10001170,ASSPKG9,5110,0001,10001810
10001171,BOT01_CP,5110,0008,10001812
10001172,BOT02_CP,5110,0008,10001814
10001173,MIX01_CP,5110,0008,10001816
10001174,PAC01_CP,5110,0008,10001818
10001175,PAC02_CP,5110,0008,10001820
10001176,BODYSHOP,5110,0007,10001822
10001177,RES-1010,5110,0008,10001823
10001178,RES-1020,5110,0008,10001825
10001179,RES-1030,5110,0008,10001827
10001180,RES-SILO,5110,0008,10001829
10001181,RES-FILL,5110,0008,10001831
10001182,ASSEMBLY,6210,0001,10001833
10001183,TESTING,6210,0001,10001834
10001184,PACK01,6210,0001,10001835
10001185,PACK02,6210,0001,10001836
10001186,WINDING,6210,0007,10001837
10001187,BOTTLING,6210,0008,10001838
10001188,MIXING,6210,0008,10001840
10001189,TOT_PLNT,6210,0001,10001842
10001190,DISCR_MF,6210,0001,10001843
10001191,PVRSN_MF,6210,0001,10001845
10001192,TECHNIC,6210,0001,10001847
10001193,WORK,6210,0001,10001848
10001194,PACKING,6210,0008,10001850
10001195,RES-0100,6210,0005,10001852
10001196,RES-0200,6210,0005,10001853
10001197,RES-0300,6210,0005,10001854
10001198,RES-0400,6210,0005,10001855
10001199,QMLABS,6210,0001,00000000
10001200,BOTTLIN1,6210,0001,10001856
10001201,MIXING1,6210,0001,10001858
10001202,PACKING1,6210,0001,10001860
10001203,ASSEMBLE,6210,0001,10001862
10001204,ASM1,6210,0001,10001863
10001205,FIN1,6210,0001,10001864
10001206,FIN2,6210,0001,10001865
10001207,SUB1,6210,0001,10001866
10001208,PRE1,6210,0001,10001867
10001209,TURNING1,6210,0001,10001868
10001210,TURNING2,6210,0001,10001870
10001211,DRILING,6210,0001,10001872
10001212,FINICLN,6210,0001,10001874
10001213,ASSPKG,6210,0001,10001876
10001214,TURNING9,6210,0001,10001878
10001215,ASSPKG9,6210,0001,10001880
10001216,BOT01_CP,6210,0008,10001882
10001217,BOT02_CP,6210,0008,10001884
10001218,MIX01_CP,6210,0008,10001886
10001219,PAC01_CP,6210,0008,10001888
10001220,PAC02_CP,6210,0008,10001890
10001221,BODYSHOP,6210,0007,10001892
10001222,RES-1010,6210,0008,10001893
10001223,RES-1020,6210,0008,10001895
10001224,RES-1030,6210,0008,10001897
10001225,RES-SILO,6210,0008,10001899
10001226,RES-FILL,6210,0008,10001901
10001227,ASSEMBLY,1110,0001,10001903
10001228,TESTING,1110,0001,10001904
10001229,PACK01,1110,0001,10001905
10001230,PACK02,1110,0001,10001906
10001231,WINDING,1110,0007,10001907
10001232,BOTTLING,1110,0008,10001908
10001233,MIXING,1110,0008,10001910
10001234,TOT_PLNT,1110,0001,10001912
10001235,DISCR_MF,1110,0001,10001913
10001236,PVRSN_MF,1110,0001,10001915
10001237,TECHNIC,1110,0001,10001917
10001238,WORK,1110,0001,10001918
10001239,PACKING,1110,0008,10001920
10001240,RES-0100,1110,0005,10001922
10001241,RES-0200,1110,0005,10001923
10001242,RES-0300,1110,0005,10001924
10001243,RES-0400,1110,0005,10001925
10001244,QMLABS,1110,0001,00000000
10001245,BOTTLIN1,1110,0001,10001926
10001246,MIXING1,1110,0001,10001928
10001247,PACKING1,1110,0001,10001930
10001248,ASSEMBLE,1110,0001,10001932
10001249,ASM1,1110,0001,10001933
10001250,FIN1,1110,0001,10001934
10001251,FIN2,1110,0001,10001935
10001252,SUB1,1110,0001,10001936
10001253,PRE1,1110,0001,10001937
10001254,TURNING1,1110,0001,10001938
10001255,TURNING2,1110,0001,10001940
10001256,DRILING,1110,0001,10001942
10001257,FINICLN,1110,0001,10001944
10001258,ASSPKG,1110,0001,10001946
10001259,TURNING9,1110,0001,10001948
10001260,ASSPKG9,1110,0001,10001950
10001261,BOT01_CP,1110,0008,10001952
10001262,BOT02_CP,1110,0008,10001954
10001263,MIX01_CP,1110,0008,10001956
10001264,PAC01_CP,1110,0008,10001958
10001265,PAC02_CP,1110,0008,10001960
10001266,BODYSHOP,1110,0007,10001962
10001267,RES-1010,1110,0008,10001963
10001268,RES-1020,1110,0008,10001965
10001269,RES-1030,1110,0008,10001967
10001270,RES-SILO,1110,0008,10001969
10001271,RES-FILL,1110,0008,10001971
10001272,ASSEMBLY,1210,0001,10001973
10001273,TESTING,1210,0001,10001974
10001274,PACK01,1210,0001,10001975
10001275,PACK02,1210,0001,10001976
10001276,WINDING,1210,0007,10001977
10001277,BOTTLING,1210,0008,10001978
10001278,MIXING,1210,0008,10001980
10001279,TOT_PLNT,1210,0001,10001982
10001280,DISCR_MF,1210,0001,10001983
10001281,PVRSN_MF,1210,0001,10001985
10001282,TECHNIC,1210,0001,10001987
10001283,WORK,1210,0001,10001988
10001284,PACKING,1210,0008,10001990
10001285,RES-0100,1210,0005,10001992
10001286,RES-0200,1210,0005,10001993
10001287,RES-0300,1210,0005,10001994
10001288,RES-0400,1210,0005,10001995
10001289,QMLABS,1210,0001,00000000
10001290,BOTTLIN1,1210,0001,10001996
10001291,MIXING1,1210,0001,10001998
10001292,PACKING1,1210,0001,10002000
10001293,ASSEMBLE,1210,0001,10002002
10001294,ASM1,1210,0001,10002003
10001295,FIN1,1210,0001,10002004
10001296,FIN2,1210,0001,10002005
10001297,SUB1,1210,0001,10002006
10001298,PRE1,1210,0001,10002007
10001299,TURNING1,1210,0001,10002008
10001300,TURNING2,1210,0001,10002010
10001301,DRILING,1210,0001,10002012
10001302,FINICLN,1210,0001,10002014
10001303,ASSPKG,1210,0001,10002016
10001304,TURNING9,1210,0001,10002018
10001305,ASSPKG9,1210,0001,10002020
10001306,BOT01_CP,1210,0008,10002022
10001307,BOT02_CP,1210,0008,10002024
10001308,MIX01_CP,1210,0008,10002026
10001309,PAC01_CP,1210,0008,10002028
10001310,PAC02_CP,1210,0008,10002030
10001311,BODYSHOP,1210,0007,10002032
10001312,RES-1010,1210,0008,10002033
10001313,RES-1020,1210,0008,10002035
10001314,RES-1030,1210,0008,10002037
10001315,RES-SILO,1210,0008,10002039
10001316,RES-FILL,1210,0008,10002041
10001317,ASSEMBLY,4510,0001,10002043
10001318,TESTING,4510,0001,10002044
10001319,PACK01,4510,0001,10002045
10001320,PACK02,4510,0001,10002046
10001321,WINDING,4510,0007,10002047
10001322,BOTTLING,4510,0008,10002048
10001323,MIXING,4510,0008,10002050
10001324,TOT_PLNT,4510,0001,10002052
10001325,DISCR_MF,4510,0001,10002053
10001326,PVRSN_MF,4510,0001,10002055
10001327,TECHNIC,4510,0001,10002057
10001328,WORK,4510,0001,10002058
10001329,PACKING,4510,0008,10002060
10001330,RES-0100,4510,0005,10002062
10001331,RES-0200,4510,0005,10002063
10001332,RES-0300,4510,0005,10002064
10001333,RES-0400,4510,0005,10002065
10001334,QMLABS,4510,0001,00000000
10001335,BOTTLIN1,4510,0001,10002066
10001336,MIXING1,4510,0001,10002068
10001337,PACKING1,4510,0001,10002070
10001338,ASSEMBLE,4510,0001,10002072
10001339,FIN1,4510,0001,10002073
10001340,FIN2,4510,0001,10002074
10001341,SUB1,4510,0001,10002075
10001342,PRE1,4510,0001,10002076
10001343,TURNING1,4510,0001,10002077
10001344,TURNING2,4510,0001,10002079
10001345,DRILING,4510,0001,10002081
10001346,FINICLN,4510,0001,10002083
10001347,ASSPKG,4510,0001,10002085
10001348,TURNING9,4510,0001,10002087
10001349,ASSPKG9,4510,0001,10002089
10001350,BOT01_CP,4510,0008,10002091
10001351,BOT02_CP,4510,0008,10002093
10001352,MIX01_CP,4510,0008,10002095
10001353,PAC01_CP,4510,0008,10002097
10001354,PAC02_CP,4510,0008,10002099
10001355,BODYSHOP,4510,0007,10002101
10001356,RES-1010,4510,0008,10002102
10001357,RES-1020,4510,0008,10002104
10001358,RES-1030,4510,0008,10002106
10001359,RES-SILO,4510,0008,10002108
10001360,RES-FILL,4510,0008,10002110
10001361,ASSEMBLY,2410,0001,10002112
10001362,TESTING,2410,0001,10002113
10001363,PACK01,2410,0001,10002114
10001364,PACK02,2410,0001,10002115
10001365,WINDING,2410,0007,10002116
10001366,BOTTLING,2410,0008,10002117
10001367,MIXING,2410,0008,10002119
10001368,TOT_PLNT,2410,0001,10002121
10001369,DISCR_MF,2410,0001,10002122
10001370,PVRSN_MF,2410,0001,10002124
10001371,TECHNIC,2410,0001,10002126
10001372,WORK,2410,0001,10002127
10001373,PACKING,2410,0008,10002129
10001374,RES-0100,2410,0005,10002131
10001375,RES-0200,2410,0005,10002132
10001376,RES-0300,2410,0005,10002133
10001377,RES-0400,2410,0005,10002134
10001378,QMLABS,2410,0001,00000000
10001379,BOTTLIN1,2410,0001,10002135
10001380,MIXING1,2410,0001,10002137
10001381,PACKING1,2410,0001,10002139
10001382,ASSEMBLE,2410,0001,10002141
10001383,ASM1,2410,0001,10002142
10001384,FIN1,2410,0001,10002143
10001385,FIN2,2410,0001,10002144
10001386,SUB1,2410,0001,10002145
10001387,PRE1,2410,0001,10002146
10001388,TURNING1,2410,0001,10002147
10001389,TURNING2,2410,0001,10002149
10001390,DRILING,2410,0001,10002151
10001391,FINICLN,2410,0001,10002153
10001392,ASSPKG,2410,0001,10002155
10001393,TURNING9,2410,0001,10002157
10001394,ASSPKG9,2410,0001,10002159
10001395,BOT01_CP,2410,0008,10002161
10001396,BOT02_CP,2410,0008,10002163
10001397,MIX01_CP,2410,0008,10002165
10001398,PAC01_CP,2410,0008,10002167
10001399,PAC02_CP,2410,0008,10002169
10001400,BODYSHOP,2410,0007,10002171
10001401,RES-1010,2410,0008,10002172
10001402,RES-1020,2410,0008,10002174
10001403,RES-1030,2410,0008,10002176
10001404,RES-SILO,2410,0008,10002178
10001405,RES-FILL,2410,0008,10002180
10001406,ASSEMBLY,3210,0001,10002182
10001407,TESTING,3210,0001,10002183
10001408,PACK01,3210,0001,10002184
10001409,PACK02,3210,0001,10002185
10001410,WINDING,3210,0007,10002186
10001411,BOTTLING,3210,0008,10002187
10001412,MIXING,3210,0008,10002189
10001413,TOT_PLNT,3210,0001,10002191
10001414,DISCR_MF,3210,0001,10002192
10001415,PVRSN_MF,3210,0001,10002194
10001416,TECHNIC,3210,0001,10002196
10001417,WORK,3210,0001,10002197
10001418,PACKING,3210,0008,10002199
10001419,RES-0100,3210,0005,10002201
10001420,RES-0200,3210,0005,10002202
10001421,RES-0300,3210,0005,10002203
10001422,RES-0400,3210,0005,10002204
10001423,QMLABS,3210,0001,00000000
10001424,BOTTLIN1,3210,0001,10002205
10001425,MIXING1,3210,0001,10002207
10001426,PACKING1,3210,0001,10002209
10001427,ASSEMBLE,3210,0001,10002211
10001428,FIN1,3210,0001,10002212
10001429,FIN2,3210,0001,10002213
10001430,SUB1,3210,0001,10002214
10001431,PRE1,3210,0001,10002215
10001432,TURNING1,3210,0001,10002216
10001433,TURNING2,3210,0001,10002218
10001434,DRILING,3210,0001,10002220
10001435,FINICLN,3210,0001,10002222
10001436,ASSPKG,3210,0001,10002224
10001437,TURNING9,3210,0001,10002226
10001438,ASSPKG9,3210,0001,10002228
10001439,BOT01_CP,3210,0008,10002230
10001440,BOT02_CP,3210,0008,10002232
10001441,MIX01_CP,3210,0008,10002234
10001442,PAC01_CP,3210,0008,10002236
10001443,PAC02_CP,3210,0008,10002238
10001444,BODYSHOP,3210,0007,10002240
10001445,RES-1010,3210,0008,10002241
10001446,RES-1020,3210,0008,10002243
10001447,RES-1030,3210,0008,10002245
10001448,RES-SILO,3210,0008,10002247
10001449,RES-FILL,3210,0008,10002249
10001450,ASSEMBLY,2010,0001,10002251
10001451,TESTING,2010,0001,10002252
10001452,PACK01,2010,0001,10002253
10001453,PACK02,2010,0001,10002254
10001454,WINDING,2010,0007,10002255
10001455,BOTTLING,2010,0008,10002256
10001456,MIXING,2010,0008,10002258
10001457,TOT_PLNT,2010,0001,10002260
10001458,DISCR_MF,2010,0001,10002261
10001459,PVRSN_MF,2010,0001,10002263
10001460,TECHNIC,2010,0001,10002265
10001461,WORK,2010,0001,10002266
10001462,PACKING,2010,0008,10002268
10001463,RES-0100,2010,0005,10002270
10001464,RES-0200,2010,0005,10002271
10001465,RES-0300,2010,0005,10002272
10001466,RES-0400,2010,0005,10002273
10001467,QMLABS,2010,0001,00000000
10001468,BOTTLIN1,2010,0001,10002274
10001469,MIXING1,2010,0001,10002276
10001470,PACKING1,2010,0001,10002278
10001471,ASSEMBLE,2010,0001,10002280
10001472,FIN1,2010,0001,10002281
10001473,FIN2,2010,0001,10002282
10001474,SUB1,2010,0001,10002283
10001475,PRE1,2010,0001,10002284
10001476,TURNING1,2010,0001,10002285
10001477,TURNING2,2010,0001,10002287
10001478,DRILING,2010,0001,10002289
10001479,FINICLN,2010,0001,10002291
10001480,ASSPKG,2010,0001,10002293
10001481,TURNING9,2010,0001,10002295
10001482,ASSPKG9,2010,0001,10002297
10001483,BOT01_CP,2010,0008,10002299
10001484,BOT02_CP,2010,0008,10002301
10001485,MIX01_CP,2010,0008,10002303
10001486,PAC01_CP,2010,0008,10002305
10001487,PAC02_CP,2010,0008,10002307
10001488,BODYSHOP,2010,0007,10002309
10001489,RES-1010,2010,0008,10002310
10001490,RES-1020,2010,0008,10002312
10001491,RES-1030,2010,0008,10002314
10001492,RES-SILO,2010,0008,10002316
10001493,RES-FILL,2010,0008,10002318
10001494,ASSEMBLY,1310,0001,10002320
10001495,TESTING,1310,0001,10002321
10001496,PACK01,1310,0001,10002322
10001497,PACK02,1310,0001,10002323
10001498,WINDING,1310,0007,10002324
10001499,BOTTLING,1310,0008,10002325
10001500,MIXING,1310,0008,10002327
10001501,TOT_PLNT,1310,0001,10002329
10001502,DISCR_MF,1310,0001,10002330
10001503,PVRSN_MF,1310,0001,10002332
10001504,TECHNIC,1310,0001,10002334
10001505,WORK,1310,0001,10002335
10001506,PACKING,1310,0008,10002337
10001507,RES-0100,1310,0005,10002339
10001508,RES-0200,1310,0005,10002340
10001509,RES-0300,1310,0005,10002341
10001510,RES-0400,1310,0005,10002342
10001511,QMLABS,1310,0001,00000000
10001512,BOTTLIN1,1310,0001,10002343
10001513,MIXING1,1310,0001,10002345
10001514,PACKING1,1310,0001,10002347
10001515,ASSEMBLE,1310,0001,10002349
10001516,ASM1,1310,0001,10002350
10001517,FIN1,1310,0001,10002351
10001518,FIN2,1310,0001,10002352
10001519,SUB1,1310,0001,10002353
10001520,PRE1,1310,0001,10002354
10001521,TURNING1,1310,0001,10002355
10001522,TURNING2,1310,0001,10002357
10001523,DRILING,1310,0001,10002359
10001524,FINICLN,1310,0001,10002361
10001525,ASSPKG,1310,0001,10002363
10001526,TURNING9,1310,0001,10002365
10001527,ASSPKG9,1310,0001,10002367
10001528,BOT01_CP,1310,0008,10002369
10001529,BOT02_CP,1310,0008,10002371
10001530,MIX01_CP,1310,0008,10002373
10001531,PAC01_CP,1310,0008,10002375
10001532,PAC02_CP,1310,0008,10002377
10001533,BODYSHOP,1310,0007,10002379
10001534,RES-1010,1310,0008,10002380
10001535,RES-1020,1310,0008,10002382
10001536,RES-1030,1310,0008,10002384
10001537,RES-SILO,1310,0008,10002386
10001538,RES-FILL,1310,0008,10002388
10001539,ASSEMBLY,2210,0001,10002390
10001540,TESTING,2210,0001,10002391
10001541,PACK01,2210,0001,10002392
10001542,PACK02,2210,0001,10002393
10001543,WINDING,2210,0007,10002394
10001544,BOTTLING,2210,0008,10002395
10001545,MIXING,2210,0008,10002397
10001546,TOT_PLNT,2210,0001,10002399
10001547,DISCR_MF,2210,0001,10002400
10001548,PVRSN_MF,2210,0001,10002402
10001549,TECHNIC,2210,0001,10002404
10001550,WORK,2210,0001,10002405
10001551,PACKING,2210,0008,10002407
10001552,RES-0100,2210,0005,10002409
10001553,RES-0200,2210,0005,10002410
10001554,RES-0300,2210,0005,10002411
10001555,RES-0400,2210,0005,10002412
10001556,QMLABS,2210,0001,00000000
10001557,BOTTLIN1,2210,0001,10002413
10001558,MIXING1,2210,0001,10002415
10001559,PACKING1,2210,0001,10002417
10001560,ASSEMBLE,2210,0001,10002419
10001561,ASM1,2210,0001,10002420
10001562,FIN1,2210,0001,10002421
10001563,FIN2,2210,0001,10002422
10001564,SUB1,2210,0001,10002423
10001565,PRE1,2210,0001,10002424
10001566,TURNING1,2210,0001,10002425
10001567,TURNING2,2210,0001,10002427
10001568,DRILING,2210,0001,10002429
10001569,FINICLN,2210,0001,10002431
10001570,ASSPKG,2210,0001,10002433
10001571,TURNING9,2210,0001,10002435
10001572,ASSPKG9,2210,0001,10002437
10001573,BOT01_CP,2210,0008,10002439
10001574,BOT02_CP,2210,0008,10002441
10001575,MIX01_CP,2210,0008,10002443
10001576,PAC01_CP,2210,0008,10002445
10001577,PAC02_CP,2210,0008,10002447
10001578,BODYSHOP,2210,0007,10002449
10001579,RES-1010,2210,0008,10002450
10001580,RES-1020,2210,0008,10002452
10001581,RES-1030,2210,0008,10002454
10001582,RES-SILO,2210,0008,10002456
10001583,RES-FILL,2210,0008,10002458
10001584,ASSEMBLY,2910,0001,10002460
10001585,TESTING,2910,0001,10002461
10001586,PACK01,2910,0001,10002462
10001587,PACK02,2910,0001,10002463
10001588,WINDING,2910,0007,10002464
10001589,BOTTLING,2910,0008,10002465
10001590,MIXING,2910,0008,10002467
10001591,TOT_PLNT,2910,0001,10002469
10001592,DISCR_MF,2910,0001,10002470
10001593,PVRSN_MF,2910,0001,10002472
10001594,TECHNIC,2910,0001,10002474
10001595,WORK,2910,0001,10002475
10001596,PACKING,2910,0008,10002477
10001597,RES-0100,2910,0005,10002479
10001598,RES-0200,2910,0005,10002480
10001599,RES-0300,2910,0005,10002481
10001600,RES-0400,2910,0005,10002482
10001601,QMLABS,2910,0001,00000000
10001602,BOTTLIN1,2910,0001,10002483
10001603,MIXING1,2910,0001,10002485
10001604,PACKING1,2910,0001,10002487
10001605,ASSEMBLE,2910,0001,10002489
10001606,ASM1,2910,0001,10002490
10001607,FIN1,2910,0001,10002491
10001608,FIN2,2910,0001,10002492
10001609,SUB1,2910,0001,10002493
10001610,PRE1,2910,0001,10002494
10001611,TURNING1,2910,0001,10002495
10001612,TURNING2,2910,0001,10002497
10001613,DRILING,2910,0001,10002499
10001614,FINICLN,2910,0001,10002501
10001615,ASSPKG,2910,0001,10002503
10001616,TURNING9,2910,0001,10002505
10001617,ASSPKG9,2910,0001,10002507
10001618,BOT01_CP,2910,0008,10002509
10001619,BOT02_CP,2910,0008,10002511
10001620,MIX01_CP,2910,0008,10002513
10001621,PAC01_CP,2910,0008,10002515
10001622,PAC02_CP,2910,0008,10002517
10001623,BODYSHOP,2910,0007,10002519
10001624,RES-1010,2910,0008,10002520
10001625,RES-1020,2910,0008,10002522
10001626,RES-1030,2910,0008,10002524
10001627,RES-SILO,2910,0008,10002526
10001628,RES-FILL,2910,0008,10002528
10001629,ASSEMBLY,1410,0001,10002530
10001630,TESTING,1410,0001,10002531
10001631,PACK01,1410,0001,10002532
10001632,PACK02,1410,0001,10002533
10001633,WINDING,1410,0007,10002534
10001634,BOTTLING,1410,0008,10002535
10001635,MIXING,1410,0008,10002537
10001636,TOT_PLNT,1410,0001,10002539
10001637,DISCR_MF,1410,0001,10002540
10001638,PVRSN_MF,1410,0001,10002542
10001639,TECHNIC,1410,0001,10002544
10001640,WORK,1410,0001,10002545
10001641,PACKING,1410,0008,10002547
10001642,RES-0100,1410,0005,10002549
10001643,RES-0200,1410,0005,10002550
10001644,RES-0300,1410,0005,10002551
10001645,RES-0400,1410,0005,10002552
10001646,QMLABS,1410,0001,00000000
10001647,BOTTLIN1,1410,0001,10002553
10001648,MIXING1,1410,0001,10002555
10001649,PACKING1,1410,0001,10002557
10001650,ASSEMBLE,1410,0001,10002559
10001651,FIN1,1410,0001,10002560
10001652,FIN2,1410,0001,10002561
10001653,SUB1,1410,0001,10002562
10001654,PRE1,1410,0001,10002563
10001655,ASSEMBLY,2510,0001,10002564
10001656,TESTING,2510,0001,10002565
10001657,PACK01,2510,0001,10002566
10001658,PACK02,2510,0001,10002567
10001659,WINDING,2510,0007,10002568
10001660,BOTTLING,2510,0008,10002569
10001661,MIXING,2510,0008,10002571
10001662,TOT_PLNT,2510,0001,10002573
10001663,DISCR_MF,2510,0001,10002574
10001664,PVRSN_MF,2510,0001,10002576
10001665,TECHNIC,2510,0001,10002578
10001666,WORK,2510,0001,10002579
10001667,PACKING,2510,0008,10002581
10001668,RES-0100,2510,0005,10002583
10001669,RES-0200,2510,0005,10002584
10001670,RES-0300,2510,0005,10002585
10001671,RES-0400,2510,0005,10002586
10001672,QMLABS,2510,0001,00000000
10001673,BOTTLIN1,2510,0001,10002587
10001674,MIXING1,2510,0001,10002589
10001675,PACKING1,2510,0001,10002591
10001676,ASSEMBLE,2510,0001,10002593
10001677,ASM1,2510,0001,10002594
10001678,FIN1,2510,0001,10002595
10001679,FIN2,2510,0001,10002596
10001680,SUB1,2510,0001,10002597
10001681,PRE1,2510,0001,10002598
10001682,TURNING1,2510,0001,10002599
10001683,TURNING2,2510,0001,10002601
10001684,DRILING,2510,0001,10002603
10001685,FINICLN,2510,0001,10002605
10001686,ASSPKG,2510,0001,10002607
10001687,TURNING9,2510,0001,10002609
10001688,ASSPKG9,2510,0001,10002611
10001689,BOT01_CP,2510,0008,10002613
10001690,BOT02_CP,2510,0008,10002615
10001691,MIX01_CP,2510,0008,10002617
10001692,PAC01_CP,2510,0008,10002619
10001693,PAC02_CP,2510,0008,10002621
10001694,BODYSHOP,2510,0007,10002623
10001695,RES-1010,2510,0008,10002624
10001696,RES-1020,2510,0008,10002626
10001697,RES-1030,2510,0008,10002628
10001698,RES-SILO,2510,0008,10002630
10001699,RES-FILL,2510,0008,10002632
10001700,ASSEMBLY,3010,0001,10002634
10001701,TESTING,3010,0001,10002635
10001702,PACK01,3010,0001,10002636
10001703,PACK02,3010,0001,10002637
10001704,WINDING,3010,0007,10002638
10001705,BOTTLING,3010,0008,10002639
10001706,MIXING,3010,0008,10002641
10001707,TOT_PLNT,3010,0001,10002643
10001708,DISCR_MF,3010,0001,10002644
10001709,PVRSN_MF,3010,0001,10002646
10001710,TECHNIC,3010,0001,10002648
10001711,WORK,3010,0001,10002649
10001712,PACKING,3010,0008,10002651
10001713,RES-0100,3010,0005,10002653
10001714,RES-0200,3010,0005,10002654
10001715,RES-0300,3010,0005,10002655
10001716,RES-0400,3010,0005,10002656
10001717,QMLABS,3010,0001,00000000
10001718,BOTTLIN1,3010,0001,10002657
10001719,MIXING1,3010,0001,10002659
10001720,PACKING1,3010,0001,10002661
10001721,ASSEMBLE,3010,0001,10002663
10001722,ASM1,3010,0001,10002664
10001723,FIN1,3010,0001,10002665
10001724,FIN2,3010,0001,10002666
10001725,SUB1,3010,0001,10002667
10001726,PRE1,3010,0001,10002668
10001727,TURNING1,3010,0001,10002669
10001728,TURNING2,3010,0001,10002671
10001729,DRILING,3010,0001,10002673
10001730,FINICLN,3010,0001,10002675
10001731,ASSPKG,3010,0001,10002677
10001732,TURNING9,3010,0001,10002679
10001733,ASSPKG9,3010,0001,10002681
10001734,BOT01_CP,3010,0008,10002683
10001735,BOT02_CP,3010,0008,10002685
10001736,MIX01_CP,3010,0008,10002687
10001737,PAC01_CP,3010,0008,10002689
10001738,PAC02_CP,3010,0008,10002691
10001739,BODYSHOP,3010,0007,10002693
10001740,RES-1010,3010,0008,10002694
10001741,RES-1020,3010,0008,10002696
10001742,RES-1030,3010,0008,10002698
10001743,RES-SILO,3010,0008,10002700
10001744,RES-FILL,3010,0008,10002702
10001745,ASSEMBLY,3910,0001,10002704
10001746,TESTING,3910,0001,10002705
10001747,PACK01,3910,0001,10002706
10001748,PACK02,3910,0001,10002707
10001749,WINDING,3910,0007,10002708
10001750,BOTTLING,3910,0008,10002709
10001751,MIXING,3910,0008,10002711
10001752,TOT_PLNT,3910,0001,10002713
10001753,DISCR_MF,3910,0001,10002714
10001754,PVRSN_MF,3910,0001,10002716
10001755,TECHNIC,3910,0001,10002718
10001756,WORK,3910,0001,10002719
10001757,PACKING,3910,0008,10002721
10001758,RES-0100,3910,0005,10002723
10001759,RES-0200,3910,0005,10002724
10001760,RES-0300,3910,0005,10002725
10001761,RES-0400,3910,0005,10002726
10001762,QMLABS,3910,0001,00000000
10001763,BOTTLIN1,3910,0001,10002727
10001764,MIXING1,3910,0001,10002729
10001765,PACKING1,3910,0001,10002731
10001766,ASSEMBLE,3910,0001,10002733
10001767,FIN1,3910,0001,10002734
10001768,FIN2,3910,0001,10002735
10001769,SUB1,3910,0001,10002736
10001770,PRE1,3910,0001,10002737
10001771,TURNING1,3910,0001,10002738
10001772,TURNING2,3910,0001,10002740
10001773,DRILING,3910,0001,10002742
10001774,FINICLN,3910,0001,10002744
10001775,ASSPKG,3910,0001,10002746
10001776,TURNING9,3910,0001,10002748
10001777,ASSPKG9,3910,0001,10002750
10001778,BOT01_CP,3910,0008,10002752
10001779,BOT02_CP,3910,0008,10002754
10001780,MIX01_CP,3910,0008,10002756
10001781,PAC01_CP,3910,0008,10002758
10001782,PAC02_CP,3910,0008,10002760
10001783,BODYSHOP,3910,0007,10002762
10001784,RES-1010,3910,0008,10002763
10001785,RES-1020,3910,0008,10002765
10001786,RES-1030,3910,0008,10002767
10001787,RES-SILO,3910,0008,10002769
10001788,RES-FILL,3910,0008,10002771
10000124,ASM1_DS,1710,0001,10000186
10000125,ASM2_DS,1710,0001,10000187
10001789,ASSEMBLY,3310,0001,10002773
10001790,TESTING,3310,0001,10002774
10001791,PACK01,3310,0001,10002775
10001792,PACK02,3310,0001,10002776
10001793,WINDING,3310,0007,10002777
10001794,BOTTLING,3310,0008,10002778
10001795,MIXING,3310,0008,10002780
10001796,TOT_PLNT,3310,0001,10002782
10001797,DISCR_MF,3310,0001,10002783
10001798,PVRSN_MF,3310,0001,10002785
10001799,TECHNIC,3310,0001,10002787
10001800,WORK,3310,0001,10002788
10001801,PACKING,3310,0008,10002790
10001802,RES-0100,3310,0005,10002792
10001803,RES-0200,3310,0005,10002793
10001804,RES-0300,3310,0005,10002794
10001805,RES-0400,3310,0005,10002795
10001806,QMLABS,3310,0001,00000000
10001807,BOTTLIN1,3310,0001,10002796
10001808,MIXING1,3310,0001,10002798
10001809,PACKING1,3310,0001,10002800
10001810,ASSEMBLE,3310,0001,10002802
10001811,ASM1,3310,0001,10002803
10001812,FIN1,3310,0001,10002804
10001813,FIN2,3310,0001,10002805
10001814,SUB1,3310,0001,10002806
10001815,PRE1,3310,0001,10002807
10001816,TURNING1,3310,0001,10002808
10001817,TURNING2,3310,0001,10002810
10001818,DRILING,3310,0001,10002812
10001819,FINICLN,3310,0001,10002814
10001820,ASSPKG,3310,0001,10002816
10001821,TURNING9,3310,0001,10002818
10001822,ASSPKG9,3310,0001,10002820
10001823,BOT01_CP,3310,0008,10002822
10001824,BOT02_CP,3310,0008,10002824
10001825,MIX01_CP,3310,0008,10002826
10001826,PAC01_CP,3310,0008,10002828
10001827,PAC02_CP,3310,0008,10002830
10001828,BODYSHOP,3310,0007,10002832
10001829,RES-1010,3310,0008,10002833
10001830,RES-1020,3310,0008,10002835
10001831,RES-1030,3310,0008,10002837
10001832,RES-SILO,3310,0008,10002839
10001833,RES-FILL,3310,0008,10002841
10001834,MIX_1,3310,0008,10002843
10001835,PKG_1,3310,0008,10002845
10001836,BODYSHOP,5910,0007,10002847
10001837,RES-1010,5910,0008,10002848
10001838,RES-1020,5910,0008,10002850
10001839,RES-1030,5910,0008,10002852
10001840,RES-SILO,5910,0008,10002854
10001841,RES-FILL,5910,0008,10002856
10001842,ASSEMBLY,3510,0001,10002858
10001843,TESTING,3510,0001,10002859
10001844,PACK01,3510,0001,10002860
10001845,PACK02,3510,0001,10002861
10001846,WINDING,3510,0007,10002862
10001847,BOTTLING,3510,0008,10002863
10001848,MIXING,3510,0008,10002865
10001849,TOT_PLNT,3510,0001,10002867
10001850,DISCR_MF,3510,0001,10002868
10001851,PVRSN_MF,3510,0001,10002870
10001852,TECHNIC,3510,0001,10002872
10001853,WORK,3510,0001,10002873
10001854,PACKING,3510,0008,10002875
10001855,RES-0100,3510,0005,10002877
10001856,RES-0200,3510,0005,10002878
10001857,RES-0300,3510,0005,10002879
10001858,RES-0400,3510,0005,10002880
10001859,QMLABS,3510,0001,00000000
10001860,ASSEMBLE,3510,0001,10002881
10001861,FIN1,3510,0001,10002882
10001862,FIN2,3510,0001,10002883
10001863,SUB1,3510,0001,10002884
10001864,PRE1,3510,0001,10002885
10001865,TURNING1,3510,0001,10002886
10001866,TURNING2,3510,0001,10002888
10001867,DRILING,3510,0001,10002890
10001868,FINICLN,3510,0001,10002892
10001869,ASSPKG,3510,0001,10002894
10001870,TURNING9,3510,0001,10002896
10001871,ASSPKG9,3510,0001,10002898
10001872,BOT01_CP,3510,0008,10002900
10001873,BOT02_CP,3510,0008,10002902
10001874,MIX01_CP,3510,0008,10002904
10001875,PAC01_CP,3510,0008,10002906
10001876,PAC02_CP,3510,0008,10002908
10001877,RES-1010,3510,0008,10002910
10001878,RES-1020,3510,0008,10002912
10001879,RES-1030,3510,0008,10002914
10001880,RES-SILO,3510,0008,10002916
10001881,RES-FILL,3510,0008,10002918
10001882,MIX_1,3510,0008,10002920
10001883,PKG_1,3510,0008,10002922
10001884,ASSEMBLY,2110,0001,10002924
10001885,TESTING,2110,0001,10002925
10001886,PACK01,2110,0001,10002926
10001887,PACK02,2110,0001,10002927
10001888,WINDING,2110,0007,10002928
10001889,BOTTLING,2110,0008,10002929
10001890,MIXING,2110,0008,10002931
10001891,TOT_PLNT,2110,0001,10002933
10001892,DISCR_MF,2110,0001,10002934
10001893,PVRSN_MF,2110,0001,10002936
10001894,TECHNIC,2110,0001,10002938
10001895,WORK,2110,0001,10002939
10001896,PACKING,2110,0008,10002941
10001897,RES-0100,2110,0005,10002943
10001898,RES-0200,2110,0005,10002944
10001899,RES-0300,2110,0005,10002945
10001900,RES-0400,2110,0005,10002946
10001901,QMLABS,2110,0001,00000000
10001902,BOTTLIN1,2110,0001,10002947
10001903,MIXING1,2110,0001,10002949
10001904,PACKING1,2110,0001,10002951
10001905,ASSEMBLE,2110,0001,10002953
10001906,ASM1,2110,0001,10002954
10001907,FIN1,2110,0001,10002955
10001908,FIN2,2110,0001,10002956
10001909,SUB1,2110,0001,10002957
10001910,PRE1,2110,0001,10002958
10001911,TURNING1,2110,0001,10002959
10001912,TURNING2,2110,0001,10002961
10001913,DRILING,2110,0001,10002963
10001914,FINICLN,2110,0001,10002965
10001915,ASSPKG,2110,0001,10002967
10001916,TURNING9,2110,0001,10002969
10001917,ASSPKG9,2110,0001,10002971
10001918,BOT01_CP,2110,0008,10002973
10001919,BOT02_CP,2110,0008,10002975
10001920,MIX01_CP,2110,0008,10002977
10001921,PAC01_CP,2110,0008,10002979
10001922,PAC02_CP,2110,0008,10002981
10001923,BODYSHOP,2110,0007,10002983
10001924,RES-1010,2110,0008,10002984
10001925,RES-1020,2110,0008,10002986
10001926,RES-1030,2110,0008,10002988
10001927,RES-SILO,2110,0008,10002990
10001928,RES-FILL,2110,0008,10002992
