MATNR,WERKS,STLAN,STLNR,STLAL
SG22,1710,1,00000001,01
FG29,1710,1,00000002,01
SG24,1710,1,00000003,01
FG226,1710,1,00000004,01
SG224,1710,1,00000005,01
SG21,1710,1,00000006,01
FG126,1710,1,00000007,99
FG126,1710,1,00000007,01
SG124,1710,1,00000008,01
SG23,1710,1,00000009,01
FG233,1710,1,00000010,01
SG233,1710,1,00000011,01
SG29,1710,1,00000012,01
FG129,1710,1,00000013,01
FG226,,2,00000014,01
FG29,,2,00000015,01
SG224,,2,00000016,01
SG24,,2,00000017,01
SG22,,2,00000018,01
SG21,,2,00000019,01
SG23,,2,00000020,01
CM-FL-V00,1710,1,00000021,01
EWMS4-50,1710,1,00000022,01
F-10A,1710,1,00000023,01
F-10B,1710,1,00000024,01
S-201,1710,1,00000025,01
S-301,1710,1,00000026,01
MZ-FG-C900,1710,1,00000027,01
MZ-FG-C950,1710,1,00000028,01
MZ-FG-C990,1710,1,00000029,01
MZ-FG-M500,1710,1,00000030,01
MZ-FG-M525,1710,1,00000031,01
MZ-FG-M550,1710,1,00000032,01
MZ-FG-R100,1710,1,00000033,01
MZ-FG-R200,1710,1,00000034,01
MZ-FG-R300,1710,1,00000035,01
FG126,,2,00000036,01
FG126,1710,1,00000007,02
SG22,1010,1,00000037,01
FG126,1010,1,00000038,01
SG124,1010,1,00000039,01
FG29,1010,1,00000040,01
SG24,1010,1,00000041,01
FG226,1010,1,00000042,01
SG224,1010,1,00000043,01
SG21,1010,1,00000044,01
FG126,1010,1,00000038,99
SG23,1010,1,00000045,01
FG233,1010,1,00000046,01
SG233,1010,1,00000047,01
SG29,1010,1,00000048,01
FG129,1010,1,00000049,01
CM-FL-V00,1010,1,00000050,01
EWMS4-50,1010,1,00000051,01
F-10A,1010,1,00000052,01
F-10B,1010,1,00000053,01
S-201,1010,1,00000054,01
S-301,1010,1,00000055,01
FG228,1010,1,00000102,01
SG234,1010,1,00000103,01
QM006,1010,1,00000104,01
F-20A,1010,1,00000105,01
S-208,1010,1,00000106,01
S-315,1010,1,00000107,01
S-210,1010,1,00000108,01
S-310,1010,1,00000109,01
FG2_CP,1010,1,00000110,01
SG2_CP,1010,1,00000111,01
SG-WPR-MOTOR,,2,00000112,01
FG111_A,1010,1,00000113,01
FG111,1010,1,00000114,01
FG111_B,1010,1,00000115,01
FG111_C,1010,1,00000116,01
SG2200,1010,1,00000117,01
SG1010,1010,1,00000118,01
FG29-1,1010,1,00000119,01
FG6200,1010,1,00000120,01
SG6100,1010,1,00000121,01
FG6500,1010,1,00000122,01
SG234,1710,1,00000123,01
QM006,1710,1,00000124,01
FG2_CP,1710,1,00000125,01
SG2_CP,1710,1,00000126,01
FG111_A,1710,1,00000127,01
FG111,1710,1,00000128,01
FG111_B,1710,1,00000129,01
FG111_C,1710,1,00000130,01
SG2200,1710,1,00000131,01
SG1010,1710,1,00000132,01
FG29-1,1710,1,00000133,01
FG6200,1710,1,00000134,01
SG6100,1710,1,00000135,01
FG6500,1710,1,00000136,01
AVC_RBT_CNTRL_UNIT,1010,3,00000142,01
AVC_RBT_APPL_UNIT,1010,5,00000143,01
AVC_RBT_ROBOT,1010,3,00000144,01
AVC_RBT_BUNDLE,1010,5,00000145,01
SGJIT01,1710,1,00000146,01
AVC_RBT_CNTRL_UNIT,1710,3,00000147,01
AVC_RBT_APPL_UNIT,1710,5,00000148,01
AVC_RBT_ROBOT,1710,3,00000149,01
AVC_RBT_BUNDLE,1710,5,00000150,01
FG126,,2,00000036,02
FG126,,2,00000036,03
CM-FL-V00-3P,1010,1,00000161,01
AVC_RBT_CONTROL,1010,1,00000162,01
AVC_RBT_LINK_ARM,1010,1,00000163,01
AVC_RBT_ROBOT2,1010,1,00000164,01
SGPCSVT01,1010,1,00000165,01
SGJIT02,1710,1,00000166,01
AVC_RBT_CONTROL,1710,1,00000167,01
AVC_RBT_LINK_ARM,1710,1,00000168,01
AVC_RBT_ROBOT2,1710,1,00000169,01
SGPCSVT01,1710,1,00000170,01
SG30,1010,1,00000178,01
FG130,1010,1,00000179,01
SGJIT02-SERIALIZED,1010,1,00000180,01
FG202,1010,1,00000181,01
SG30,1710,1,00000182,01
FG130,1710,1,00000183,01
SGJIT02-SERIALIZED,1710,1,00000184,01
FG202,1710,1,00000185,01
CM-FL-V01,1710,1,00000056,01
ZPRINTER01,1710,S,00000139,01
ZPRINTER01,1010,S,00000140,01
ZPRINTER01,1010,S,00000140,02
SGJIT01,1010,1,00000141,01
FG126_B,,2,00000171,01
FG126_V9,,2,00000172,01
FG326_A,,2,00000174,01
FG326_V9,,2,00000175,01
FG126_B,1710,1,00000176,01
FG228,1710,1,00000057,01
SG27,1710,1,00000058,01
CM-MLFL-KM-VXX,1710,1,00000059,01
F-20A,1710,1,00000060,01
S-208,1710,1,00000061,01
S-315,1710,1,00000062,01
S-210,1710,1,00000063,01
S-310,1710,1,00000064,01
FGIPD001,,2,00000065,01
SG26,1710,1,00000066,01
SGPI001-V00,1710,1,00000067,01
SG-CFP,1710,1,00000068,01
FG1_CP,1710,1,00000069,01
SG1_CP,1710,1,00000070,01
SDBOMERLAHD,1710,5,00000071,01
SDBOMLUMFHD,1710,5,00000072,01
SGME01,1710,1,00000073,01
SGME02,1710,1,00000074,01
FGME01,1710,1,00000075,01
FGME02,1710,1,00000076,01
SGME03,1710,1,00000077,01
SGME04,1710,1,00000078,01
FGME03,1710,1,00000079,01
FGME04,1710,1,00000080,01
FG326,,2,00000081,01
FG326_V1,,2,00000082,01
FG126_V1,,2,00000083,01
FG126,1710,1,00000007,03
SGPI001,1710,1,00000084,01
SG27,1010,1,00000085,01
SG26,1010,1,00000086,01
SGPI001-V00,1010,1,00000087,01
SG-CFP,1010,1,00000088,01
FG1_CP,1010,1,00000089,01
SG1_CP,1010,1,00000090,01
CM-MLFL-KM-VXX,1010,1,00000091,01
SDBOMERLAHD,1010,5,00000092,01
SDBOMLUMFHD,1010,5,00000093,01
SGME01,1010,1,00000094,01
SGME02,1010,1,00000095,01
FGME01,1010,1,00000096,01
FGME02,1010,1,00000097,01
SGME03,1010,1,00000098,01
SGME04,1010,1,00000099,01
FGME03,1010,1,00000100,01
FGME04,1010,1,00000101,01
FG-FL-MV-V00,1710,1,00000021,01
FG-FL-MV-V01,1710,1,00000021,01
FG-FL-MV-V02,1710,1,00000021,01
CM-FL-V02,1710,1,00000177,01
FG227,1710,1,00000151,01
CM-FL-V00-3P,1710,1,00000155,01
CM-FL-V00-3P,,5,00000156,01
FG227,,5,00000157,01
FG227,1710,1,00000151,02
FG126,1710,1,00000007,05
FG3_CP,1710,1,00000158,01
SG3_CP,1710,1,00000159,01
SGJIT02,1010,1,00000160,01
ZPRINTER_BOM01,1710,S,00000186,01
ZPRINTER_BOM01,1010,S,00000187,01
FG329,,2,00000188,01
FG329_V1,,2,00000189,01
FG329_B,,2,00000190,01
FG329_B1,,2,00000191,01
SG124,,2,00000192,01
FG126,1710,2,00000137,01
FG126,1710,1,00000007,04
FG326_V2,,2,00000138,01
FG326-V3,,2,00000194,01
FG326_V4,,2,00000195,01
AVC_RBT_ROBOTS,1710,3,00000197,01
AVC_RBT_ROBOTS,1010,3,00000198,01
AVC_RBT_ROBO,1710,3,00000199,01
AVC_RBT_ROBO,1010,3,00000200,01
AVC_RB_ROBOTS,1710,3,00000201,01
AVC_RB_ROBOTICS,1710,3,00000202,01
AVC_RB_ROBOTICS,1010,3,00000203,01
D2O_09077205423_C,1010,V,00000204,01
SOM_MSU_CLD_INFRA,,5,00000205,01
SOM_MSU_WL_VM,,5,00000206,01
FG1_DS,1010,1,00000207,01
SG1_DS,1010,1,00000208,01
FG2_DS,1010,1,00000209,01
SG2_DS,1010,1,00000210,01
D2O_09077205423_C,1710,V,00000211,01
FG1_DS,1710,1,00000212,01
SG1_DS,1710,1,00000213,01
FG2_DS,1710,1,00000214,01
SG2_DS,1710,1,00000215,01
SG22,1010,1,00000001,01
FG126,1010,1,00000002,01
SG124,1010,1,00000003,01
SG30,1010,1,00000004,01
FG130,1010,1,00000005,01
FG29,1010,1,00000006,01
SG24,1010,1,00000007,01
FG228,1010,1,00000008,01
SG224,1010,1,00000009,01
SG21,1010,1,00000010,01
FG126,1010,1,00000002,99
SG23,1010,1,00000011,01
SG27,1010,1,00000012,01
FG233,1010,1,00000013,01
SG233,1010,1,00000014,01
SG234,1010,1,00000015,01
SG29,1010,1,00000016,01
FG129,1010,1,00000017,01
SGPI001-V00,1010,1,00000018,01
QM006,1010,1,00000019,01
SDBOMERLAHD,1010,5,00000020,01
SDBOMLUMFHD,1010,5,00000021,01
CM-MLFL-KM-VXX,1010,1,00000022,01
CM-FL-V00,1010,1,00000023,01
EWMS4-50,1010,1,00000024,01
F-10A,1010,1,00000025,01
F-10B,1010,1,00000026,01
S-201,1010,1,00000027,01
S-301,1010,1,00000028,01
F-20A,1010,1,00000029,01
S-208,1010,1,00000030,01
S-315,1010,1,00000031,01
S-210,1010,1,00000032,01
S-310,1010,1,00000033,01
FGIPD001,,2,00000034,01
SG26,1010,1,00000035,01
SG-CFP,1010,1,00000036,01
FG1_CP,1010,1,00000037,01
SG1_CP,1010,1,00000038,01
FG2_CP,1010,1,00000039,01
SG2_CP,1010,1,00000040,01
SG-WPR-MOTOR,,2,00000041,01
SGJIT01,1010,1,00000042,01
SGJIT02,1010,1,00000043,01
SGJIT02-SERIALIZED,1010,1,00000044,01
FG111_A,1010,1,00000045,01
FG111,1010,1,00000046,01
FG111_B,1010,1,00000047,01
FG111_C,1010,1,00000048,01
SG2200,1010,1,00000049,01
SG1010,1010,1,00000050,01
FG29-1,1010,1,00000051,01
FG6200,1010,1,00000052,01
SG6100,1010,1,00000053,01
FG6500,1010,1,00000054,01
AVC_RBT_CNTRL_UNIT,1010,3,00000055,01
AVC_RBT_APPL_UNIT,1010,5,00000056,01
AVC_RBT_ROBOT,1010,3,00000057,01
AVC_RBT_BUNDLE,1010,5,00000058,01
CM-FL-V00-3P,1010,1,00000059,01
AVC_RBT_CONTROL,1010,1,00000060,01
AVC_RBT_LINK_ARM,1010,1,00000061,01
AVC_RBT_ROBOT2,1010,1,00000062,01
SGPCSVT01,1010,1,00000063,01
FG202,1010,1,00000064,01
FG29,,2,00000065,01
SG224,,2,00000066,01
SG24,,2,00000067,01
SG22,,2,00000068,01
SG21,,2,00000069,01
SG23,,2,00000070,01
D2O_09077205423_C,1010,V,00000071,01
SOM_MSU_CLD_INFRA,,5,00000072,01
SOM_MSU_WL_VM,,5,00000073,01
FG1_DS,1010,1,00000074,01
SG1_DS,1010,1,00000075,01
FG2_DS,1010,1,00000076,01
SG2_DS,1010,1,00000077,01
SG22,1710,1,00000078,01
FG126,1710,1,00000079,01
SG124,1710,1,00000080,01
SG30,1710,1,00000081,01
FG130,1710,1,00000082,01
FG29,1710,1,00000083,01
SG24,1710,1,00000084,01
FG228,1710,1,00000085,01
SG224,1710,1,00000086,01
SG21,1710,1,00000087,01
FG126,1710,1,00000079,99
SG23,1710,1,00000088,01
SG27,1710,1,00000089,01
FG233,1710,1,00000090,01
SG233,1710,1,00000091,01
SG234,1710,1,00000092,01
SG29,1710,1,00000093,01
FG129,1710,1,00000094,01
SGPI001-V00,1710,1,00000095,01
QM006,1710,1,00000096,01
SDBOMERLAHD,1710,5,00000097,01
SDBOMLUMFHD,1710,5,00000098,01
CM-MLFL-KM-VXX,1710,1,00000099,01
CM-FL-V00,1710,1,00000100,01
EWMS4-50,1710,1,00000101,01
F-10A,1710,1,00000102,01
F-10B,1710,1,00000103,01
S-201,1710,1,00000104,01
S-301,1710,1,00000105,01
F-20A,1710,1,00000106,01
S-208,1710,1,00000107,01
S-315,1710,1,00000108,01
S-210,1710,1,00000109,01
S-310,1710,1,00000110,01
SG26,1710,1,00000111,01
SG-CFP,1710,1,00000112,01
FG1_CP,1710,1,00000113,01
SG1_CP,1710,1,00000114,01
FG2_CP,1710,1,00000115,01
SG2_CP,1710,1,00000116,01
SGJIT01,1710,1,00000117,01
SGJIT02,1710,1,00000118,01
SGJIT02-SERIALIZED,1710,1,00000119,01
FG111_A,1710,1,00000120,01
FG111,1710,1,00000121,01
FG111_B,1710,1,00000122,01
FG111_C,1710,1,00000123,01
SG2200,1710,1,00000124,01
SG1010,1710,1,00000125,01
FG29-1,1710,1,00000126,01
FG6200,1710,1,00000127,01
SG6100,1710,1,00000128,01
FG6500,1710,1,00000129,01
AVC_RBT_CNTRL_UNIT,1710,3,00000130,01
AVC_RBT_APPL_UNIT,1710,5,00000131,01
AVC_RBT_ROBOT,1710,3,00000132,01
AVC_RBT_BUNDLE,1710,5,00000133,01
CM-FL-V00-3P,1710,1,00000134,01
AVC_RBT_CONTROL,1710,1,00000135,01
AVC_RBT_LINK_ARM,1710,1,00000136,01
AVC_RBT_ROBOT2,1710,1,00000137,01
SGPCSVT01,1710,1,00000138,01
FG202,1710,1,00000139,01
D2O_09077205423_C,1710,V,00000140,01
FG1_DS,1710,1,00000141,01
SG1_DS,1710,1,00000142,01
FG2_DS,1710,1,00000143,01
SG2_DS,1710,1,00000144,01
SG22,6410,1,00000145,01
FG126,6410,1,00000146,01
SG124,6410,1,00000147,01
SG30,6410,1,00000148,01
FG130,6410,1,00000149,01
FG29,6410,1,00000150,01
SG24,6410,1,00000151,01
FG228,6410,1,00000152,01
SG224,6410,1,00000153,01
SG21,6410,1,00000154,01
FG126,6410,1,00000146,99
SG23,6410,1,00000155,01
SG27,6410,1,00000156,01
FG233,6410,1,00000157,01
SG233,6410,1,00000158,01
SG234,6410,1,00000159,01
SG29,6410,1,00000160,01
FG129,6410,1,00000161,01
SGPI001-V00,6410,1,00000162,01
QM006,6410,1,00000163,01
SDBOMERLAHD,6410,5,00000164,01
SDBOMLUMFHD,6410,5,00000165,01
CM-MLFL-KM-VXX,6410,1,00000166,01
CM-FL-V00,6410,1,00000167,01
EWMS4-50,6410,1,00000168,01
F-10A,6410,1,00000169,01
F-10B,6410,1,00000170,01
S-201,6410,1,00000171,01
S-301,6410,1,00000172,01
F-20A,6410,1,00000173,01
S-208,6410,1,00000174,01
S-315,6410,1,00000175,01
S-210,6410,1,00000176,01
S-310,6410,1,00000177,01
SG26,6410,1,00000178,01
SG-CFP,6410,1,00000179,01
FG1_CP,6410,1,00000180,01
SG1_CP,6410,1,00000181,01
FG2_CP,6410,1,00000182,01
SG2_CP,6410,1,00000183,01
SGJIT01,6410,1,00000184,01
SGJIT02,6410,1,00000185,01
FG111_A,6410,1,00000186,01
FG111,6410,1,00000187,01
FG111_B,6410,1,00000188,01
FG111_C,6410,1,00000189,01
SG2200,6410,1,00000190,01
SG1010,6410,1,00000191,01
FG29-1,6410,1,00000192,01
FG6200,6410,1,00000193,01
SG6100,6410,1,00000194,01
FG6500,6410,1,00000195,01
AVC_RBT_CNTRL_UNIT,6410,3,00000196,01
AVC_RBT_APPL_UNIT,6410,5,00000197,01
AVC_RBT_ROBOT,6410,3,00000198,01
AVC_RBT_BUNDLE,6410,5,00000199,01
SG22,6310,1,00000200,01
FG126,6310,1,00000201,01
SG124,6310,1,00000202,01
SG30,6310,1,00000203,01
FG130,6310,1,00000204,01
FG29,6310,1,00000205,01
SG24,6310,1,00000206,01
FG228,6310,1,00000207,01
SG224,6310,1,00000208,01
SG21,6310,1,00000209,01
FG126,6310,1,00000201,99
SG23,6310,1,00000210,01
SG27,6310,1,00000211,01
FG233,6310,1,00000212,01
SG233,6310,1,00000213,01
SG234,6310,1,00000214,01
SG29,6310,1,00000215,01
FG129,6310,1,00000216,01
SGPI001-V00,6310,1,00000217,01
QM006,6310,1,00000218,01
SDBOMERLAHD,6310,5,00000219,01
SDBOMLUMFHD,6310,5,00000220,01
CM-MLFL-KM-VXX,6310,1,00000221,01
CM-FL-V00,6310,1,00000222,01
EWMS4-50,6310,1,00000223,01
F-10A,6310,1,00000224,01
F-10B,6310,1,00000225,01
S-201,6310,1,00000226,01
S-301,6310,1,00000227,01
F-20A,6310,1,00000228,01
S-208,6310,1,00000229,01
S-315,6310,1,00000230,01
S-210,6310,1,00000231,01
S-310,6310,1,00000232,01
SG26,6310,1,00000233,01
SG-CFP,6310,1,00000234,01
FG1_CP,6310,1,00000235,01
SG1_CP,6310,1,00000236,01
FG2_CP,6310,1,00000237,01
SG2_CP,6310,1,00000238,01
SGJIT01,6310,1,00000239,01
SGJIT02,6310,1,00000240,01
FG111_A,6310,1,00000241,01
FG111,6310,1,00000242,01
FG111_B,6310,1,00000243,01
FG111_C,6310,1,00000244,01
SG2200,6310,1,00000245,01
SG1010,6310,1,00000246,01
FG29-1,6310,1,00000247,01
FG6200,6310,1,00000248,01
SG6100,6310,1,00000249,01
FG6500,6310,1,00000250,01
AVC_RBT_CNTRL_UNIT,6310,3,00000251,01
AVC_RBT_APPL_UNIT,6310,5,00000252,01
AVC_RBT_ROBOT,6310,3,00000253,01
AVC_RBT_BUNDLE,6310,5,00000254,01
SG22,3610,1,00000255,01
FG126,3610,1,00000256,01
SG124,3610,1,00000257,01
SG30,3610,1,00000258,01
FG130,3610,1,00000259,01
FG29,3610,1,00000260,01
SG24,3610,1,00000261,01
FG228,3610,1,00000262,01
SG224,3610,1,00000263,01
SG21,3610,1,00000264,01
FG126,3610,1,00000256,99
SG23,3610,1,00000265,01
SG27,3610,1,00000266,01
FG233,3610,1,00000267,01
SG233,3610,1,00000268,01
SG234,3610,1,00000269,01
SG29,3610,1,00000270,01
FG129,3610,1,00000271,01
SGPI001-V00,3610,1,00000272,01
QM006,3610,1,00000273,01
SDBOMERLAHD,3610,5,00000274,01
SDBOMLUMFHD,3610,5,00000275,01
CM-MLFL-KM-VXX,3610,1,00000276,01
CM-FL-V00,3610,1,00000277,01
F-10A,3610,1,00000278,01
F-10B,3610,1,00000279,01
S-201,3610,1,00000280,01
S-301,3610,1,00000281,01
F-20A,3610,1,00000282,01
S-208,3610,1,00000283,01
S-315,3610,1,00000284,01
S-210,3610,1,00000285,01
S-310,3610,1,00000286,01
SG26,3610,1,00000287,01
SG-CFP,3610,1,00000288,01
FG1_CP,3610,1,00000289,01
SG1_CP,3610,1,00000290,01
FG2_CP,3610,1,00000291,01
SG2_CP,3610,1,00000292,01
SGJIT01,3610,1,00000293,01
SGJIT02,3610,1,00000294,01
FG111_A,3610,1,00000295,01
FG111,3610,1,00000296,01
FG111_B,3610,1,00000297,01
FG111_C,3610,1,00000298,01
SG2200,3610,1,00000299,01
SG1010,3610,1,00000300,01
FG29-1,3610,1,00000301,01
FG6200,3610,1,00000302,01
SG6100,3610,1,00000303,01
FG6500,3610,1,00000304,01
AVC_RBT_CNTRL_UNIT,3610,3,00000305,01
AVC_RBT_APPL_UNIT,3610,5,00000306,01
AVC_RBT_ROBOT,3610,3,00000307,01
AVC_RBT_BUNDLE,3610,5,00000308,01
SG22,6810,1,00000309,01
FG126,6810,1,00000310,01
SG124,6810,1,00000311,01
SG30,6810,1,00000312,01
FG130,6810,1,00000313,01
FG29,6810,1,00000314,01
SG24,6810,1,00000315,01
FG228,6810,1,00000316,01
SG224,6810,1,00000317,01
SG21,6810,1,00000318,01
FG126,6810,1,00000310,99
SG23,6810,1,00000319,01
SG27,6810,1,00000320,01
FG233,6810,1,00000321,01
SG233,6810,1,00000322,01
SG234,6810,1,00000323,01
SG29,6810,1,00000324,01
FG129,6810,1,00000325,01
SGPI001-V00,6810,1,00000326,01
QM006,6810,1,00000327,01
SDBOMERLAHD,6810,5,00000328,01
SDBOMLUMFHD,6810,5,00000329,01
CM-MLFL-KM-VXX,6810,1,00000330,01
CM-FL-V00,6810,1,00000331,01
F-10A,6810,1,00000332,01
F-10B,6810,1,00000333,01
S-201,6810,1,00000334,01
S-301,6810,1,00000335,01
F-20A,6810,1,00000336,01
S-208,6810,1,00000337,01
S-315,6810,1,00000338,01
S-210,6810,1,00000339,01
S-310,6810,1,00000340,01
SG26,6810,1,00000341,01
FG1_CP,6810,1,00000342,01
SG1_CP,6810,1,00000343,01
FG2_CP,6810,1,00000344,01
SG2_CP,6810,1,00000345,01
SGJIT01,6810,1,00000346,01
SGJIT02,6810,1,00000347,01
FG111_A,6810,1,00000348,01
FG111,6810,1,00000349,01
FG111_B,6810,1,00000350,01
FG111_C,6810,1,00000351,01
SG2200,6810,1,00000352,01
SG1010,6810,1,00000353,01
FG29-1,6810,1,00000354,01
FG6200,6810,1,00000355,01
SG6100,6810,1,00000356,01
FG6500,6810,1,00000357,01
AVC_RBT_CNTRL_UNIT,6810,3,00000358,01
AVC_RBT_APPL_UNIT,6810,5,00000359,01
AVC_RBT_ROBOT,6810,3,00000360,01
AVC_RBT_BUNDLE,6810,5,00000361,01
SG22,2710,1,00000362,01
FG126,2710,1,00000363,01
SG124,2710,1,00000364,01
SG30,2710,1,00000365,01
FG130,2710,1,00000366,01
FG29,2710,1,00000367,01
SG24,2710,1,00000368,01
FG228,2710,1,00000369,01
SG224,2710,1,00000370,01
SG21,2710,1,00000371,01
FG126,2710,1,00000363,99
SG23,2710,1,00000372,01
SG27,2710,1,00000373,01
FG233,2710,1,00000374,01
SG233,2710,1,00000375,01
SG234,2710,1,00000376,01
SG29,2710,1,00000377,01
FG129,2710,1,00000378,01
SGPI001-V00,2710,1,00000379,01
QM006,2710,1,00000380,01
SDBOMERLAHD,2710,5,00000381,01
SDBOMLUMFHD,2710,5,00000382,01
CM-MLFL-KM-VXX,2710,1,00000383,01
CM-FL-V00,2710,1,00000384,01
F-10A,2710,1,00000385,01
F-10B,2710,1,00000386,01
S-201,2710,1,00000387,01
S-301,2710,1,00000388,01
F-20A,2710,1,00000389,01
S-208,2710,1,00000390,01
S-315,2710,1,00000391,01
S-210,2710,1,00000392,01
S-310,2710,1,00000393,01
SG26,2710,1,00000394,01
SG-CFP,2710,1,00000395,01
FG1_CP,2710,1,00000396,01
SG1_CP,2710,1,00000397,01
FG2_CP,2710,1,00000398,01
SG2_CP,2710,1,00000399,01
SGJIT01,2710,1,00000400,01
SGJIT02,2710,1,00000401,01
SG2200,2710,1,00000402,01
SG1010,2710,1,00000403,01
FG29-1,2710,1,00000404,01
FG6200,2710,1,00000405,01
SG6100,2710,1,00000406,01
FG6500,2710,1,00000407,01
AVC_RBT_CNTRL_UNIT,2710,3,00000408,01
AVC_RBT_APPL_UNIT,2710,5,00000409,01
AVC_RBT_ROBOT,2710,3,00000410,01
AVC_RBT_BUNDLE,2710,5,00000411,01
SG22,6110,1,00000412,01
FG126,6110,1,00000413,01
SG124,6110,1,00000414,01
SG30,6110,1,00000415,01
FG130,6110,1,00000416,01
FG29,6110,1,00000417,01
SG24,6110,1,00000418,01
FG228,6110,1,00000419,01
SG224,6110,1,00000420,01
SG21,6110,1,00000421,01
FG126,6110,1,00000413,99
SG23,6110,1,00000422,01
SG27,6110,1,00000423,01
FG233,6110,1,00000424,01
SG233,6110,1,00000425,01
SG234,6110,1,00000426,01
SG29,6110,1,00000427,01
FG129,6110,1,00000428,01
SGPI001-V00,6110,1,00000429,01
QM006,6110,1,00000430,01
SDBOMERLAHD,6110,5,00000431,01
SDBOMLUMFHD,6110,5,00000432,01
CM-MLFL-KM-VXX,6110,1,00000433,01
CM-FL-V00,6110,1,00000434,01
EWMS4-50,6110,1,00000435,01
F-10A,6110,1,00000436,01
F-10B,6110,1,00000437,01
S-201,6110,1,00000438,01
S-301,6110,1,00000439,01
F-20A,6110,1,00000440,01
S-208,6110,1,00000441,01
S-315,6110,1,00000442,01
S-210,6110,1,00000443,01
S-310,6110,1,00000444,01
SG26,6110,1,00000445,01
SG-CFP,6110,1,00000446,01
FG1_CP,6110,1,00000447,01
SG1_CP,6110,1,00000448,01
FG2_CP,6110,1,00000449,01
SG2_CP,6110,1,00000450,01
SGJIT01,6110,1,00000451,01
SGJIT02,6110,1,00000452,01
FG111_A,6110,1,00000453,01
FG111,6110,1,00000454,01
FG111_B,6110,1,00000455,01
FG111_C,6110,1,00000456,01
SG2200,6110,1,00000457,01
SG1010,6110,1,00000458,01
FG29-1,6110,1,00000459,01
FG6200,6110,1,00000460,01
SG6100,6110,1,00000461,01
FG6500,6110,1,00000462,01
AVC_RBT_CNTRL_UNIT,6110,3,00000463,01
AVC_RBT_APPL_UNIT,6110,5,00000464,01
AVC_RBT_ROBOT,6110,3,00000465,01
AVC_RBT_BUNDLE,6110,5,00000466,01
SG22,1910,1,00000467,01
FG126,1910,1,00000468,01
SG124,1910,1,00000469,01
SG30,1910,1,00000470,01
FG130,1910,1,00000471,01
FG29,1910,1,00000472,01
SG24,1910,1,00000473,01
FG228,1910,1,00000474,01
SG224,1910,1,00000475,01
SG21,1910,1,00000476,01
FG126,1910,1,00000468,99
SG23,1910,1,00000477,01
SG27,1910,1,00000478,01
FG233,1910,1,00000479,01
SG233,1910,1,00000480,01
SG234,1910,1,00000481,01
SG29,1910,1,00000482,01
FG129,1910,1,00000483,01
SGPI001-V00,1910,1,00000484,01
QM006,1910,1,00000485,01
SDBOMERLAHD,1910,5,00000486,01
SDBOMLUMFHD,1910,5,00000487,01
CM-MLFL-KM-VXX,1910,1,00000488,01
CM-FL-V00,1910,1,00000489,01
EWMS4-50,1910,1,00000490,01
F-10A,1910,1,00000491,01
F-10B,1910,1,00000492,01
S-201,1910,1,00000493,01
S-301,1910,1,00000494,01
F-20A,1910,1,00000495,01
S-208,1910,1,00000496,01
S-315,1910,1,00000497,01
S-210,1910,1,00000498,01
S-310,1910,1,00000499,01
SG26,1910,1,00000500,01
SG-CFP,1910,1,00000501,01
FG1_CP,1910,1,00000502,01
SG1_CP,1910,1,00000503,01
FG2_CP,1910,1,00000504,01
SG2_CP,1910,1,00000505,01
SGJIT01,1910,1,00000506,01
SGJIT02,1910,1,00000507,01
FG111_A,1910,1,00000508,01
FG111,1910,1,00000509,01
FG111_B,1910,1,00000510,01
FG111_C,1910,1,00000511,01
SG2200,1910,1,00000512,01
SG1010,1910,1,00000513,01
FG29-1,1910,1,00000514,01
FG6200,1910,1,00000515,01
SG6100,1910,1,00000516,01
FG6500,1910,1,00000517,01
AVC_RBT_CNTRL_UNIT,1910,3,00000518,01
AVC_RBT_APPL_UNIT,1910,5,00000519,01
AVC_RBT_ROBOT,1910,3,00000520,01
AVC_RBT_BUNDLE,1910,5,00000521,01
SG22,5910,1,00000522,01
FG126,5910,1,00000523,01
SG124,5910,1,00000524,01
SG30,5910,1,00000525,01
FG130,5910,1,00000526,01
FG29,5910,1,00000527,01
SG24,5910,1,00000528,01
FG228,5910,1,00000529,01
SG224,5910,1,00000530,01
SG21,5910,1,00000531,01
FG126,5910,1,00000523,99
SG23,5910,1,00000532,01
SG27,5910,1,00000533,01
FG233,5910,1,00000534,01
SG233,5910,1,00000535,01
SG234,5910,1,00000536,01
SG29,5910,1,00000537,01
FG129,5910,1,00000538,01
SGPI001-V00,5910,1,00000539,01
QM006,5910,1,00000540,01
SDBOMERLAHD,5910,5,00000541,01
SDBOMLUMFHD,5910,5,00000542,01
CM-MLFL-KM-VXX,5910,1,00000543,01
CM-FL-V00,5910,1,00000544,01
F-10A,5910,1,00000545,01
F-10B,5910,1,00000546,01
S-201,5910,1,00000547,01
S-301,5910,1,00000548,01
F-20A,5910,1,00000549,01
S-208,5910,1,00000550,01
S-315,5910,1,00000551,01
S-210,5910,1,00000552,01
S-310,5910,1,00000553,01
SG26,5910,1,00000554,01
SG-CFP,5910,1,00000555,01
FG1_CP,5910,1,00000556,01
SG1_CP,5910,1,00000557,01
FG2_CP,5910,1,00000558,01
SG2_CP,5910,1,00000559,01
SG22,1610,1,00000560,01
FG126,1610,1,00000561,01
SG124,1610,1,00000562,01
SG30,1610,1,00000563,01
FG130,1610,1,00000564,01
FG29,1610,1,00000565,01
SG24,1610,1,00000566,01
FG228,1610,1,00000567,01
SG224,1610,1,00000568,01
SG21,1610,1,00000569,01
FG126,1610,1,00000561,99
SG23,1610,1,00000570,01
SG27,1610,1,00000571,01
FG233,1610,1,00000572,01
SG233,1610,1,00000573,01
SG234,1610,1,00000574,01
SG29,1610,1,00000575,01
FG129,1610,1,00000576,01
SGPI001-V00,1610,1,00000577,01
QM006,1610,1,00000578,01
SDBOMERLAHD,1610,5,00000579,01
SDBOMLUMFHD,1610,5,00000580,01
CM-MLFL-KM-VXX,1610,1,00000581,01
CM-FL-V00,1610,1,00000582,01
EWMS4-50,1610,1,00000583,01
F-10A,1610,1,00000584,01
F-10B,1610,1,00000585,01
S-201,1610,1,00000586,01
S-301,1610,1,00000587,01
F-20A,1610,1,00000588,01
S-208,1610,1,00000589,01
S-315,1610,1,00000590,01
S-210,1610,1,00000591,01
S-310,1610,1,00000592,01
SG-CFP,1610,1,00000593,01
FG1_CP,1610,1,00000594,01
SG1_CP,1610,1,00000595,01
FG2_CP,1610,1,00000596,01
SG2_CP,1610,1,00000597,01
FG111_A,1610,1,00000598,01
FG111,1610,1,00000599,01
FG111_B,1610,1,00000600,01
FG111_C,1610,1,00000601,01
SG2200,1610,1,00000602,01
SG1010,1610,1,00000603,01
FG29-1,1610,1,00000604,01
FG6200,1610,1,00000605,01
SG6100,1610,1,00000606,01
FG6500,1610,1,00000607,01
AVC_RBT_CNTRL_UNIT,1610,3,00000608,01
AVC_RBT_APPL_UNIT,1610,5,00000609,01
AVC_RBT_ROBOT,1610,3,00000610,01
AVC_RBT_BUNDLE,1610,5,00000611,01
SG22,2810,1,00000612,01
FG126,2810,1,00000613,01
SG124,2810,1,00000614,01
SG30,2810,1,00000615,01
FG130,2810,1,00000616,01
FG29,2810,1,00000617,01
SG24,2810,1,00000618,01
FG228,2810,1,00000619,01
SG224,2810,1,00000620,01
SG21,2810,1,00000621,01
FG126,2810,1,00000613,99
SG23,2810,1,00000622,01
SG27,2810,1,00000623,01
FG233,2810,1,00000624,01
SG233,2810,1,00000625,01
SG234,2810,1,00000626,01
SG29,2810,1,00000627,01
FG129,2810,1,00000628,01
SGPI001-V00,2810,1,00000629,01
QM006,2810,1,00000630,01
SDBOMERLAHD,2810,5,00000631,01
SDBOMLUMFHD,2810,5,00000632,01
CM-MLFL-KM-VXX,2810,1,00000633,01
CM-FL-V00,2810,1,00000634,01
F-10A,2810,1,00000635,01
F-10B,2810,1,00000636,01
S-201,2810,1,00000637,01
S-301,2810,1,00000638,01
F-20A,2810,1,00000639,01
S-208,2810,1,00000640,01
S-315,2810,1,00000641,01
S-210,2810,1,00000642,01
S-310,2810,1,00000643,01
SG26,2810,1,00000644,01
SG-CFP,2810,1,00000645,01
FG1_CP,2810,1,00000646,01
SG1_CP,2810,1,00000647,01
FG2_CP,2810,1,00000648,01
SG2_CP,2810,1,00000649,01
SGJIT01,2810,1,00000650,01
SGJIT02,2810,1,00000651,01
FG111_A,2810,1,00000652,01
FG111,2810,1,00000653,01
FG111_B,2810,1,00000654,01
FG111_C,2810,1,00000655,01
SG2200,2810,1,00000656,01
SG1010,2810,1,00000657,01
FG29-1,2810,1,00000658,01
FG6200,2810,1,00000659,01
SG6100,2810,1,00000660,01
FG6500,2810,1,00000661,01
AVC_RBT_CNTRL_UNIT,2810,3,00000662,01
AVC_RBT_APPL_UNIT,2810,5,00000663,01
AVC_RBT_ROBOT,2810,3,00000664,01
AVC_RBT_BUNDLE,2810,5,00000665,01
SG22,2610,1,00000666,01
FG126,2610,1,00000667,01
SG124,2610,1,00000668,01
SG30,2610,1,00000669,01
FG130,2610,1,00000670,01
FG29,2610,1,00000671,01
SG24,2610,1,00000672,01
FG228,2610,1,00000673,01
SG224,2610,1,00000674,01
SG21,2610,1,00000675,01
FG126,2610,1,00000667,99
SG23,2610,1,00000676,01
SG27,2610,1,00000677,01
FG233,2610,1,00000678,01
SG233,2610,1,00000679,01
SG234,2610,1,00000680,01
SG29,2610,1,00000681,01
FG129,2610,1,00000682,01
SGPI001-V00,2610,1,00000683,01
QM006,2610,1,00000684,01
SDBOMERLAHD,2610,5,00000685,01
SDBOMLUMFHD,2610,5,00000686,01
CM-MLFL-KM-VXX,2610,1,00000687,01
CM-FL-V00,2610,1,00000688,01
F-10A,2610,1,00000689,01
F-10B,2610,1,00000690,01
S-201,2610,1,00000691,01
S-301,2610,1,00000692,01
F-20A,2610,1,00000693,01
S-208,2610,1,00000694,01
S-315,2610,1,00000695,01
S-210,2610,1,00000696,01
S-310,2610,1,00000697,01
SG26,2610,1,00000698,01
SG-CFP,2610,1,00000699,01
FG1_CP,2610,1,00000700,01
SG1_CP,2610,1,00000701,01
FG2_CP,2610,1,00000702,01
SG2_CP,2610,1,00000703,01
SGJIT01,2610,1,00000704,01
SGJIT02,2610,1,00000705,01
FG111_A,2610,1,00000706,01
FG111,2610,1,00000707,01
FG111_B,2610,1,00000708,01
FG111_C,2610,1,00000709,01
SG2200,2610,1,00000710,01
SG1010,2610,1,00000711,01
FG29-1,2610,1,00000712,01
FG6200,2610,1,00000713,01
SG6100,2610,1,00000714,01
FG6500,2610,1,00000715,01
AVC_RBT_CNTRL_UNIT,2610,3,00000716,01
AVC_RBT_APPL_UNIT,2610,5,00000717,01
AVC_RBT_ROBOT,2610,3,00000718,01
AVC_RBT_BUNDLE,2610,5,00000719,01
SG22,5810,1,00000720,01
FG126,5810,1,00000721,01
SG124,5810,1,00000722,01
SG30,5810,1,00000723,01
FG130,5810,1,00000724,01
FG29,5810,1,00000725,01
SG24,5810,1,00000726,01
FG228,5810,1,00000727,01
SG224,5810,1,00000728,01
SG21,5810,1,00000729,01
FG126,5810,1,00000721,99
SG23,5810,1,00000730,01
SG27,5810,1,00000731,01
FG233,5810,1,00000732,01
SG233,5810,1,00000733,01
SG234,5810,1,00000734,01
SG29,5810,1,00000735,01
FG129,5810,1,00000736,01
SGPI001-V00,5810,1,00000737,01
QM006,5810,1,00000738,01
SDBOMERLAHD,5810,5,00000739,01
SDBOMLUMFHD,5810,5,00000740,01
CM-MLFL-KM-VXX,5810,1,00000741,01
CM-FL-V00,5810,1,00000742,01
EWMS4-50,5810,1,00000743,01
F-10A,5810,1,00000744,01
F-10B,5810,1,00000745,01
S-201,5810,1,00000746,01
S-301,5810,1,00000747,01
F-20A,5810,1,00000748,01
S-208,5810,1,00000749,01
S-315,5810,1,00000750,01
S-210,5810,1,00000751,01
S-310,5810,1,00000752,01
SG26,5810,1,00000753,01
SG-CFP,5810,1,00000754,01
FG1_CP,5810,1,00000755,01
SG1_CP,5810,1,00000756,01
FG2_CP,5810,1,00000757,01
SG2_CP,5810,1,00000758,01
SGJIT01,5810,1,00000759,01
SGJIT02,5810,1,00000760,01
FG111_A,5810,1,00000761,01
FG111,5810,1,00000762,01
FG111_B,5810,1,00000763,01
FG111_C,5810,1,00000764,01
SG2200,5810,1,00000765,01
SG1010,5810,1,00000766,01
FG29-1,5810,1,00000767,01
FG6200,5810,1,00000768,01
SG6100,5810,1,00000769,01
FG6500,5810,1,00000770,01
AVC_RBT_CNTRL_UNIT,5810,3,00000771,01
AVC_RBT_APPL_UNIT,5810,5,00000772,01
AVC_RBT_ROBOT,5810,3,00000773,01
AVC_RBT_BUNDLE,5810,5,00000774,01
SG22,6910,1,00000775,01
FG126,6910,1,00000776,01
SG124,6910,1,00000777,01
SG30,6910,1,00000778,01
FG130,6910,1,00000779,01
FG29,6910,1,00000780,01
SG24,6910,1,00000781,01
FG228,6910,1,00000782,01
SG224,6910,1,00000783,01
SG21,6910,1,00000784,01
FG126,6910,1,00000776,99
SG23,6910,1,00000785,01
SG27,6910,1,00000786,01
FG233,6910,1,00000787,01
SG233,6910,1,00000788,01
SG234,6910,1,00000789,01
SG29,6910,1,00000790,01
FG129,6910,1,00000791,01
SGPI001-V00,6910,1,00000792,01
QM006,6910,1,00000793,01
SDBOMERLAHD,6910,5,00000794,01
SDBOMLUMFHD,6910,5,00000795,01
CM-MLFL-KM-VXX,6910,1,00000796,01
CM-FL-V00,6910,1,00000797,01
EWMS4-50,6910,1,00000798,01
F-10A,6910,1,00000799,01
F-10B,6910,1,00000800,01
S-201,6910,1,00000801,01
S-301,6910,1,00000802,01
F-20A,6910,1,00000803,01
S-208,6910,1,00000804,01
S-315,6910,1,00000805,01
S-210,6910,1,00000806,01
S-310,6910,1,00000807,01
SG26,6910,1,00000808,01
SG-CFP,6910,1,00000809,01
FG1_CP,6910,1,00000810,01
SG1_CP,6910,1,00000811,01
FG2_CP,6910,1,00000812,01
SG2_CP,6910,1,00000813,01
SGJIT01,6910,1,00000814,01
SGJIT02,6910,1,00000815,01
FG111_A,6910,1,00000816,01
FG111,6910,1,00000817,01
FG111_B,6910,1,00000818,01
FG111_C,6910,1,00000819,01
SG2200,6910,1,00000820,01
SG1010,6910,1,00000821,01
FG29-1,6910,1,00000822,01
FG6200,6910,1,00000823,01
SG6100,6910,1,00000824,01
FG6500,6910,1,00000825,01
AVC_RBT_CNTRL_UNIT,6910,3,00000826,01
AVC_RBT_APPL_UNIT,6910,5,00000827,01
AVC_RBT_ROBOT,6910,3,00000828,01
AVC_RBT_BUNDLE,6910,5,00000829,01
SG22,4410,1,00000830,01
FG126,4410,1,00000831,01
SG124,4410,1,00000832,01
SG30,4410,1,00000833,01
FG130,4410,1,00000834,01
FG29,4410,1,00000835,01
SG24,4410,1,00000836,01
FG228,4410,1,00000837,01
SG224,4410,1,00000838,01
SG21,4410,1,00000839,01
FG126,4410,1,00000831,99
SG23,4410,1,00000840,01
SG27,4410,1,00000841,01
FG233,4410,1,00000842,01
SG233,4410,1,00000843,01
SG234,4410,1,00000844,01
SG29,4410,1,00000845,01
FG129,4410,1,00000846,01
SGPI001-V00,4410,1,00000847,01
QM006,4410,1,00000848,01
SDBOMERLAHD,4410,5,00000849,01
SDBOMLUMFHD,4410,5,00000850,01
CM-MLFL-KM-VXX,4410,1,00000851,01
CM-FL-V00,4410,1,00000852,01
F-10A,4410,1,00000853,01
F-10B,4410,1,00000854,01
S-201,4410,1,00000855,01
S-301,4410,1,00000856,01
F-20A,4410,1,00000857,01
S-208,4410,1,00000858,01
S-315,4410,1,00000859,01
S-210,4410,1,00000860,01
S-310,4410,1,00000861,01
SG26,4410,1,00000862,01
SG-CFP,4410,1,00000863,01
FG1_CP,4410,1,00000864,01
SG1_CP,4410,1,00000865,01
FG2_CP,4410,1,00000866,01
SG2_CP,4410,1,00000867,01
SGJIT01,4410,1,00000868,01
SGJIT02,4410,1,00000869,01
FG111_A,4410,1,00000870,01
FG111,4410,1,00000871,01
FG111_B,4410,1,00000872,01
FG111_C,4410,1,00000873,01
SG2200,4410,1,00000874,01
SG1010,4410,1,00000875,01
FG29-1,4410,1,00000876,01
FG6200,4410,1,00000877,01
SG6100,4410,1,00000878,01
FG6500,4410,1,00000879,01
AVC_RBT_CNTRL_UNIT,4410,3,00000880,01
AVC_RBT_APPL_UNIT,4410,5,00000881,01
AVC_RBT_ROBOT,4410,3,00000882,01
AVC_RBT_BUNDLE,4410,5,00000883,01
SG22,3710,1,00000884,01
FG126,3710,1,00000885,01
SG124,3710,1,00000886,01
SG30,3710,1,00000887,01
FG130,3710,1,00000888,01
FG29,3710,1,00000889,01
SG24,3710,1,00000890,01
FG228,3710,1,00000891,01
SG224,3710,1,00000892,01
SG21,3710,1,00000893,01
FG126,3710,1,00000885,99
SG23,3710,1,00000894,01
SG27,3710,1,00000895,01
FG233,3710,1,00000896,01
SG233,3710,1,00000897,01
SG234,3710,1,00000898,01
SG29,3710,1,00000899,01
FG129,3710,1,00000900,01
SGPI001-V00,3710,1,00000901,01
QM006,3710,1,00000902,01
SDBOMERLAHD,3710,5,00000903,01
SDBOMLUMFHD,3710,5,00000904,01
CM-MLFL-KM-VXX,3710,1,00000905,01
CM-FL-V00,3710,1,00000906,01
EWMS4-50,3710,1,00000907,01
F-10A,3710,1,00000908,01
F-10B,3710,1,00000909,01
S-201,3710,1,00000910,01
S-301,3710,1,00000911,01
F-20A,3710,1,00000912,01
S-208,3710,1,00000913,01
S-315,3710,1,00000914,01
S-210,3710,1,00000915,01
S-310,3710,1,00000916,01
SG26,3710,1,00000917,01
SG-CFP,3710,1,00000918,01
FG1_CP,3710,1,00000919,01
SG1_CP,3710,1,00000920,01
FG2_CP,3710,1,00000921,01
SG2_CP,3710,1,00000922,01
SGJIT01,3710,1,00000923,01
SGJIT02,3710,1,00000924,01
FG111_A,3710,1,00000925,01
FG111,3710,1,00000926,01
FG111_B,3710,1,00000927,01
FG111_C,3710,1,00000928,01
SG2200,3710,1,00000929,01
SG1010,3710,1,00000930,01
FG29-1,3710,1,00000931,01
FG6200,3710,1,00000932,01
SG6100,3710,1,00000933,01
FG6500,3710,1,00000934,01
AVC_RBT_CNTRL_UNIT,3710,3,00000935,01
AVC_RBT_APPL_UNIT,3710,5,00000936,01
AVC_RBT_ROBOT,3710,3,00000937,01
AVC_RBT_BUNDLE,3710,5,00000938,01
SG22,5410,1,00000939,01
FG126,5410,1,00000940,01
SG124,5410,1,00000941,01
SG30,5410,1,00000942,01
FG130,5410,1,00000943,01
FG29,5410,1,00000944,01
SG24,5410,1,00000945,01
FG228,5410,1,00000946,01
SG224,5410,1,00000947,01
SG21,5410,1,00000948,01
FG126,5410,1,00000940,99
SG23,5410,1,00000949,01
SG27,5410,1,00000950,01
FG233,5410,1,00000951,01
SG233,5410,1,00000952,01
SG234,5410,1,00000953,01
SG29,5410,1,00000954,01
FG129,5410,1,00000955,01
SGPI001-V00,5410,1,00000956,01
QM006,5410,1,00000957,01
SDBOMERLAHD,5410,5,00000958,01
SDBOMLUMFHD,5410,5,00000959,01
CM-MLFL-KM-VXX,5410,1,00000960,01
CM-FL-V00,5410,1,00000961,01
EWMS4-50,5410,1,00000962,01
F-10A,5410,1,00000963,01
F-10B,5410,1,00000964,01
S-201,5410,1,00000965,01
S-301,5410,1,00000966,01
F-20A,5410,1,00000967,01
S-208,5410,1,00000968,01
S-315,5410,1,00000969,01
S-210,5410,1,00000970,01
S-310,5410,1,00000971,01
SG26,5410,1,00000972,01
SG-CFP,5410,1,00000973,01
FG1_CP,5410,1,00000974,01
SG1_CP,5410,1,00000975,01
FG2_CP,5410,1,00000976,01
SG2_CP,5410,1,00000977,01
SGJIT01,5410,1,00000978,01
SGJIT02,5410,1,00000979,01
FG111_A,5410,1,00000980,01
FG111,5410,1,00000981,01
FG111_B,5410,1,00000982,01
FG111_C,5410,1,00000983,01
SG2200,5410,1,00000984,01
SG1010,5410,1,00000985,01
FG29-1,5410,1,00000986,01
FG6200,5410,1,00000987,01
SG6100,5410,1,00000988,01
FG6500,5410,1,00000989,01
AVC_RBT_CNTRL_UNIT,5410,3,00000990,01
AVC_RBT_APPL_UNIT,5410,5,00000991,01
AVC_RBT_ROBOT,5410,3,00000992,01
AVC_RBT_BUNDLE,5410,5,00000993,01
SG22,5510,1,00000994,01
FG126,5510,1,00000995,01
SG124,5510,1,00000996,01
SG30,5510,1,00000997,01
FG130,5510,1,00000998,01
FG29,5510,1,00000999,01
SG24,5510,1,00001000,01
FG228,5510,1,00001001,01
SG224,5510,1,00001002,01
SG21,5510,1,00001003,01
FG126,5510,1,00000995,99
SG23,5510,1,00001004,01
SG27,5510,1,00001005,01
FG233,5510,1,00001006,01
SG233,5510,1,00001007,01
SG234,5510,1,00001008,01
SG29,5510,1,00001009,01
FG129,5510,1,00001010,01
SGPI001-V00,5510,1,00001011,01
QM006,5510,1,00001012,01
SDBOMERLAHD,5510,5,00001013,01
SDBOMLUMFHD,5510,5,00001014,01
CM-MLFL-KM-VXX,5510,1,00001015,01
CM-FL-V00,5510,1,00001016,01
F-10A,5510,1,00001017,01
F-10B,5510,1,00001018,01
S-201,5510,1,00001019,01
S-301,5510,1,00001020,01
F-20A,5510,1,00001021,01
S-208,5510,1,00001022,01
S-315,5510,1,00001023,01
S-210,5510,1,00001024,01
S-310,5510,1,00001025,01
SG26,5510,1,00001026,01
SG-CFP,5510,1,00001027,01
FG1_CP,5510,1,00001028,01
SG1_CP,5510,1,00001029,01
FG2_CP,5510,1,00001030,01
SG2_CP,5510,1,00001031,01
SGJIT01,5510,1,00001032,01
SGJIT02,5510,1,00001033,01
FG111_A,5510,1,00001034,01
FG111,5510,1,00001035,01
FG111_B,5510,1,00001036,01
FG111_C,5510,1,00001037,01
SG2200,5510,1,00001038,01
SG1010,5510,1,00001039,01
FG29-1,5510,1,00001040,01
FG6200,5510,1,00001041,01
SG6100,5510,1,00001042,01
FG6500,5510,1,00001043,01
AVC_RBT_CNTRL_UNIT,5510,3,00001044,01
AVC_RBT_APPL_UNIT,5510,5,00001045,01
AVC_RBT_ROBOT,5510,3,00001046,01
AVC_RBT_BUNDLE,5510,5,00001047,01
SG22,7K10,1,00001048,01
FG126,7K10,1,00001049,01
SG124,7K10,1,00001050,01
SG30,7K10,1,00001051,01
FG130,7K10,1,00001052,01
FG29,7K10,1,00001053,01
SG24,7K10,1,00001054,01
FG228,7K10,1,00001055,01
SG224,7K10,1,00001056,01
SG21,7K10,1,00001057,01
FG126,7K10,1,00001049,99
SG23,7K10,1,00001058,01
SG27,7K10,1,00001059,01
FG233,7K10,1,00001060,01
SG233,7K10,1,00001061,01
SG234,7K10,1,00001062,01
SG29,7K10,1,00001063,01
FG129,7K10,1,00001064,01
SGPI001-V00,7K10,1,00001065,01
QM006,7K10,1,00001066,01
SDBOMERLAHD,7K10,5,00001067,01
SDBOMLUMFHD,7K10,5,00001068,01
CM-MLFL-KM-VXX,7K10,1,00001069,01
CM-FL-V00,7K10,1,00001070,01
EWMS4-50,7K10,1,00001071,01
F-10A,7K10,1,00001072,01
F-10B,7K10,1,00001073,01
S-201,7K10,1,00001074,01
S-301,7K10,1,00001075,01
F-20A,7K10,1,00001076,01
S-208,7K10,1,00001077,01
S-315,7K10,1,00001078,01
S-210,7K10,1,00001079,01
S-310,7K10,1,00001080,01
SG26,7K10,1,00001081,01
SG-CFP,7K10,1,00001082,01
FG1_CP,7K10,1,00001083,01
SG1_CP,7K10,1,00001084,01
FG2_CP,7K10,1,00001085,01
SG2_CP,7K10,1,00001086,01
SGJIT01,7K10,1,00001087,01
SGJIT02,7K10,1,00001088,01
FG111_A,7K10,1,00001089,01
FG111,7K10,1,00001090,01
FG111_B,7K10,1,00001091,01
FG111_C,7K10,1,00001092,01
SG2200,7K10,1,00001093,01
SG1010,7K10,1,00001094,01
FG29-1,7K10,1,00001095,01
FG6200,7K10,1,00001096,01
SG6100,7K10,1,00001097,01
FG6500,7K10,1,00001098,01
AVC_RBT_CNTRL_UNIT,7K10,3,00001099,01
AVC_RBT_APPL_UNIT,7K10,5,00001100,01
AVC_RBT_ROBOT,7K10,3,00001101,01
AVC_RBT_BUNDLE,7K10,5,00001102,01
SG22,4310,1,00001103,01
FG126,4310,1,00001104,01
SG124,4310,1,00001105,01
SG30,4310,1,00001106,01
FG130,4310,1,00001107,01
FG29,4310,1,00001108,01
SG24,4310,1,00001109,01
FG228,4310,1,00001110,01
SG224,4310,1,00001111,01
SG21,4310,1,00001112,01
FG126,4310,1,00001104,99
SG23,4310,1,00001113,01
SG27,4310,1,00001114,01
FG233,4310,1,00001115,01
SG233,4310,1,00001116,01
SG234,4310,1,00001117,01
SG29,4310,1,00001118,01
FG129,4310,1,00001119,01
SGPI001-V00,4310,1,00001120,01
QM006,4310,1,00001121,01
SDBOMERLAHD,4310,5,00001122,01
SDBOMLUMFHD,4310,5,00001123,01
CM-MLFL-KM-VXX,4310,1,00001124,01
CM-FL-V00,4310,1,00001125,01
F-10A,4310,1,00001126,01
F-10B,4310,1,00001127,01
S-201,4310,1,00001128,01
S-301,4310,1,00001129,01
F-20A,4310,1,00001130,01
S-208,4310,1,00001131,01
S-315,4310,1,00001132,01
S-210,4310,1,00001133,01
S-310,4310,1,00001134,01
SG26,4310,1,00001135,01
SG-CFP,4310,1,00001136,01
FG1_CP,4310,1,00001137,01
SG1_CP,4310,1,00001138,01
FG2_CP,4310,1,00001139,01
SG2_CP,4310,1,00001140,01
SGJIT01,4310,1,00001141,01
SGJIT02,4310,1,00001142,01
FG111_A,4310,1,00001143,01
FG111,4310,1,00001144,01
FG111_B,4310,1,00001145,01
FG111_C,4310,1,00001146,01
SG2200,4310,1,00001147,01
SG1010,4310,1,00001148,01
FG29-1,4310,1,00001149,01
FG6200,4310,1,00001150,01
SG6100,4310,1,00001151,01
FG6500,4310,1,00001152,01
AVC_RBT_CNTRL_UNIT,4310,3,00001153,01
AVC_RBT_APPL_UNIT,4310,5,00001154,01
AVC_RBT_ROBOT,4310,3,00001155,01
AVC_RBT_BUNDLE,4310,5,00001156,01
SG22,1510,1,00001157,01
FG126,1510,1,00001158,01
SG124,1510,1,00001159,01
SG30,1510,1,00001160,01
FG130,1510,1,00001161,01
FG29,1510,1,00001162,01
SG24,1510,1,00001163,01
FG228,1510,1,00001164,01
SG224,1510,1,00001165,01
SG21,1510,1,00001166,01
FG126,1510,1,00001158,99
SG23,1510,1,00001167,01
SG27,1510,1,00001168,01
FG233,1510,1,00001169,01
SG233,1510,1,00001170,01
SG234,1510,1,00001171,01
SG29,1510,1,00001172,01
FG129,1510,1,00001173,01
SGPI001-V00,1510,1,00001174,01
QM006,1510,1,00001175,01
SDBOMERLAHD,1510,5,00001176,01
SDBOMLUMFHD,1510,5,00001177,01
CM-MLFL-KM-VXX,1510,1,00001178,01
CM-FL-V00,1510,1,00001179,01
EWMS4-50,1510,1,00001180,01
F-10A,1510,1,00001181,01
F-10B,1510,1,00001182,01
S-201,1510,1,00001183,01
S-301,1510,1,00001184,01
F-20A,1510,1,00001185,01
S-208,1510,1,00001186,01
S-315,1510,1,00001187,01
S-210,1510,1,00001188,01
S-310,1510,1,00001189,01
SG26,1510,1,00001190,01
SG-CFP,1510,1,00001191,01
FG1_CP,1510,1,00001192,01
SG1_CP,1510,1,00001193,01
FG2_CP,1510,1,00001194,01
SG2_CP,1510,1,00001195,01
SGJIT01,1510,1,00001196,01
SGJIT02,1510,1,00001197,01
FG111_A,1510,1,00001198,01
FG111,1510,1,00001199,01
FG111_B,1510,1,00001200,01
FG111_C,1510,1,00001201,01
SG2200,1510,1,00001202,01
SG1010,1510,1,00001203,01
FG29-1,1510,1,00001204,01
FG6200,1510,1,00001205,01
SG6100,1510,1,00001206,01
FG6500,1510,1,00001207,01
AVC_RBT_CNTRL_UNIT,1510,3,00001208,01
AVC_RBT_APPL_UNIT,1510,5,00001209,01
AVC_RBT_ROBOT,1510,3,00001210,01
AVC_RBT_BUNDLE,1510,5,00001211,01
SG22,2310,1,00001212,01
FG126,2310,1,00001213,01
SG124,2310,1,00001214,01
SG30,2310,1,00001215,01
FG130,2310,1,00001216,01
FG29,2310,1,00001217,01
SG24,2310,1,00001218,01
FG228,2310,1,00001219,01
SG224,2310,1,00001220,01
SG21,2310,1,00001221,01
FG126,2310,1,00001213,99
SG23,2310,1,00001222,01
SG27,2310,1,00001223,01
FG233,2310,1,00001224,01
SG233,2310,1,00001225,01
SG234,2310,1,00001226,01
SG29,2310,1,00001227,01
FG129,2310,1,00001228,01
SGPI001-V00,2310,1,00001229,01
QM006,2310,1,00001230,01
SDBOMERLAHD,2310,5,00001231,01
SDBOMLUMFHD,2310,5,00001232,01
CM-MLFL-KM-VXX,2310,1,00001233,01
CM-FL-V00,2310,1,00001234,01
EWMS4-50,2310,1,00001235,01
F-10A,2310,1,00001236,01
F-10B,2310,1,00001237,01
S-201,2310,1,00001238,01
S-301,2310,1,00001239,01
F-20A,2310,1,00001240,01
S-208,2310,1,00001241,01
S-315,2310,1,00001242,01
S-210,2310,1,00001243,01
S-310,2310,1,00001244,01
SG26,2310,1,00001245,01
SG-CFP,2310,1,00001246,01
FG1_CP,2310,1,00001247,01
SG1_CP,2310,1,00001248,01
FG2_CP,2310,1,00001249,01
SG2_CP,2310,1,00001250,01
SGJIT01,2310,1,00001251,01
SGJIT02,2310,1,00001252,01
FG111_A,2310,1,00001253,01
FG111,2310,1,00001254,01
FG111_B,2310,1,00001255,01
FG111_C,2310,1,00001256,01
SG2200,2310,1,00001257,01
SG1010,2310,1,00001258,01
FG29-1,2310,1,00001259,01
FG6200,2310,1,00001260,01
SG6100,2310,1,00001261,01
FG6500,2310,1,00001262,01
AVC_RBT_CNTRL_UNIT,2310,3,00001263,01
AVC_RBT_APPL_UNIT,2310,5,00001264,01
AVC_RBT_ROBOT,2310,3,00001265,01
AVC_RBT_BUNDLE,2310,5,00001266,01
FG202,2310,1,00001267,01
SG22,1810,1,00001268,01
FG126,1810,1,00001269,01
SG124,1810,1,00001270,01
SG30,1810,1,00001271,01
FG130,1810,1,00001272,01
FG29,1810,1,00001273,01
SG24,1810,1,00001274,01
FG228,1810,1,00001275,01
SG224,1810,1,00001276,01
SG21,1810,1,00001277,01
FG126,1810,1,00001269,99
SG23,1810,1,00001278,01
SG27,1810,1,00001279,01
FG233,1810,1,00001280,01
SG233,1810,1,00001281,01
SG234,1810,1,00001282,01
SG29,1810,1,00001283,01
FG129,1810,1,00001284,01
SGPI001-V00,1810,1,00001285,01
QM006,1810,1,00001286,01
SDBOMERLAHD,1810,5,00001287,01
SDBOMLUMFHD,1810,5,00001288,01
CM-MLFL-KM-VXX,1810,1,00001289,01
CM-FL-V00,1810,1,00001290,01
F-10A,1810,1,00001291,01
F-10B,1810,1,00001292,01
S-201,1810,1,00001293,01
S-301,1810,1,00001294,01
F-20A,1810,1,00001295,01
S-208,1810,1,00001296,01
S-315,1810,1,00001297,01
S-210,1810,1,00001298,01
S-310,1810,1,00001299,01
SG26,1810,1,00001300,01
SG-CFP,1810,1,00001301,01
FG1_CP,1810,1,00001302,01
SG1_CP,1810,1,00001303,01
FG2_CP,1810,1,00001304,01
SG2_CP,1810,1,00001305,01
SGJIT01,1810,1,00001306,01
SGJIT02,1810,1,00001307,01
FG111_A,1810,1,00001308,01
FG111,1810,1,00001309,01
FG111_B,1810,1,00001310,01
FG111_C,1810,1,00001311,01
SG2200,1810,1,00001312,01
SG1010,1810,1,00001313,01
FG29-1,1810,1,00001314,01
FG6200,1810,1,00001315,01
SG6100,1810,1,00001316,01
FG6500,1810,1,00001317,01
AVC_RBT_CNTRL_UNIT,1810,3,00001318,01
AVC_RBT_APPL_UNIT,1810,5,00001319,01
AVC_RBT_ROBOT,1810,3,00001320,01
AVC_RBT_BUNDLE,1810,5,00001321,01
SG22,4210,1,00001322,01
FG126,4210,1,00001323,01
SG124,4210,1,00001324,01
SG30,4210,1,00001325,01
FG130,4210,1,00001326,01
FG29,4210,1,00001327,01
SG24,4210,1,00001328,01
FG228,4210,1,00001329,01
SG224,4210,1,00001330,01
SG21,4210,1,00001331,01
FG126,4210,1,00001323,99
SG23,4210,1,00001332,01
SG27,4210,1,00001333,01
FG233,4210,1,00001334,01
SG233,4210,1,00001335,01
SG234,4210,1,00001336,01
SG29,4210,1,00001337,01
FG129,4210,1,00001338,01
SGPI001-V00,4210,1,00001339,01
QM006,4210,1,00001340,01
SDBOMERLAHD,4210,5,00001341,01
SDBOMLUMFHD,4210,5,00001342,01
CM-MLFL-KM-VXX,4210,1,00001343,01
CM-FL-V00,4210,1,00001344,01
EWMS4-50,4210,1,00001345,01
F-10A,4210,1,00001346,01
F-10B,4210,1,00001347,01
S-201,4210,1,00001348,01
S-301,4210,1,00001349,01
F-20A,4210,1,00001350,01
S-208,4210,1,00001351,01
S-315,4210,1,00001352,01
S-210,4210,1,00001353,01
S-310,4210,1,00001354,01
SG26,4210,1,00001355,01
SG-CFP,4210,1,00001356,01
FG1_CP,4210,1,00001357,01
SG1_CP,4210,1,00001358,01
FG2_CP,4210,1,00001359,01
SG2_CP,4210,1,00001360,01
SGJIT01,4210,1,00001361,01
SGJIT02,4210,1,00001362,01
FG111_A,4210,1,00001363,01
FG111,4210,1,00001364,01
FG111_B,4210,1,00001365,01
FG111_C,4210,1,00001366,01
SG2200,4210,1,00001367,01
SG1010,4210,1,00001368,01
FG29-1,4210,1,00001369,01
FG6200,4210,1,00001370,01
SG6100,4210,1,00001371,01
FG6500,4210,1,00001372,01
AVC_RBT_CNTRL_UNIT,4210,3,00001373,01
AVC_RBT_APPL_UNIT,4210,5,00001374,01
AVC_RBT_ROBOT,4210,3,00001375,01
AVC_RBT_BUNDLE,4210,5,00001376,01
SG22,5110,1,00001377,01
FG126,5110,1,00001378,01
SG124,5110,1,00001379,01
SG30,5110,1,00001380,01
FG130,5110,1,00001381,01
FG29,5110,1,00001382,01
SG24,5110,1,00001383,01
FG228,5110,1,00001384,01
SG224,5110,1,00001385,01
SG21,5110,1,00001386,01
FG126,5110,1,00001378,99
SG23,5110,1,00001387,01
SG27,5110,1,00001388,01
FG233,5110,1,00001389,01
SG233,5110,1,00001390,01
SG234,5110,1,00001391,01
SG29,5110,1,00001392,01
FG129,5110,1,00001393,01
SGPI001-V00,5110,1,00001394,01
QM006,5110,1,00001395,01
SDBOMERLAHD,5110,5,00001396,01
SDBOMLUMFHD,5110,5,00001397,01
CM-MLFL-KM-VXX,5110,1,00001398,01
CM-FL-V00,5110,1,00001399,01
F-10A,5110,1,00001400,01
F-10B,5110,1,00001401,01
S-201,5110,1,00001402,01
S-301,5110,1,00001403,01
F-20A,5110,1,00001404,01
S-208,5110,1,00001405,01
S-315,5110,1,00001406,01
S-210,5110,1,00001407,01
S-310,5110,1,00001408,01
SG26,5110,1,00001409,01
SG-CFP,5110,1,00001410,01
FG1_CP,5110,1,00001411,01
SG1_CP,5110,1,00001412,01
FG2_CP,5110,1,00001413,01
SG2_CP,5110,1,00001414,01
SGJIT01,5110,1,00001415,01
SGJIT02,5110,1,00001416,01
FG111_A,5110,1,00001417,01
FG111,5110,1,00001418,01
FG111_B,5110,1,00001419,01
FG111_C,5110,1,00001420,01
SG2200,5110,1,00001421,01
SG1010,5110,1,00001422,01
FG29-1,5110,1,00001423,01
FG6200,5110,1,00001424,01
SG6100,5110,1,00001425,01
FG6500,5110,1,00001426,01
AVC_RBT_CNTRL_UNIT,5110,3,00001427,01
AVC_RBT_APPL_UNIT,5110,5,00001428,01
AVC_RBT_ROBOT,5110,3,00001429,01
AVC_RBT_BUNDLE,5110,5,00001430,01
SG22,6210,1,00001431,01
FG126,6210,1,00001432,01
SG124,6210,1,00001433,01
SG30,6210,1,00001434,01
FG130,6210,1,00001435,01
FG29,6210,1,00001436,01
SG24,6210,1,00001437,01
FG228,6210,1,00001438,01
SG224,6210,1,00001439,01
SG21,6210,1,00001440,01
FG126,6210,1,00001432,99
SG23,6210,1,00001441,01
SG27,6210,1,00001442,01
FG233,6210,1,00001443,01
SG233,6210,1,00001444,01
SG234,6210,1,00001445,01
SG29,6210,1,00001446,01
FG129,6210,1,00001447,01
SGPI001-V00,6210,1,00001448,01
QM006,6210,1,00001449,01
SDBOMERLAHD,6210,5,00001450,01
SDBOMLUMFHD,6210,5,00001451,01
CM-MLFL-KM-VXX,6210,1,00001452,01
CM-FL-V00,6210,1,00001453,01
EWMS4-50,6210,1,00001454,01
F-10A,6210,1,00001455,01
F-10B,6210,1,00001456,01
S-201,6210,1,00001457,01
S-301,6210,1,00001458,01
F-20A,6210,1,00001459,01
S-208,6210,1,00001460,01
S-315,6210,1,00001461,01
S-210,6210,1,00001462,01
S-310,6210,1,00001463,01
SG26,6210,1,00001464,01
SG-CFP,6210,1,00001465,01
FG1_CP,6210,1,00001466,01
SG1_CP,6210,1,00001467,01
FG2_CP,6210,1,00001468,01
SG2_CP,6210,1,00001469,01
SGJIT01,6210,1,00001470,01
SGJIT02,6210,1,00001471,01
FG111_A,6210,1,00001472,01
FG111,6210,1,00001473,01
FG111_B,6210,1,00001474,01
FG111_C,6210,1,00001475,01
SG2200,6210,1,00001476,01
SG1010,6210,1,00001477,01
FG29-1,6210,1,00001478,01
FG6200,6210,1,00001479,01
SG6100,6210,1,00001480,01
FG6500,6210,1,00001481,01
AVC_RBT_CNTRL_UNIT,6210,3,00001482,01
AVC_RBT_APPL_UNIT,6210,5,00001483,01
AVC_RBT_ROBOT,6210,3,00001484,01
AVC_RBT_BUNDLE,6210,5,00001485,01
SG22,1110,1,00001486,01
FG126,1110,1,00001487,01
SG124,1110,1,00001488,01
SG30,1110,1,00001489,01
FG130,1110,1,00001490,01
FG29,1110,1,00001491,01
SG24,1110,1,00001492,01
FG228,1110,1,00001493,01
SG224,1110,1,00001494,01
SG21,1110,1,00001495,01
FG126,1110,1,00001487,99
SG23,1110,1,00001496,01
SG27,1110,1,00001497,01
FG233,1110,1,00001498,01
SG233,1110,1,00001499,01
SG234,1110,1,00001500,01
SG29,1110,1,00001501,01
FG129,1110,1,00001502,01
SGPI001-V00,1110,1,00001503,01
QM006,1110,1,00001504,01
SDBOMERLAHD,1110,5,00001505,01
SDBOMLUMFHD,1110,5,00001506,01
CM-MLFL-KM-VXX,1110,1,00001507,01
CM-FL-V00,1110,1,00001508,01
EWMS4-50,1110,1,00001509,01
F-10A,1110,1,00001510,01
F-10B,1110,1,00001511,01
S-201,1110,1,00001512,01
S-301,1110,1,00001513,01
F-20A,1110,1,00001514,01
S-208,1110,1,00001515,01
S-315,1110,1,00001516,01
S-210,1110,1,00001517,01
S-310,1110,1,00001518,01
SG26,1110,1,00001519,01
SG-CFP,1110,1,00001520,01
FG1_CP,1110,1,00001521,01
SG1_CP,1110,1,00001522,01
FG2_CP,1110,1,00001523,01
SG2_CP,1110,1,00001524,01
SGJIT01,1110,1,00001525,01
SGJIT02,1110,1,00001526,01
FG111_A,1110,1,00001527,01
FG111,1110,1,00001528,01
FG111_B,1110,1,00001529,01
FG111_C,1110,1,00001530,01
SG2200,1110,1,00001531,01
SG1010,1110,1,00001532,01
FG29-1,1110,1,00001533,01
FG6200,1110,1,00001534,01
SG6100,1110,1,00001535,01
FG6500,1110,1,00001536,01
AVC_RBT_CNTRL_UNIT,1110,3,00001537,01
AVC_RBT_APPL_UNIT,1110,5,00001538,01
AVC_RBT_ROBOT,1110,3,00001539,01
AVC_RBT_BUNDLE,1110,5,00001540,01
SG22,1210,1,00001541,01
FG126,1210,1,00001542,01
SG124,1210,1,00001543,01
SG30,1210,1,00001544,01
FG130,1210,1,00001545,01
FG29,1210,1,00001546,01
SG24,1210,1,00001547,01
FG228,1210,1,00001548,01
SG224,1210,1,00001549,01
SG21,1210,1,00001550,01
FG126,1210,1,00001542,99
SG23,1210,1,00001551,01
SG27,1210,1,00001552,01
FG233,1210,1,00001553,01
SG233,1210,1,00001554,01
SG234,1210,1,00001555,01
SG29,1210,1,00001556,01
FG129,1210,1,00001557,01
SGPI001-V00,1210,1,00001558,01
QM006,1210,1,00001559,01
SDBOMERLAHD,1210,5,00001560,01
SDBOMLUMFHD,1210,5,00001561,01
CM-MLFL-KM-VXX,1210,1,00001562,01
CM-FL-V00,1210,1,00001563,01
EWMS4-50,1210,1,00001564,01
F-10A,1210,1,00001565,01
F-10B,1210,1,00001566,01
S-201,1210,1,00001567,01
S-301,1210,1,00001568,01
F-20A,1210,1,00001569,01
S-208,1210,1,00001570,01
S-315,1210,1,00001571,01
S-210,1210,1,00001572,01
S-310,1210,1,00001573,01
SG26,1210,1,00001574,01
SG-CFP,1210,1,00001575,01
FG1_CP,1210,1,00001576,01
SG1_CP,1210,1,00001577,01
FG2_CP,1210,1,00001578,01
SG2_CP,1210,1,00001579,01
SGJIT01,1210,1,00001580,01
SGJIT02,1210,1,00001581,01
FG111_A,1210,1,00001582,01
FG111,1210,1,00001583,01
FG111_B,1210,1,00001584,01
FG111_C,1210,1,00001585,01
SG2200,1210,1,00001586,01
SG1010,1210,1,00001587,01
FG29-1,1210,1,00001588,01
FG6200,1210,1,00001589,01
SG6100,1210,1,00001590,01
FG6500,1210,1,00001591,01
AVC_RBT_CNTRL_UNIT,1210,3,00001592,01
AVC_RBT_APPL_UNIT,1210,5,00001593,01
AVC_RBT_ROBOT,1210,3,00001594,01
AVC_RBT_BUNDLE,1210,5,00001595,01
SG22,4510,1,00001596,01
FG126,4510,1,00001597,01
SG124,4510,1,00001598,01
SG30,4510,1,00001599,01
FG130,4510,1,00001600,01
FG29,4510,1,00001601,01
SG24,4510,1,00001602,01
FG228,4510,1,00001603,01
SG224,4510,1,00001604,01
SG21,4510,1,00001605,01
FG126,4510,1,00001597,99
SG23,4510,1,00001606,01
SG27,4510,1,00001607,01
FG233,4510,1,00001608,01
SG233,4510,1,00001609,01
SG234,4510,1,00001610,01
SG29,4510,1,00001611,01
FG129,4510,1,00001612,01
SGPI001-V00,4510,1,00001613,01
QM006,4510,1,00001614,01
SDBOMERLAHD,4510,5,00001615,01
SDBOMLUMFHD,4510,5,00001616,01
CM-MLFL-KM-VXX,4510,1,00001617,01
CM-FL-V00,4510,1,00001618,01
F-10A,4510,1,00001619,01
F-10B,4510,1,00001620,01
S-201,4510,1,00001621,01
S-301,4510,1,00001622,01
F-20A,4510,1,00001623,01
S-208,4510,1,00001624,01
S-315,4510,1,00001625,01
S-210,4510,1,00001626,01
S-310,4510,1,00001627,01
SG26,4510,1,00001628,01
SG-CFP,4510,1,00001629,01
FG1_CP,4510,1,00001630,01
SG1_CP,4510,1,00001631,01
FG2_CP,4510,1,00001632,01
SG2_CP,4510,1,00001633,01
SGJIT01,4510,1,00001634,01
SGJIT02,4510,1,00001635,01
FG111_A,4510,1,00001636,01
FG111,4510,1,00001637,01
FG111_B,4510,1,00001638,01
FG111_C,4510,1,00001639,01
SG2200,4510,1,00001640,01
SG1010,4510,1,00001641,01
FG29-1,4510,1,00001642,01
FG6200,4510,1,00001643,01
SG6100,4510,1,00001644,01
FG6500,4510,1,00001645,01
AVC_RBT_CNTRL_UNIT,4510,3,00001646,01
AVC_RBT_APPL_UNIT,4510,5,00001647,01
AVC_RBT_ROBOT,4510,3,00001648,01
AVC_RBT_BUNDLE,4510,5,00001649,01
SG22,2410,1,00001650,01
FG126,2410,1,00001651,01
SG124,2410,1,00001652,01
SG30,2410,1,00001653,01
FG130,2410,1,00001654,01
FG29,2410,1,00001655,01
SG24,2410,1,00001656,01
FG228,2410,1,00001657,01
SG224,2410,1,00001658,01
SG21,2410,1,00001659,01
FG126,2410,1,00001651,99
SG23,2410,1,00001660,01
SG27,2410,1,00001661,01
FG233,2410,1,00001662,01
SG233,2410,1,00001663,01
SG234,2410,1,00001664,01
SG29,2410,1,00001665,01
FG129,2410,1,00001666,01
SGPI001-V00,2410,1,00001667,01
QM006,2410,1,00001668,01
SDBOMERLAHD,2410,5,00001669,01
SDBOMLUMFHD,2410,5,00001670,01
CM-MLFL-KM-VXX,2410,1,00001671,01
CM-FL-V00,2410,1,00001672,01
EWMS4-50,2410,1,00001673,01
F-10A,2410,1,00001674,01
F-10B,2410,1,00001675,01
S-201,2410,1,00001676,01
S-301,2410,1,00001677,01
F-20A,2410,1,00001678,01
S-208,2410,1,00001679,01
S-315,2410,1,00001680,01
S-210,2410,1,00001681,01
S-310,2410,1,00001682,01
SG26,2410,1,00001683,01
SG-CFP,2410,1,00001684,01
FG1_CP,2410,1,00001685,01
SG1_CP,2410,1,00001686,01
FG2_CP,2410,1,00001687,01
SG2_CP,2410,1,00001688,01
SGJIT01,2410,1,00001689,01
SGJIT02,2410,1,00001690,01
FG111_A,2410,1,00001691,01
FG111,2410,1,00001692,01
FG111_B,2410,1,00001693,01
FG111_C,2410,1,00001694,01
SG2200,2410,1,00001695,01
SG1010,2410,1,00001696,01
FG29-1,2410,1,00001697,01
FG6200,2410,1,00001698,01
SG6100,2410,1,00001699,01
FG6500,2410,1,00001700,01
AVC_RBT_CNTRL_UNIT,2410,3,00001701,01
AVC_RBT_APPL_UNIT,2410,5,00001702,01
AVC_RBT_ROBOT,2410,3,00001703,01
AVC_RBT_BUNDLE,2410,5,00001704,01
SG22,3210,1,00001705,01
FG126,3210,1,00001706,01
SG124,3210,1,00001707,01
SG30,3210,1,00001708,01
FG130,3210,1,00001709,01
FG29,3210,1,00001710,01
SG24,3210,1,00001711,01
FG228,3210,1,00001712,01
SG224,3210,1,00001713,01
SG21,3210,1,00001714,01
FG126,3210,1,00001706,99
SG23,3210,1,00001715,01
SG27,3210,1,00001716,01
FG233,3210,1,00001717,01
SG233,3210,1,00001718,01
SG234,3210,1,00001719,01
SG29,3210,1,00001720,01
FG129,3210,1,00001721,01
SGPI001-V00,3210,1,00001722,01
QM006,3210,1,00001723,01
SDBOMERLAHD,3210,5,00001724,01
SDBOMLUMFHD,3210,5,00001725,01
CM-MLFL-KM-VXX,3210,1,00001726,01
CM-FL-V00,3210,1,00001727,01
F-10A,3210,1,00001728,01
F-10B,3210,1,00001729,01
S-201,3210,1,00001730,01
S-301,3210,1,00001731,01
F-20A,3210,1,00001732,01
S-208,3210,1,00001733,01
S-315,3210,1,00001734,01
S-210,3210,1,00001735,01
S-310,3210,1,00001736,01
SG26,3210,1,00001737,01
SG-CFP,3210,1,00001738,01
FG1_CP,3210,1,00001739,01
SG1_CP,3210,1,00001740,01
FG2_CP,3210,1,00001741,01
SG2_CP,3210,1,00001742,01
SGJIT01,3210,1,00001743,01
SGJIT02,3210,1,00001744,01
FG111_A,3210,1,00001745,01
FG111,3210,1,00001746,01
FG111_B,3210,1,00001747,01
FG111_C,3210,1,00001748,01
SG2200,3210,1,00001749,01
SG1010,3210,1,00001750,01
FG29-1,3210,1,00001751,01
FG6200,3210,1,00001752,01
SG6100,3210,1,00001753,01
FG6500,3210,1,00001754,01
AVC_RBT_CNTRL_UNIT,3210,3,00001755,01
AVC_RBT_APPL_UNIT,3210,5,00001756,01
AVC_RBT_ROBOT,3210,3,00001757,01
AVC_RBT_BUNDLE,3210,5,00001758,01
SG22,2010,1,00001759,01
FG126,2010,1,00001760,01
SG124,2010,1,00001761,01
SG30,2010,1,00001762,01
FG130,2010,1,00001763,01
FG29,2010,1,00001764,01
SG24,2010,1,00001765,01
FG228,2010,1,00001766,01
SG224,2010,1,00001767,01
SG21,2010,1,00001768,01
FG126,2010,1,00001760,99
SG23,2010,1,00001769,01
SG27,2010,1,00001770,01
FG233,2010,1,00001771,01
SG233,2010,1,00001772,01
SG234,2010,1,00001773,01
SG29,2010,1,00001774,01
FG129,2010,1,00001775,01
SGPI001-V00,2010,1,00001776,01
QM006,2010,1,00001777,01
SDBOMERLAHD,2010,5,00001778,01
SDBOMLUMFHD,2010,5,00001779,01
CM-MLFL-KM-VXX,2010,1,00001780,01
CM-FL-V00,2010,1,00001781,01
F-10A,2010,1,00001782,01
F-10B,2010,1,00001783,01
S-201,2010,1,00001784,01
S-301,2010,1,00001785,01
F-20A,2010,1,00001786,01
S-208,2010,1,00001787,01
S-315,2010,1,00001788,01
S-210,2010,1,00001789,01
S-310,2010,1,00001790,01
SG26,2010,1,00001791,01
SG-CFP,2010,1,00001792,01
FG1_CP,2010,1,00001793,01
SG1_CP,2010,1,00001794,01
FG2_CP,2010,1,00001795,01
SG2_CP,2010,1,00001796,01
SGJIT01,2010,1,00001797,01
SGJIT02,2010,1,00001798,01
SG2200,2010,1,00001799,01
SG1010,2010,1,00001800,01
FG29-1,2010,1,00001801,01
FG6200,2010,1,00001802,01
SG6100,2010,1,00001803,01
FG6500,2010,1,00001804,01
AVC_RBT_CNTRL_UNIT,2010,3,00001805,01
AVC_RBT_APPL_UNIT,2010,5,00001806,01
AVC_RBT_ROBOT,2010,3,00001807,01
AVC_RBT_BUNDLE,2010,5,00001808,01
SG22,1310,1,00001809,01
FG126,1310,1,00001810,01
SG124,1310,1,00001811,01
SG30,1310,1,00001812,01
FG130,1310,1,00001813,01
FG29,1310,1,00001814,01
SG24,1310,1,00001815,01
FG228,1310,1,00001816,01
SG224,1310,1,00001817,01
SG21,1310,1,00001818,01
FG126,1310,1,00001810,99
SG23,1310,1,00001819,01
SG27,1310,1,00001820,01
FG233,1310,1,00001821,01
SG233,1310,1,00001822,01
SG234,1310,1,00001823,01
SG29,1310,1,00001824,01
FG129,1310,1,00001825,01
SGPI001-V00,1310,1,00001826,01
QM006,1310,1,00001827,01
SDBOMERLAHD,1310,5,00001828,01
SDBOMLUMFHD,1310,5,00001829,01
CM-MLFL-KM-VXX,1310,1,00001830,01
CM-FL-V00,1310,1,00001831,01
EWMS4-50,1310,1,00001832,01
F-10A,1310,1,00001833,01
F-10B,1310,1,00001834,01
S-201,1310,1,00001835,01
S-301,1310,1,00001836,01
F-20A,1310,1,00001837,01
S-208,1310,1,00001838,01
S-315,1310,1,00001839,01
S-210,1310,1,00001840,01
S-310,1310,1,00001841,01
SG26,1310,1,00001842,01
SG-CFP,1310,1,00001843,01
FG1_CP,1310,1,00001844,01
SG1_CP,1310,1,00001845,01
FG2_CP,1310,1,00001846,01
SG2_CP,1310,1,00001847,01
SGJIT01,1310,1,00001848,01
SGJIT02,1310,1,00001849,01
FG111_A,1310,1,00001850,01
FG111,1310,1,00001851,01
FG111_B,1310,1,00001852,01
FG111_C,1310,1,00001853,01
SG2200,1310,1,00001854,01
SG1010,1310,1,00001855,01
FG29-1,1310,1,00001856,01
FG6200,1310,1,00001857,01
SG6100,1310,1,00001858,01
FG6500,1310,1,00001859,01
AVC_RBT_CNTRL_UNIT,1310,3,00001860,01
AVC_RBT_APPL_UNIT,1310,5,00001861,01
AVC_RBT_ROBOT,1310,3,00001862,01
AVC_RBT_BUNDLE,1310,5,00001863,01
SG22,2210,1,00001864,01
FG126,2210,1,00001865,01
SG124,2210,1,00001866,01
SG30,2210,1,00001867,01
FG130,2210,1,00001868,01
FG29,2210,1,00001869,01
SG24,2210,1,00001870,01
FG228,2210,1,00001871,01
SG224,2210,1,00001872,01
SG21,2210,1,00001873,01
FG126,2210,1,00001865,99
SG23,2210,1,00001874,01
SG27,2210,1,00001875,01
FG233,2210,1,00001876,01
SG233,2210,1,00001877,01
SG234,2210,1,00001878,01
SG29,2210,1,00001879,01
FG129,2210,1,00001880,01
SGPI001-V00,2210,1,00001881,01
QM006,2210,1,00001882,01
SDBOMERLAHD,2210,5,00001883,01
SDBOMLUMFHD,2210,5,00001884,01
CM-MLFL-KM-VXX,2210,1,00001885,01
CM-FL-V00,2210,1,00001886,01
EWMS4-50,2210,1,00001887,01
F-10A,2210,1,00001888,01
F-10B,2210,1,00001889,01
S-201,2210,1,00001890,01
S-301,2210,1,00001891,01
F-20A,2210,1,00001892,01
S-208,2210,1,00001893,01
S-315,2210,1,00001894,01
S-210,2210,1,00001895,01
S-310,2210,1,00001896,01
SG26,2210,1,00001897,01
SG-CFP,2210,1,00001898,01
FG1_CP,2210,1,00001899,01
SG1_CP,2210,1,00001900,01
FG2_CP,2210,1,00001901,01
SG2_CP,2210,1,00001902,01
SGJIT01,2210,1,00001903,01
SGJIT02,2210,1,00001904,01
FG111_A,2210,1,00001905,01
FG111,2210,1,00001906,01
FG111_B,2210,1,00001907,01
FG111_C,2210,1,00001908,01
SG2200,2210,1,00001909,01
SG1010,2210,1,00001910,01
FG29-1,2210,1,00001911,01
FG6200,2210,1,00001912,01
SG6100,2210,1,00001913,01
FG6500,2210,1,00001914,01
AVC_RBT_CNTRL_UNIT,2210,3,00001915,01
AVC_RBT_APPL_UNIT,2210,5,00001916,01
AVC_RBT_ROBOT,2210,3,00001917,01
AVC_RBT_BUNDLE,2210,5,00001918,01
SG22,2910,1,00001919,01
FG126,2910,1,00001920,01
SG124,2910,1,00001921,01
SG30,2910,1,00001922,01
FG130,2910,1,00001923,01
FG29,2910,1,00001924,01
SG24,2910,1,00001925,01
FG228,2910,1,00001926,01
SG224,2910,1,00001927,01
SG21,2910,1,00001928,01
FG126,2910,1,00001920,99
SG23,2910,1,00001929,01
SG27,2910,1,00001930,01
FG233,2910,1,00001931,01
SG233,2910,1,00001932,01
SG234,2910,1,00001933,01
SG29,2910,1,00001934,01
FG129,2910,1,00001935,01
SGPI001-V00,2910,1,00001936,01
QM006,2910,1,00001937,01
SDBOMERLAHD,2910,5,00001938,01
SDBOMLUMFHD,2910,5,00001939,01
CM-MLFL-KM-VXX,2910,1,00001940,01
CM-FL-V00,2910,1,00001941,01
EWMS4-50,2910,1,00001942,01
F-10A,2910,1,00001943,01
F-10B,2910,1,00001944,01
S-201,2910,1,00001945,01
S-301,2910,1,00001946,01
F-20A,2910,1,00001947,01
S-208,2910,1,00001948,01
S-315,2910,1,00001949,01
S-210,2910,1,00001950,01
S-310,2910,1,00001951,01
SG26,2910,1,00001952,01
SG-CFP,2910,1,00001953,01
FG1_CP,2910,1,00001954,01
SG1_CP,2910,1,00001955,01
FG2_CP,2910,1,00001956,01
SG2_CP,2910,1,00001957,01
SGJIT01,2910,1,00001958,01
SGJIT02,2910,1,00001959,01
FG111_A,2910,1,00001960,01
FG111,2910,1,00001961,01
FG111_B,2910,1,00001962,01
FG111_C,2910,1,00001963,01
SG2200,2910,1,00001964,01
SG1010,2910,1,00001965,01
FG29-1,2910,1,00001966,01
FG6200,2910,1,00001967,01
SG6100,2910,1,00001968,01
FG6500,2910,1,00001969,01
AVC_RBT_CNTRL_UNIT,2910,3,00001970,01
AVC_RBT_APPL_UNIT,2910,5,00001971,01
AVC_RBT_ROBOT,2910,3,00001972,01
AVC_RBT_BUNDLE,2910,5,00001973,01
SG22,1410,1,00001974,01
FG126,1410,1,00001975,01
SG124,1410,1,00001976,01
SG30,1410,1,00001977,01
FG130,1410,1,00001978,01
FG228,1410,1,00001979,01
SG224,1410,1,00001980,01
SG21,1410,1,00001981,01
FG126,1410,1,00001975,99
FG233,1410,1,00001982,01
SG233,1410,1,00001983,01
SG234,1410,1,00001984,01
SG29,1410,1,00001985,01
FG129,1410,1,00001986,01
SGPI001-V00,1410,1,00001987,01
QM006,1410,1,00001988,01
SDBOMERLAHD,1410,5,00001989,01
SDBOMLUMFHD,1410,5,00001990,01
CM-MLFL-KM-VXX,1410,1,00001991,01
CM-FL-V00,1410,1,00001992,01
SG23,1410,1,00001993,01
SG27,1410,1,00001994,01
SG26,1410,1,00001995,01
F-10A,1410,1,00001996,01
F-10B,1410,1,00001997,01
S-201,1410,1,00001998,01
S-301,1410,1,00001999,01
SG-CFP,1410,1,00002000,01
SG22,2510,1,00002001,01
FG126,2510,1,00002002,01
SG124,2510,1,00002003,01
SG30,2510,1,00002004,01
FG130,2510,1,00002005,01
FG29,2510,1,00002006,01
SG24,2510,1,00002007,01
FG228,2510,1,00002008,01
SG224,2510,1,00002009,01
SG21,2510,1,00002010,01
FG126,2510,1,00002002,99
SG23,2510,1,00002011,01
SG27,2510,1,00002012,01
FG233,2510,1,00002013,01
SG233,2510,1,00002014,01
SG234,2510,1,00002015,01
SG29,2510,1,00002016,01
FG129,2510,1,00002017,01
SGPI001-V00,2510,1,00002018,01
QM006,2510,1,00002019,01
SDBOMERLAHD,2510,5,00002020,01
SDBOMLUMFHD,2510,5,00002021,01
CM-MLFL-KM-VXX,2510,1,00002022,01
CM-FL-V00,2510,1,00002023,01
EWMS4-50,2510,1,00002024,01
F-10A,2510,1,00002025,01
F-10B,2510,1,00002026,01
S-201,2510,1,00002027,01
S-301,2510,1,00002028,01
F-20A,2510,1,00002029,01
S-208,2510,1,00002030,01
S-315,2510,1,00002031,01
S-210,2510,1,00002032,01
S-310,2510,1,00002033,01
SG26,2510,1,00002034,01
SG-CFP,2510,1,00002035,01
FG1_CP,2510,1,00002036,01
SG1_CP,2510,1,00002037,01
FG2_CP,2510,1,00002038,01
SG2_CP,2510,1,00002039,01
SGJIT01,2510,1,00002040,01
SGJIT02,2510,1,00002041,01
FG111_A,2510,1,00002042,01
FG111,2510,1,00002043,01
FG111_B,2510,1,00002044,01
FG111_C,2510,1,00002045,01
SG2200,2510,1,00002046,01
SG1010,2510,1,00002047,01
FG29-1,2510,1,00002048,01
FG6200,2510,1,00002049,01
SG6100,2510,1,00002050,01
FG6500,2510,1,00002051,01
AVC_RBT_CNTRL_UNIT,2510,3,00002052,01
AVC_RBT_APPL_UNIT,2510,5,00002053,01
AVC_RBT_ROBOT,2510,3,00002054,01
AVC_RBT_BUNDLE,2510,5,00002055,01
SG22,3010,1,00002056,01
FG126,3010,1,00002057,01
SG124,3010,1,00002058,01
SG30,3010,1,00002059,01
FG130,3010,1,00002060,01
FG29,3010,1,00002061,01
SG24,3010,1,00002062,01
FG228,3010,1,00002063,01
SG224,3010,1,00002064,01
SG21,3010,1,00002065,01
FG126,3010,1,00002057,99
SG23,3010,1,00002066,01
SG27,3010,1,00002067,01
FG233,3010,1,00002068,01
SG233,3010,1,00002069,01
SG234,3010,1,00002070,01
SG29,3010,1,00002071,01
FG129,3010,1,00002072,01
SGPI001-V00,3010,1,00002073,01
QM006,3010,1,00002074,01
SDBOMERLAHD,3010,5,00002075,01
SDBOMLUMFHD,3010,5,00002076,01
CM-MLFL-KM-VXX,3010,1,00002077,01
CM-FL-V00,3010,1,00002078,01
EWMS4-50,3010,1,00002079,01
F-10A,3010,1,00002080,01
F-10B,3010,1,00002081,01
S-201,3010,1,00002082,01
S-301,3010,1,00002083,01
F-20A,3010,1,00002084,01
S-208,3010,1,00002085,01
S-315,3010,1,00002086,01
S-210,3010,1,00002087,01
S-310,3010,1,00002088,01
SG26,3010,1,00002089,01
SG-CFP,3010,1,00002090,01
FG1_CP,3010,1,00002091,01
SG1_CP,3010,1,00002092,01
FG2_CP,3010,1,00002093,01
SG2_CP,3010,1,00002094,01
SGJIT01,3010,1,00002095,01
SGJIT02,3010,1,00002096,01
FG111_A,3010,1,00002097,01
FG111,3010,1,00002098,01
FG111_B,3010,1,00002099,01
FG111_C,3010,1,00002100,01
SG2200,3010,1,00002101,01
SG1010,3010,1,00002102,01
FG29-1,3010,1,00002103,01
FG6200,3010,1,00002104,01
SG6100,3010,1,00002105,01
FG6500,3010,1,00002106,01
AVC_RBT_CNTRL_UNIT,3010,3,00002107,01
AVC_RBT_APPL_UNIT,3010,5,00002108,01
AVC_RBT_ROBOT,3010,3,00002109,01
AVC_RBT_BUNDLE,3010,5,00002110,01
SG22,3910,1,00002111,01
FG126,3910,1,00002112,01
SG124,3910,1,00002113,01
SG30,3910,1,00002114,01
FG130,3910,1,00002115,01
FG29,3910,1,00002116,01
SG24,3910,1,00002117,01
FG228,3910,1,00002118,01
SG224,3910,1,00002119,01
SG21,3910,1,00002120,01
FG126,3910,1,00002112,99
SG23,3910,1,00002121,01
SG27,3910,1,00002122,01
FG233,3910,1,00002123,01
SG233,3910,1,00002124,01
SG234,3910,1,00002125,01
SG29,3910,1,00002126,01
FG129,3910,1,00002127,01
SGPI001-V00,3910,1,00002128,01
QM006,3910,1,00002129,01
SDBOMERLAHD,3910,5,00002130,01
SDBOMLUMFHD,3910,5,00002131,01
CM-MLFL-KM-VXX,3910,1,00002132,01
CM-FL-V00,3910,1,00002133,01
F-10A,3910,1,00002134,01
F-10B,3910,1,00002135,01
S-201,3910,1,00002136,01
S-301,3910,1,00002137,01
F-20A,3910,1,00002138,01
S-208,3910,1,00002139,01
S-315,3910,1,00002140,01
S-210,3910,1,00002141,01
S-310,3910,1,00002142,01
SG26,3910,1,00002143,01
SG-CFP,3910,1,00002144,01
FG1_CP,3910,1,00002145,01
SG1_CP,3910,1,00002146,01
FG2_CP,3910,1,00002147,01
SG2_CP,3910,1,00002148,01
SGJIT01,3910,1,00002149,01
SGJIT02,3910,1,00002150,01
FG111_A,3910,1,00002151,01
FG111,3910,1,00002152,01
FG111_B,3910,1,00002153,01
FG111_C,3910,1,00002154,01
SG2200,3910,1,00002155,01
SG1010,3910,1,00002156,01
FG29-1,3910,1,00002157,01
FG6200,3910,1,00002158,01
SG6100,3910,1,00002159,01
FG6500,3910,1,00002160,01
AVC_RBT_CNTRL_UNIT,3910,3,00002161,01
AVC_RBT_APPL_UNIT,3910,5,00002162,01
AVC_RBT_ROBOT,3910,3,00002163,01
AVC_RBT_BUNDLE,3910,5,00002164,01
SG22,3310,1,00002165,01
FG126,3310,1,00002166,01
SG124,3310,1,00002167,01
SG30,3310,1,00002168,01
FG130,3310,1,00002169,01
FG29,3310,1,00002170,01
SG24,3310,1,00002171,01
FG228,3310,1,00002172,01
SG224,3310,1,00002173,01
SG21,3310,1,00002174,01
FG126,3310,1,00002166,99
SG23,3310,1,00002175,01
SG27,3310,1,00002176,01
FG233,3310,1,00002177,01
SG233,3310,1,00002178,01
SG234,3310,1,00002179,01
SG29,3310,1,00002180,01
FG129,3310,1,00002181,01
SGPI001-V00,3310,1,00002182,01
QM006,3310,1,00002183,01
SDBOMERLAHD,3310,5,00002184,01
SDBOMLUMFHD,3310,5,00002185,01
CM-MLFL-KM-VXX,3310,1,00002186,01
CM-FL-V00,3310,1,00002187,01
EWMS4-50,3310,1,00002188,01
F-10A,3310,1,00002189,01
F-10B,3310,1,00002190,01
S-201,3310,1,00002191,01
S-301,3310,1,00002192,01
F-20A,3310,1,00002193,01
S-208,3310,1,00002194,01
S-315,3310,1,00002195,01
S-210,3310,1,00002196,01
S-310,3310,1,00002197,01
SG26,3310,1,00002198,01
SG-CFP,3310,1,00002199,01
FG1_CP,3310,1,00002200,01
SG1_CP,3310,1,00002201,01
FG2_CP,3310,1,00002202,01
SG2_CP,3310,1,00002203,01
SGJIT01,3310,1,00002204,01
SGJIT02,3310,1,00002205,01
FG111_A,3310,1,00002206,01
FG111,3310,1,00002207,01
FG111_B,3310,1,00002208,01
FG111_C,3310,1,00002209,01
SG2200,3310,1,00002210,01
SG1010,3310,1,00002211,01
FG29-1,3310,1,00002212,01
FG6200,3310,1,00002213,01
SG6100,3310,1,00002214,01
FG6500,3310,1,00002215,01
AVC_RBT_CNTRL_UNIT,3310,3,00002216,01
AVC_RBT_APPL_UNIT,3310,5,00002217,01
AVC_RBT_ROBOT,3310,3,00002218,01
AVC_RBT_BUNDLE,3310,5,00002219,01
FG202,3310,1,00002220,01
AVC_RB_ROBOTIX,1710,3,00000216,01
SGJIT01,5910,1,00002221,01
SGJIT02,5910,1,00002222,01
FG111_A,5910,1,00002223,01
FG111,5910,1,00002224,01
FG111_B,5910,1,00002225,01
FG111_C,5910,1,00002226,01
SG2200,5910,1,00002227,01
SG1010,5910,1,00002228,01
FG29-1,5910,1,00002229,01
FG6200,5910,1,00002230,01
SG6100,5910,1,00002231,01
FG6500,5910,1,00002232,01
AVC_RBT_CNTRL_UNIT,5910,3,00002233,01
AVC_RBT_APPL_UNIT,5910,5,00002234,01
AVC_RBT_ROBOT,5910,3,00002235,01
AVC_RBT_BUNDLE,5910,5,00002236,01
SG22,3510,1,00002237,01
FG29,3510,1,00002238,01
SG24,3510,1,00002239,01
SG23,3510,1,00002240,01
SG27,3510,1,00002241,01
SDBOMERLAHD,3510,5,00002242,01
SDBOMLUMFHD,3510,5,00002243,01
CM-MLFL-KM-VXX,3510,1,00002244,01
CM-FL-V00,3510,1,00002245,01
F-10A,3510,1,00002246,01
F-10B,3510,1,00002247,01
S-201,3510,1,00002248,01
S-301,3510,1,00002249,01
F-20A,3510,1,00002250,01
S-208,3510,1,00002251,01
S-315,3510,1,00002252,01
S-210,3510,1,00002253,01
S-310,3510,1,00002254,01
SG26,3510,1,00002255,01
SG-CFP,3510,1,00002256,01
FG126,3510,1,00002257,01
SG124,3510,1,00002258,01
SG30,3510,1,00002259,01
FG130,3510,1,00002260,01
FG111_A,3510,1,00002261,01
FG111,3510,1,00002262,01
FG111_B,3510,1,00002263,01
FG111_C,3510,1,00002264,01
FG1_CP,3510,1,00002265,01
SG1_CP,3510,1,00002266,01
FG2_CP,3510,1,00002267,01
SG2_CP,3510,1,00002268,01
SG2200,3510,1,00002269,01
SG1010,3510,1,00002270,01
FG29-1,3510,1,00002271,01
FG6200,3510,1,00002272,01
SG6100,3510,1,00002273,01
FG6500,3510,1,00002274,01
FG233,3510,1,00002275,01
SG233,3510,1,00002276,01
SG234,3510,1,00002277,01
AVC_RBT_CNTRL_UNIT,3510,3,00002278,01
AVC_RBT_APPL_UNIT,3510,5,00002279,01
AVC_RBT_ROBOT,3510,3,00002280,01
AVC_RBT_BUNDLE,3510,5,00002281,01
FG202,3510,1,00002282,01
SG22,2110,1,00002283,01
FG126,2110,1,00002284,01
SG124,2110,1,00002285,01
SG30,2110,1,00002286,01
FG130,2110,1,00002287,01
FG29,2110,1,00002288,01
SG24,2110,1,00002289,01
FG228,2110,1,00002290,01
SG224,2110,1,00002291,01
SG21,2110,1,00002292,01
FG126,2110,1,00002284,99
SG23,2110,1,00002293,01
SG27,2110,1,00002294,01
FG233,2110,1,00002295,01
SG233,2110,1,00002296,01
SG234,2110,1,00002297,01
SG29,2110,1,00002298,01
FG129,2110,1,00002299,01
SGPI001-V00,2110,1,00002300,01
QM006,2110,1,00002301,01
SDBOMERLAHD,2110,5,00002302,01
SDBOMLUMFHD,2110,5,00002303,01
CM-MLFL-KM-VXX,2110,1,00002304,01
CM-FL-V00,2110,1,00002305,01
EWMS4-50,2110,1,00002306,01
F-10A,2110,1,00002307,01
F-10B,2110,1,00002308,01
S-201,2110,1,00002309,01
S-301,2110,1,00002310,01
F-20A,2110,1,00002311,01
S-208,2110,1,00002312,01
S-315,2110,1,00002313,01
S-210,2110,1,00002314,01
S-310,2110,1,00002315,01
SG26,2110,1,00002316,01
SG-CFP,2110,1,00002317,01
FG1_CP,2110,1,00002318,01
SG1_CP,2110,1,00002319,01
FG2_CP,2110,1,00002320,01
SG2_CP,2110,1,00002321,01
SGJIT01,2110,1,00002322,01
SGJIT02,2110,1,00002323,01
FG111_A,2110,1,00002324,01
FG111,2110,1,00002325,01
FG111_B,2110,1,00002326,01
FG111_C,2110,1,00002327,01
SG2200,2110,1,00002328,01
SG1010,2110,1,00002329,01
FG29-1,2110,1,00002330,01
FG6200,2110,1,00002331,01
SG6100,2110,1,00002332,01
FG6500,2110,1,00002333,01
AVC_RBT_CNTRL_UNIT,2110,3,00002334,01
AVC_RBT_APPL_UNIT,2110,5,00002335,01
AVC_RBT_ROBOT,2110,3,00002336,01
AVC_RBT_BUNDLE,2110,5,00002337,01
