PLNTY,PLNNR,PLNAL,WERKS,VERWE,STATU
N,41710015,01,1710,1,4
S,41710005,01,1710,1,4
2,41010007,01,1010,1,4
2,41010008,01,1010,1,4
N,41710002,01,1710,1,4
N,41710003,01,1710,1,4
N,41710004,01,1710,1,4
N,41710000,99,1710,1,4
N,41710000,01,1710,1,4
N,41710001,01,1710,1,4
R,41710009,01,1710,1,4
R,41710010,01,1710,1,4
Q,51710001,01,1710,5,4
N,41710011,01,1710,1,4
N,41710010,01,1710,1,4
Q,50171001,01,1710,5,4
Q,50171002,01,1710,5,4
Q,50171004,01,1710,5,4
Q,50171005,01,1710,6,4
N,41710051,01,1710,1,4
N,41710052,01,1710,1,4
N,41710053,01,1710,1,4
N,41710054,01,1710,1,4
N,41710055,01,1710,1,4
N,41710031,01,1710,1,4
Q,00000001,01,1710,9,4
N,41710200,01,1710,1,4
N,41710023,01,1710,1,4
N,41710024,01,1710,1,4
N,41710025,01,1710,1,4
N,41710026,01,1710,1,4
N,50000009,01,1710,1,4
N,50000010,01,1710,1,4
N,50000011,01,1710,1,4
N,50000012,01,1710,1,4
N,50000013,01,1710,1,4
N,50000014,01,1710,1,4
N,50000015,01,1710,1,4
N,50000016,01,1710,1,4
N,50000017,01,1710,1,4
N,41010015,01,1010,1,4
S,41010005,01,1010,1,4
N,41010000,01,1010,1,4
N,41010001,01,1010,1,4
2,41710007,01,1710,1,4
2,41710008,01,1710,1,4
N,41010002,01,1010,1,4
N,41010003,01,1010,1,4
N,41010004,01,1010,1,4
N,41010000,99,1010,1,4
R,41010009,01,1010,1,4
R,41010010,01,1010,1,4
Q,51010001,01,1010,5,4
N,41010011,01,1010,1,4
N,41010010,01,1010,1,4
Q,50101001,01,1010,5,4
Q,50101002,01,1010,5,4
Q,50101004,01,1010,5,4
Q,50101005,01,1010,6,4
N,41010051,01,1010,1,4
N,41010052,01,1010,1,4
N,41010053,01,1010,1,4
N,41010054,01,1010,1,4
N,41010055,01,1010,1,4
N,41010031,01,1010,1,4
Q,00000002,01,1010,9,4
N,41010200,01,1010,1,4
N,41010023,01,1010,1,4
N,41010024,01,1010,1,4
N,41010025,01,1010,1,4
N,41010026,01,1010,1,4
N,41010047,01,1010,1,4
N,41010016,01,1010,1,4
Q,50101089,01,1010,3,4
N,41010063,02,1010,1,4
N,41010064,02,1010,1,4
2,41010065,01,1010,1,4
2,41010065,02,1010,1,4
2,41010066,01,1010,1,4
2,41010066,02,1010,1,4
N,41010035,01,1010,1,4
N,41010036,01,1010,1,4
N,41010037,01,1010,1,4
N,41010038,01,1010,1,4
2,41010068,01,1010,1,4
2,41010069,01,1010,1,4
Q,51010063,01,1010,5,4
2,41010072,01,1010,1,4
2,41010041,01,1010,1,4
2,41010042,01,1010,1,4
2,41010043,01,1010,1,4
N,41710047,01,1710,1,4
N,41710016,01,1710,1,4
Q,50171089,01,1710,3,4
N,41710064,01,1710,1,4
N,41710064,02,1710,1,4
2,41710065,01,1710,1,4
2,41710065,02,1710,1,4
2,41710066,01,1710,1,4
2,41710066,02,1710,1,4
N,41710035,01,1710,1,4
N,41710036,01,1710,1,4
N,41710037,01,1710,1,4
N,41710038,01,1710,1,4
2,41710068,01,1710,1,4
2,41710069,01,1710,1,4
Q,51710063,01,1710,5,4
2,41710072,01,1710,1,4
2,41710041,01,1710,1,4
2,41710042,01,1710,1,4
2,41710043,01,1710,1,4
N,41010039,01,1010,1,4
N,41010041,01,1010,1,4
N,41010042,01,1010,1,4
N,41010043,01,1010,1,4
N,41010044,01,1010,1,4
N,41010045,01,1010,1,4
N,41010070,01,1010,1,4
N,41010088,01,1010,1,4
2,51010002,01,1010,1,4
N,41710004,02,1710,1,4
N,41710070,01,1710,1,4
N,41710088,01,1710,1,4
2,51710002,01,1710,1,4
N,41010010,02,1010,1,4
N,41010011,02,1010,1,4
2,41010007,02,1010,1,4
N,41010004,03,1010,1,4
2,41010077,01,1010,1,4
N,41710010,02,1710,1,4
N,41710011,02,1710,1,4
2,41710007,02,1710,1,4
N,41710004,03,1710,1,4
2,41710077,01,1710,1,4
N,41010100,01,1010,1,4
N,41010101,01,1010,1,4
Q,51010070,01,1010,5,4
N,41010102,02,1010,1,4
N,41010103,01,1010,1,4
N,41010104,01,1010,1,4
N,41710100,01,1710,1,4
N,41710101,01,1710,1,4
N,41710102,02,1710,1,4
N,41010015,01,1010,1,4
N,41710103,01,1710,1,4
S,41010005,01,1010,1,4
N,41710104,01,1710,1,4
N,41010000,01,1010,1,4
N,41010001,01,1010,1,4
N,41010061,01,1010,1,4
N,41010010,02,1010,1,4
N,41010011,02,1010,1,4
2,41010007,01,1010,1,4
2,41010008,01,1010,1,4
2,41010007,02,1010,1,4
N,41010046,01,1010,1,4
N,41010003,01,1010,1,4
N,41010004,01,1010,1,4
N,41010000,99,1010,1,4
N,41010012,01,1010,1,4
N,41010009,01,1010,1,4
N,41010047,01,1010,1,4
Q,51010001,01,1010,5,4
N,41010011,01,1010,1,4
N,41010010,01,1010,1,4
N,41010014,01,1010,1,4
N,41010062,01,1010,1,4
N,41010016,01,1010,1,4
Q,50101001,01,1010,5,4
Q,50101002,01,1010,5,4
Q,50101004,01,1010,5,4
Q,50101007,01,1010,5,4
Q,50101005,01,1010,6,4
N,41010039,01,1010,1,4
N,41010031,01,1010,1,4
Q,00000001,01,1010,9,4
N,41010200,01,1010,1,4
N,41010023,01,1010,1,4
N,41010024,01,1010,1,4
N,41010025,01,1010,1,4
N,41010026,01,1010,1,4
N,41010041,01,1010,1,4
N,41010042,01,1010,1,4
N,41010043,01,1010,1,4
N,41010044,01,1010,1,4
N,41010045,01,1010,1,4
Q,50101089,01,1010,3,4
N,41010063,01,1010,1,4
N,41010064,01,1010,1,4
N,41010063,02,1010,1,4
N,41010064,02,1010,1,4
2,41010065,01,1010,1,4
2,41010065,02,1010,1,4
2,41010066,01,1010,1,4
2,41010066,02,1010,1,4
N,41010004,02,1010,1,4
N,41010004,03,1010,1,4
N,41010035,01,1010,1,4
N,41010036,01,1010,1,4
N,41010037,01,1010,1,4
N,41010038,01,1010,1,4
2,41010068,01,1010,1,4
2,41010069,01,1010,1,4
Q,51010063,01,1010,5,4
2,41010072,01,1010,1,4
2,41010041,01,1010,1,4
2,41010042,01,1010,1,4
2,41010043,01,1010,1,4
N,41010070,01,1010,1,4
N,41010088,01,1010,1,4
2,51010002,01,1010,1,4
2,41010077,01,1010,1,4
Q,51010071,01,1010,9,4
Q,51010070,01,1010,5,4
N,41010100,01,1010,1,4
N,41010101,01,1010,1,4
N,41010102,02,1010,1,4
N,41010103,01,1010,1,4
N,41010104,01,1010,1,4
N,41710015,01,1710,1,4
S,41710005,01,1710,1,4
N,41710000,01,1710,1,4
N,41710001,01,1710,1,4
N,41710061,01,1710,1,4
N,41710010,02,1710,1,4
N,41710011,02,1710,1,4
2,41710007,01,1710,1,4
2,41710008,01,1710,1,4
2,41710007,02,1710,1,4
N,41710046,01,1710,1,4
N,41710003,01,1710,1,4
N,41710004,01,1710,1,4
N,41710000,99,1710,1,4
N,41710012,01,1710,1,4
N,41710009,01,1710,1,4
N,41710047,01,1710,1,4
Q,51710001,01,1710,5,4
N,41710011,01,1710,1,4
N,41710010,01,1710,1,4
N,41710014,01,1710,1,4
N,41710062,01,1710,1,4
N,41710016,01,1710,1,4
Q,50171001,01,1710,5,4
Q,50171002,01,1710,5,4
Q,50171004,01,1710,5,4
Q,50171007,01,1710,5,4
Q,50171005,01,1710,6,4
N,41710039,01,1710,1,4
N,41710031,01,1710,1,4
Q,00000002,01,1710,9,4
N,41710200,01,1710,1,4
N,41710023,01,1710,1,4
N,41710024,01,1710,1,4
N,41710025,01,1710,1,4
N,41710026,01,1710,1,4
N,41710041,01,1710,1,4
N,41710042,01,1710,1,4
N,41710043,01,1710,1,4
N,41710044,01,1710,1,4
N,41710045,01,1710,1,4
Q,50171089,01,1710,3,4
N,41710063,01,1710,1,4
N,41710064,01,1710,1,4
N,41710063,02,1710,1,4
N,41710064,02,1710,1,4
2,41710065,01,1710,1,4
2,41710065,02,1710,1,4
2,41710066,01,1710,1,4
2,41710066,02,1710,1,4
N,41710004,02,1710,1,4
N,41710004,03,1710,1,4
N,41710035,01,1710,1,4
N,41710036,01,1710,1,4
N,41710037,01,1710,1,4
N,41710038,01,1710,1,4
2,41710068,01,1710,1,4
2,41710069,01,1710,1,4
Q,51710063,01,1710,5,4
2,41710072,01,1710,1,4
2,41710041,01,1710,1,4
2,41710042,01,1710,1,4
2,41710043,01,1710,1,4
N,41710070,01,1710,1,4
N,41710088,01,1710,1,4
2,51710002,01,1710,1,4
2,41710077,01,1710,1,4
Q,50171091,01,1710,9,4
Q,50171090,01,1710,5,4
N,41710100,01,1710,1,4
N,41710101,01,1710,1,4
N,41710102,02,1710,1,4
N,41710103,01,1710,1,4
N,41710104,01,1710,1,4
N,46410015,01,6410,1,4
S,46410005,01,6410,1,4
N,46410000,01,6410,1,4
N,46410001,01,6410,1,4
N,46410061,01,6410,1,4
N,46410010,02,6410,1,4
N,46410011,02,6410,1,4
2,46410007,01,6410,1,4
2,46410008,01,6410,1,4
2,46410007,02,6410,1,4
N,46410046,01,6410,1,4
N,46410003,01,6410,1,4
N,46410004,01,6410,1,4
N,46410000,99,6410,1,4
N,46410012,01,6410,1,4
N,46410009,01,6410,1,4
N,46410047,01,6410,1,4
Q,56410001,01,6410,5,4
N,46410011,01,6410,1,4
N,46410010,01,6410,1,4
N,46410014,01,6410,1,4
N,46410062,01,6410,1,4
N,46410016,01,6410,1,4
Q,50641001,01,6410,5,4
Q,50641002,01,6410,5,4
Q,50641004,01,6410,5,4
Q,50641007,01,6410,5,4
Q,50641005,01,6410,6,4
N,46410039,01,6410,1,4
N,46410031,01,6410,1,4
Q,00000003,01,6410,9,4
N,46410200,01,6410,1,4
N,46410023,01,6410,1,4
N,46410024,01,6410,1,4
N,46410025,01,6410,1,4
N,46410026,01,6410,1,4
N,46410041,01,6410,1,4
N,46410042,01,6410,1,4
N,46410043,01,6410,1,4
N,46410044,01,6410,1,4
N,46410045,01,6410,1,4
Q,50641089,01,6410,3,4
N,46410063,01,6410,1,4
N,46410064,01,6410,1,4
N,46410063,02,6410,1,4
N,46410064,02,6410,1,4
2,46410065,01,6410,1,4
2,46410065,02,6410,1,4
2,46410066,01,6410,1,4
2,46410066,02,6410,1,4
N,46410004,02,6410,1,4
N,46410035,01,6410,1,4
N,46410036,01,6410,1,4
N,46410037,01,6410,1,4
N,46410038,01,6410,1,4
2,46410068,01,6410,1,4
2,46410069,01,6410,1,4
Q,56410063,01,6410,5,4
2,46410072,01,6410,1,4
2,46410041,01,6410,1,4
2,46410042,01,6410,1,4
2,46410043,01,6410,1,4
N,46310015,01,6310,1,4
S,46310005,01,6310,1,4
N,46310000,01,6310,1,4
N,46310001,01,6310,1,4
N,46310061,01,6310,1,4
N,46310010,02,6310,1,4
N,46310011,02,6310,1,4
2,46310007,01,6310,1,4
2,46310008,01,6310,1,4
2,46310007,02,6310,1,4
N,46310046,01,6310,1,4
N,46310003,01,6310,1,4
N,46310004,01,6310,1,4
N,46310000,99,6310,1,4
N,46310012,01,6310,1,4
N,46310009,01,6310,1,4
N,46310047,01,6310,1,4
Q,56310001,01,6310,5,4
N,46310011,01,6310,1,4
N,46310010,01,6310,1,4
N,46310014,01,6310,1,4
N,46310062,01,6310,1,4
N,46310016,01,6310,1,4
Q,50631001,01,6310,5,4
Q,50631002,01,6310,5,4
Q,50631004,01,6310,5,4
Q,50631007,01,6310,5,4
Q,50631005,01,6310,6,4
N,46310039,01,6310,1,4
N,46310031,01,6310,1,4
Q,00000004,01,6310,9,4
N,46310200,01,6310,1,4
N,46310023,01,6310,1,4
N,46310024,01,6310,1,4
N,46310025,01,6310,1,4
N,46310026,01,6310,1,4
N,46310041,01,6310,1,4
N,46310042,01,6310,1,4
N,46310043,01,6310,1,4
N,46310044,01,6310,1,4
N,46310045,01,6310,1,4
Q,50631089,01,6310,3,4
N,46310063,01,6310,1,4
N,46310064,01,6310,1,4
N,46310063,02,6310,1,4
N,46310064,02,6310,1,4
2,46310065,01,6310,1,4
2,46310065,02,6310,1,4
2,46310066,01,6310,1,4
2,46310066,02,6310,1,4
N,46310004,02,6310,1,4
N,46310035,01,6310,1,4
N,46310036,01,6310,1,4
N,46310037,01,6310,1,4
N,46310038,01,6310,1,4
2,46310068,01,6310,1,4
2,46310069,01,6310,1,4
Q,56310063,01,6310,5,4
2,46310072,01,6310,1,4
2,46310041,01,6310,1,4
2,46310042,01,6310,1,4
2,46310043,01,6310,1,4
N,43610015,01,3610,1,4
S,43610005,01,3610,1,4
N,43610000,01,3610,1,4
N,43610001,01,3610,1,4
N,43610061,01,3610,1,4
N,43610010,02,3610,1,4
N,43610011,02,3610,1,4
2,43610007,01,3610,1,4
2,43610008,01,3610,1,4
2,43610007,02,3610,1,4
N,43610046,01,3610,1,4
N,43610003,01,3610,1,4
N,43610004,01,3610,1,4
N,43610000,99,3610,1,4
N,43610012,01,3610,1,4
N,43610009,01,3610,1,4
N,43610047,01,3610,1,4
Q,53610001,01,3610,5,4
N,43610011,01,3610,1,4
N,43610010,01,3610,1,4
N,43610014,01,3610,1,4
N,43610062,01,3610,1,4
N,43610016,01,3610,1,4
Q,50361001,01,3610,5,4
Q,50361002,01,3610,5,4
Q,50361004,01,3610,5,4
Q,50361007,01,3610,5,4
Q,50361005,01,3610,6,4
N,43610039,01,3610,1,4
N,43610031,01,3610,1,4
N,43610023,01,3610,1,4
N,43610024,01,3610,1,4
N,43610025,01,3610,1,4
N,43610026,01,3610,1,4
N,43610041,01,3610,1,4
N,43610042,01,3610,1,4
N,43610043,01,3610,1,4
N,43610044,01,3610,1,4
N,43610045,01,3610,1,4
Q,50361089,01,3610,3,4
N,43610063,01,3610,1,4
N,43610064,01,3610,1,4
N,43610063,02,3610,1,4
N,43610064,02,3610,1,4
2,43610065,01,3610,1,4
2,43610065,02,3610,1,4
2,43610066,01,3610,1,4
2,43610066,02,3610,1,4
N,43610004,02,3610,1,4
N,43610035,01,3610,1,4
N,43610036,01,3610,1,4
N,43610037,01,3610,1,4
N,43610038,01,3610,1,4
2,43610068,01,3610,1,4
2,43610069,01,3610,1,4
Q,53610063,01,3610,5,4
2,43610072,01,3610,1,4
2,43610041,01,3610,1,4
2,43610042,01,3610,1,4
2,43610043,01,3610,1,4
N,46810015,01,6810,1,4
S,46810005,01,6810,1,4
N,46810000,01,6810,1,4
N,46810001,01,6810,1,4
N,46810061,01,6810,1,4
N,46810010,02,6810,1,4
N,46810011,02,6810,1,4
2,46810007,01,6810,1,4
2,46810008,01,6810,1,4
2,46810007,02,6810,1,4
N,46810046,01,6810,1,4
N,46810003,01,6810,1,4
N,46810004,01,6810,1,4
N,46810000,99,6810,1,4
N,46810012,01,6810,1,4
N,46810009,01,6810,1,4
N,46810047,01,6810,1,4
Q,56810001,01,6810,5,4
N,46810011,01,6810,1,4
N,46810010,01,6810,1,4
N,46810014,01,6810,1,4
N,46810062,01,6810,1,4
N,46810016,01,6810,1,4
Q,50681001,01,6810,5,4
A,00000001,01,1710,4,4
Q,50681002,01,6810,5,4
Q,50681004,01,6810,5,4
Q,50681007,01,6810,5,4
Q,50681005,01,6810,6,4
N,46810039,01,6810,1,4
N,46810031,01,6810,1,4
N,46810023,01,6810,1,4
N,46810024,01,6810,1,4
N,46810025,01,6810,1,4
N,46810026,01,6810,1,4
N,46810041,01,6810,1,4
N,46810042,01,6810,1,4
N,46810043,01,6810,1,4
N,46810044,01,6810,1,4
N,46810045,01,6810,1,4
Q,50681089,01,6810,3,4
N,46810063,01,6810,1,4
N,46810064,01,6810,1,4
N,46810063,02,6810,1,4
N,46810064,02,6810,1,4
2,46810065,01,6810,1,4
2,46810065,02,6810,1,4
2,46810066,01,6810,1,4
2,46810066,02,6810,1,4
N,46810004,02,6810,1,4
N,46810035,01,6810,1,4
N,46810036,01,6810,1,4
N,46810037,01,6810,1,4
N,46810038,01,6810,1,4
2,46810068,01,6810,1,4
2,46810069,01,6810,1,4
Q,56810063,01,6810,5,4
2,46810072,01,6810,1,4
2,46810041,01,6810,1,4
2,46810042,01,6810,1,4
2,46810043,01,6810,1,4
N,42710015,01,2710,1,4
S,42710005,01,2710,1,4
N,42710000,01,2710,1,4
N,42710001,01,2710,1,4
N,42710061,01,2710,1,4
N,42710010,02,2710,1,4
N,42710011,02,2710,1,4
2,42710007,01,2710,1,4
2,42710008,01,2710,1,4
2,42710007,02,2710,1,4
N,42710046,01,2710,1,4
N,42710003,01,2710,1,4
N,42710004,01,2710,1,4
N,42710000,99,2710,1,4
N,42710012,01,2710,1,4
N,42710009,01,2710,1,4
N,42710047,01,2710,1,4
Q,52710001,01,2710,5,4
N,42710011,01,2710,1,4
N,42710010,01,2710,1,4
N,42710014,01,2710,1,4
N,42710062,01,2710,1,4
N,42710016,01,2710,1,4
Q,50271001,01,2710,5,4
Q,50271002,01,2710,5,4
Q,50271004,01,2710,5,4
Q,50271007,01,2710,5,4
Q,50271005,01,2710,6,4
N,42710039,01,2710,1,4
N,42710031,01,2710,1,4
N,42710023,01,2710,1,4
N,42710024,01,2710,1,4
N,42710025,01,2710,1,4
N,42710026,01,2710,1,4
N,42710041,01,2710,1,4
N,42710042,01,2710,1,4
N,42710043,01,2710,1,4
N,42710044,01,2710,1,4
N,42710045,01,2710,1,4
Q,50271089,01,2710,3,4
N,42710063,01,2710,1,4
N,42710063,02,2710,1,4
N,42710064,02,2710,1,4
2,42710065,01,2710,1,4
2,42710065,02,2710,1,4
2,42710066,01,2710,1,4
2,42710066,02,2710,1,4
N,42710004,02,2710,1,4
2,42710068,01,2710,1,4
2,42710069,01,2710,1,4
Q,52710063,01,2710,5,4
2,42710072,01,2710,1,4
2,42710041,01,2710,1,4
2,42710042,01,2710,1,4
2,42710043,01,2710,1,4
N,46110015,01,6110,1,4
S,46110005,01,6110,1,4
N,46110000,01,6110,1,4
N,46110001,01,6110,1,4
N,46110061,01,6110,1,4
N,46110010,02,6110,1,4
N,46110011,02,6110,1,4
2,46110007,01,6110,1,4
2,46110008,01,6110,1,4
2,46110007,02,6110,1,4
N,46110046,01,6110,1,4
N,46110003,01,6110,1,4
N,46110004,01,6110,1,4
N,46110000,99,6110,1,4
N,46110012,01,6110,1,4
N,46110009,01,6110,1,4
N,46110047,01,6110,1,4
Q,56110001,01,6110,5,4
N,46110011,01,6110,1,4
N,46110010,01,6110,1,4
N,46110014,01,6110,1,4
N,46110062,01,6110,1,4
N,46110016,01,6110,1,4
Q,50611001,01,6110,5,4
Q,50611002,01,6110,5,4
Q,50611004,01,6110,5,4
Q,50611007,01,6110,5,4
Q,50611005,01,6110,6,4
N,46110039,01,6110,1,4
N,46110031,01,6110,1,4
Q,00000005,01,6110,9,4
N,46110200,01,6110,1,4
N,46110023,01,6110,1,4
N,46110024,01,6110,1,4
N,46110025,01,6110,1,4
N,46110026,01,6110,1,4
N,46110041,01,6110,1,4
N,46110042,01,6110,1,4
N,46110043,01,6110,1,4
N,46110044,01,6110,1,4
N,46110045,01,6110,1,4
Q,50611089,01,6110,3,4
N,46110063,01,6110,1,4
N,46110064,01,6110,1,4
N,46110063,02,6110,1,4
N,46110064,02,6110,1,4
2,46110065,01,6110,1,4
2,46110065,02,6110,1,4
2,46110066,01,6110,1,4
2,46110066,02,6110,1,4
N,46110004,02,6110,1,4
N,46110035,01,6110,1,4
N,46110036,01,6110,1,4
N,46110037,01,6110,1,4
N,46110038,01,6110,1,4
2,46110068,01,6110,1,4
2,46110069,01,6110,1,4
Q,56110063,01,6110,5,4
2,46110072,01,6110,1,4
2,46110041,01,6110,1,4
2,46110042,01,6110,1,4
2,46110043,01,6110,1,4
N,41910015,01,1910,1,4
S,41910005,01,1910,1,4
N,41910000,01,1910,1,4
N,41910001,01,1910,1,4
N,41910061,01,1910,1,4
N,41910010,02,1910,1,4
N,41910011,02,1910,1,4
2,41910007,01,1910,1,4
2,41910008,01,1910,1,4
2,41910007,02,1910,1,4
N,41910046,01,1910,1,4
N,41910003,01,1910,1,4
N,41910004,01,1910,1,4
N,41910000,99,1910,1,4
N,41910012,01,1910,1,4
N,41910009,01,1910,1,4
N,41910047,01,1910,1,4
Q,51910001,01,1910,5,4
N,41910011,01,1910,1,4
N,41910010,01,1910,1,4
N,41910014,01,1910,1,4
N,41910062,01,1910,1,4
N,41910016,01,1910,1,4
Q,50191001,01,1910,5,4
Q,50191002,01,1910,5,4
Q,50191004,01,1910,5,4
Q,50191007,01,1910,5,4
Q,50191005,01,1910,6,4
N,41910039,01,1910,1,4
N,41910031,01,1910,1,4
Q,00000006,01,1910,9,4
N,41910027,01,1910,1,4
N,41910023,01,1910,1,4
N,41910024,01,1910,1,4
N,41910025,01,1910,1,4
N,41910026,01,1910,1,4
N,41910041,01,1910,1,4
N,41910042,01,1910,1,4
N,41910043,01,1910,1,4
N,41910044,01,1910,1,4
N,41910045,01,1910,1,4
Q,50191089,01,1910,3,4
N,41910063,01,1910,1,4
N,41910064,01,1910,1,4
N,41910063,02,1910,1,4
N,41910064,02,1910,1,4
2,41910065,01,1910,1,4
2,41910065,02,1910,1,4
2,41910066,01,1910,1,4
2,41910066,02,1910,1,4
N,41910004,02,1910,1,4
N,41910035,01,1910,1,4
N,41910036,01,1910,1,4
N,41910037,01,1910,1,4
N,41910038,01,1910,1,4
2,41910068,01,1910,1,4
2,41910069,01,1910,1,4
Q,51910063,01,1910,5,4
2,41910072,01,1910,1,4
2,41910041,01,1910,1,4
2,41910042,01,1910,1,4
2,41910043,01,1910,1,4
N,45910015,01,5910,1,4
S,45910005,01,5910,1,4
N,45910000,01,5910,1,4
N,45910001,01,5910,1,4
N,45910061,01,5910,1,4
N,45910010,02,5910,1,4
N,45910011,02,5910,1,4
2,45910007,01,5910,1,4
2,45910008,01,5910,1,4
2,45910007,02,5910,1,4
N,45910046,01,5910,1,4
N,45910003,01,5910,1,4
N,45910004,01,5910,1,4
N,45910000,99,5910,1,4
N,45910012,01,5910,1,4
N,45910009,01,5910,1,4
N,45910047,01,5910,1,4
Q,55910001,01,5910,5,4
N,45910011,01,5910,1,4
N,45910010,01,5910,1,4
N,45910014,01,5910,1,4
N,45910062,01,5910,1,4
N,45910016,01,5910,1,4
Q,50591001,01,5910,5,4
Q,50591002,01,5910,5,4
Q,50591004,01,5910,5,4
Q,50591007,01,5910,5,4
Q,50591005,01,5910,6,4
N,45910039,01,5910,1,4
N,45910031,01,5910,1,4
N,45910023,01,5910,1,4
N,45910024,01,5910,1,4
N,45910025,01,5910,1,4
N,45910026,01,5910,1,4
N,45910041,01,5910,1,4
N,45910042,01,5910,1,4
N,45910043,01,5910,1,4
N,45910044,01,5910,1,4
N,45910045,01,5910,1,4
Q,50591089,01,5910,3,4
N,45910063,01,5910,1,4
N,45910064,01,5910,1,4
N,45910063,02,5910,1,4
N,45910064,02,5910,1,4
2,45910065,01,5910,1,4
2,45910065,02,5910,1,4
2,45910066,01,5910,1,4
2,45910066,02,5910,1,4
N,41610015,01,1610,1,4
S,41610005,01,1610,1,4
N,41610000,01,1610,1,4
N,41610001,01,1610,1,4
N,41610061,01,1610,1,4
N,41610010,02,1610,1,4
N,41610011,02,1610,1,4
2,41610007,01,1610,1,4
2,41610008,01,1610,1,4
2,41610007,02,1610,1,4
N,41610046,01,1610,1,4
N,41610003,01,1610,1,4
N,41610004,01,1610,1,4
N,41610000,99,1610,1,4
N,41610012,01,1610,1,4
N,41610009,01,1610,1,4
N,41610047,01,1610,1,4
Q,51610001,01,1610,5,4
N,41610011,01,1610,1,4
N,41610010,01,1610,1,4
N,41610014,01,1610,1,4
N,41610062,01,1610,1,4
N,41610016,01,1610,1,4
Q,50161001,01,1610,5,4
Q,50161002,01,1610,5,4
Q,50161004,01,1610,5,4
Q,50161007,01,1610,5,4
Q,50161005,01,1610,6,4
N,41610039,01,1610,1,4
N,41610031,01,1610,1,4
Q,00000007,01,1610,9,4
N,41610200,01,1610,1,4
N,41610023,01,1610,1,4
N,41610024,01,1610,1,4
N,41610025,01,1610,1,4
N,41610026,01,1610,1,4
N,41610041,01,1610,1,4
N,41610042,01,1610,1,4
N,41610043,01,1610,1,4
N,41610044,01,1610,1,4
N,41610045,01,1610,1,4
Q,50161089,01,1610,3,4
N,41610063,01,1610,1,4
N,41610064,01,1610,1,4
N,41610063,02,1610,1,4
N,41610064,02,1610,1,4
2,41610065,01,1610,1,4
2,41610065,02,1610,1,4
2,41610066,01,1610,1,4
2,41610066,02,1610,1,4
N,41610035,01,1610,1,4
N,41610036,01,1610,1,4
N,41610037,01,1610,1,4
N,41610038,01,1610,1,4
2,41610068,01,1610,1,4
2,41610069,01,1610,1,4
Q,51610063,01,1610,5,4
2,41610072,01,1610,1,4
2,41610041,01,1610,1,4
2,41610042,01,1610,1,4
2,41610043,01,1610,1,4
N,42810015,01,2810,1,4
S,42810005,01,2810,1,4
N,42810000,01,2810,1,4
N,42810001,01,2810,1,4
N,42810061,01,2810,1,4
N,42810010,02,2810,1,4
N,42810011,02,2810,1,4
2,42810007,01,2810,1,4
2,42810008,01,2810,1,4
2,42810007,02,2810,1,4
N,42810046,01,2810,1,4
N,42810003,01,2810,1,4
N,42810004,01,2810,1,4
N,42810000,99,2810,1,4
N,42810012,01,2810,1,4
N,42810009,01,2810,1,4
N,41710061,01,1710,1,4
A,00000005,01,1710,,4
N,41710012,01,1710,1,4
N,41710009,01,1710,1,4
Q,50171007,01,1710,5,4
N,41710041,01,1710,1,4
N,41710042,01,1710,1,4
N,41710043,01,1710,1,4
N,41710044,01,1710,1,4
N,41710045,01,1710,1,4
N,41710014,01,1710,1,4
N,42810047,01,2810,1,4
N,41710063,01,1710,1,4
N,41710063,02,1710,1,4
N,417CM001,01,1710,1,4
N,417CM002,01,1710,1,4
N,417CM003,01,1710,1,4
N,417CM004,01,1710,1,4
N,41710039,01,1710,1,4
A,00000002,01,1710,4,4
Q,50101005,02,1710,4,1
N,41010061,01,1010,1,4
N,41010012,01,1010,1,4
N,41010009,01,1010,1,4
Q,50101007,01,1010,5,4
N,41010031,02,1010,1,4
N,41010014,01,1010,1,4
N,41010062,01,1010,1,4
N,41010063,01,1010,1,4
N,41010064,01,1010,1,4
N,410CM001,01,1010,1,4
N,410CM002,01,1010,1,4
N,410CM003,01,1010,1,4
N,410CM004,01,1010,1,4
Q,52810001,01,2810,5,4
N,42810011,01,2810,1,4
N,42810010,01,2810,1,4
N,42810014,01,2810,1,4
N,42810062,01,2810,1,4
N,42810016,01,2810,1,4
Q,50281001,01,2810,5,4
Q,50281002,01,2810,5,4
Q,50281004,01,2810,5,4
Q,50281007,01,2810,5,4
Q,50281005,01,2810,6,4
N,42810039,01,2810,1,4
N,42810031,01,2810,1,4
N,42810023,01,2810,1,4
N,42810024,01,2810,1,4
N,42810025,01,2810,1,4
N,42810026,01,2810,1,4
N,42810041,01,2810,1,4
N,42810042,01,2810,1,4
N,42810043,01,2810,1,4
N,42810044,01,2810,1,4
N,42810045,01,2810,1,4
Q,50281089,01,2810,3,4
N,42810063,01,2810,1,4
N,42810064,01,2810,1,4
N,42810063,02,2810,1,4
N,42810064,02,2810,1,4
2,42810065,01,2810,1,4
2,42810065,02,2810,1,4
2,42810066,01,2810,1,4
2,42810066,02,2810,1,4
N,42810004,02,2810,1,4
N,42810035,01,2810,1,4
N,42810036,01,2810,1,4
N,42810037,01,2810,1,4
N,42810038,01,2810,1,4
2,42810068,01,2810,1,4
2,42810069,01,2810,1,4
Q,52810063,01,2810,5,4
2,42810072,01,2810,1,4
2,42810041,01,2810,1,4
2,42810042,01,2810,1,4
2,42810043,01,2810,1,4
N,42610015,01,2610,1,4
S,42610005,01,2610,1,4
N,42610000,01,2610,1,4
N,42610001,01,2610,1,4
N,42610061,01,2610,1,4
N,42610010,02,2610,1,4
N,42610011,02,2610,1,4
2,42610007,01,2610,1,4
2,42610008,01,2610,1,4
2,42610007,02,2610,1,4
N,42610046,01,2610,1,4
N,42610003,01,2610,1,4
N,42610004,01,2610,1,4
N,42610000,99,2610,1,4
N,42610012,01,2610,1,4
N,42610009,01,2610,1,4
N,42610047,01,2610,1,4
Q,52610001,01,2610,5,4
N,42610011,01,2610,1,4
N,42610010,01,2610,1,4
N,42610014,01,2610,1,4
N,42610062,01,2610,1,4
N,42610016,01,2610,1,4
Q,50261001,01,2610,5,4
Q,50261002,01,2610,5,4
Q,50261004,01,2610,5,4
Q,50261007,01,2610,5,4
Q,50261005,01,2610,6,4
N,42610039,01,2610,1,4
N,42610031,01,2610,1,4
N,42610023,01,2610,1,4
N,42610024,01,2610,1,4
N,42610025,01,2610,1,4
N,42610026,01,2610,1,4
N,42610041,01,2610,1,4
N,42610042,01,2610,1,4
N,42610043,01,2610,1,4
N,42610044,01,2610,1,4
N,42610045,01,2610,1,4
Q,50261089,01,2610,3,4
N,42610063,01,2610,1,4
N,42610064,01,2610,1,4
N,42610063,02,2610,1,4
Q,50171091,01,1710,9,4
N,42610064,02,2610,1,4
2,42610065,01,2610,1,4
2,42610065,02,2610,1,4
2,42610066,01,2610,1,4
2,42610066,02,2610,1,4
N,42610004,02,2610,1,4
N,42610035,01,2610,1,4
N,42610036,01,2610,1,4
N,42610037,01,2610,1,4
N,42610038,01,2610,1,4
2,42610068,01,2610,1,4
2,42610069,01,2610,1,4
Q,52610063,01,2610,5,4
2,42610072,01,2610,1,4
2,42610041,01,2610,1,4
2,42610042,01,2610,1,4
2,42610043,01,2610,1,4
N,45810015,01,5810,1,4
S,45810005,01,5810,1,4
N,45810000,01,5810,1,4
N,45810001,01,5810,1,4
N,45810061,01,5810,1,4
N,45810010,02,5810,1,4
N,45810011,02,5810,1,4
2,45810007,01,5810,1,4
2,45810008,01,5810,1,4
2,45810007,02,5810,1,4
N,45810046,01,5810,1,4
N,45810003,01,5810,1,4
N,45810004,01,5810,1,4
N,45810000,99,5810,1,4
N,45810012,01,5810,1,4
N,45810009,01,5810,1,4
N,45810047,01,5810,1,4
Q,55810001,01,5810,5,4
N,45810011,01,5810,1,4
N,45810010,01,5810,1,4
N,45810014,01,5810,1,4
N,45810062,01,5810,1,4
N,45810016,01,5810,1,4
Q,50581001,01,5810,5,4
Q,50581002,01,5810,5,4
Q,50581004,01,5810,5,4
Q,50581007,01,5810,5,4
Q,50581005,01,5810,6,4
N,45810039,01,5810,1,4
N,45810031,01,5810,1,4
Q,00000008,01,5810,9,4
N,45810200,01,5810,1,4
N,45810023,01,5810,1,4
N,45810024,01,5810,1,4
N,45810025,01,5810,1,4
N,45810026,01,5810,1,4
N,45810041,01,5810,1,4
N,45810042,01,5810,1,4
N,45810043,01,5810,1,4
N,45810044,01,5810,1,4
N,45810045,01,5810,1,4
Q,50581089,01,5810,3,4
N,45810063,01,5810,1,4
N,45810064,01,5810,1,4
N,45810063,02,5810,1,4
N,45810064,02,5810,1,4
2,45810065,01,5810,1,4
2,45810065,02,5810,1,4
2,45810066,01,5810,1,4
2,45810066,02,5810,1,4
N,45810004,02,5810,1,4
N,45810035,01,5810,1,4
N,45810036,01,5810,1,4
N,45810037,01,5810,1,4
N,45810038,01,5810,1,4
2,45810068,01,5810,1,4
2,45810069,01,5810,1,4
Q,55810063,01,5810,5,4
2,45810072,01,5810,1,4
2,45810041,01,5810,1,4
2,45810042,01,5810,1,4
2,45810043,01,5810,1,4
N,46910015,01,6910,1,4
S,46910005,01,6910,1,4
N,46910000,01,6910,1,4
N,46910001,01,6910,1,4
N,46910061,01,6910,1,4
N,46910010,02,6910,1,4
N,46910011,02,6910,1,4
2,46910007,01,6910,1,4
2,46910008,01,6910,1,4
2,46910007,02,6910,1,4
N,46910046,01,6910,1,4
N,46910003,01,6910,1,4
N,46910004,01,6910,1,4
N,46910000,99,6910,1,4
N,46910012,01,6910,1,4
N,46910009,01,6910,1,4
N,46910047,01,6910,1,4
Q,56910001,01,6910,5,4
N,46910011,01,6910,1,4
N,46910010,01,6910,1,4
N,46910014,01,6910,1,4
N,46910062,01,6910,1,4
N,46910016,01,6910,1,4
Q,50691001,01,6910,5,4
Q,50691002,01,6910,5,4
Q,50691004,01,6910,5,4
Q,50691007,01,6910,5,4
Q,50691005,01,6910,6,4
N,46910039,01,6910,1,4
N,46910031,01,6910,1,4
Q,00000009,01,6910,9,4
N,46910200,01,6910,1,4
N,46910023,01,6910,1,4
N,46910024,01,6910,1,4
N,46910025,01,6910,1,4
N,46910026,01,6910,1,4
N,46910041,01,6910,1,4
N,46910042,01,6910,1,4
N,46910043,01,6910,1,4
N,46910044,01,6910,1,4
N,46910045,01,6910,1,4
Q,50691089,01,6910,3,4
N,46910063,01,6910,1,4
N,46910064,01,6910,1,4
N,46910063,02,6910,1,4
N,46910064,02,6910,1,4
2,46910065,01,6910,1,4
2,46910065,02,6910,1,4
2,46910066,01,6910,1,4
2,46910066,02,6910,1,4
N,46910004,02,6910,1,4
N,46910035,01,6910,1,4
N,46910036,01,6910,1,4
N,46910037,01,6910,1,4
N,46910038,01,6910,1,4
2,46910068,01,6910,1,4
2,46910069,01,6910,1,4
Q,56910063,01,6910,5,4
2,46910072,01,6910,1,4
2,46910041,01,6910,1,4
2,46910042,01,6910,1,4
2,46910043,01,6910,1,4
N,44410015,01,4410,1,4
S,44410005,01,4410,1,4
N,44410000,01,4410,1,4
N,44410001,01,4410,1,4
N,44410061,01,4410,1,4
N,44410010,02,4410,1,4
N,44410011,02,4410,1,4
2,44410007,01,4410,1,4
2,44410008,01,4410,1,4
2,44410007,02,4410,1,4
N,44410046,01,4410,1,4
N,44410003,01,4410,1,4
N,44410004,01,4410,1,4
N,44410000,99,4410,1,4
N,44410012,01,4410,1,4
N,44410009,01,4410,1,4
N,44410047,01,4410,1,4
Q,54410001,01,4410,5,4
N,44410011,01,4410,1,4
N,44410010,01,4410,1,4
N,44410014,01,4410,1,4
N,44410062,01,4410,1,4
N,44410016,01,4410,1,4
Q,50441001,01,4410,5,4
Q,50441002,01,4410,5,4
Q,50441004,01,4410,5,4
Q,50441007,01,4410,5,4
Q,50441005,01,4410,6,4
N,44410039,01,4410,1,4
N,44410031,01,4410,1,4
N,44410023,01,4410,1,4
N,44410024,01,4410,1,4
N,44410025,01,4410,1,4
N,44410026,01,4410,1,4
N,44410041,01,4410,1,4
N,44410042,01,4410,1,4
N,44410043,01,4410,1,4
N,44410044,01,4410,1,4
N,44410045,01,4410,1,4
Q,50441089,01,4410,3,4
N,44410063,01,4410,1,4
N,44410064,01,4410,1,4
N,44410063,02,4410,1,4
N,44410064,02,4410,1,4
2,44410065,01,4410,1,4
2,44410065,02,4410,1,4
2,44410066,01,4410,1,4
2,44410066,02,4410,1,4
N,44410004,02,4410,1,4
N,44410035,01,4410,1,4
N,44410036,01,4410,1,4
N,44410037,01,4410,1,4
N,44410038,01,4410,1,4
2,44410068,01,4410,1,4
2,44410069,01,4410,1,4
Q,54410063,01,4410,5,4
2,44410072,01,4410,1,4
2,44410041,01,4410,1,4
2,44410042,01,4410,1,4
2,44410043,01,4410,1,4
N,43710015,01,3710,1,4
S,43710005,01,3710,1,4
N,43710000,01,3710,1,4
N,43710001,01,3710,1,4
N,43710061,01,3710,1,4
N,43710010,02,3710,1,4
N,43710011,02,3710,1,4
2,43710007,01,3710,1,4
2,43710008,01,3710,1,4
2,43710007,02,3710,1,4
N,43710046,01,3710,1,4
N,43710003,01,3710,1,4
N,43710004,01,3710,1,4
N,43710000,99,3710,1,4
N,43710012,01,3710,1,4
N,43710009,01,3710,1,4
N,43710047,01,3710,1,4
Q,53710001,01,3710,5,4
N,43710011,01,3710,1,4
N,43710010,01,3710,1,4
N,43710014,01,3710,1,4
N,43710062,01,3710,1,4
N,43710016,01,3710,1,4
Q,50371001,01,3710,5,4
Q,50371002,01,3710,5,4
Q,50371004,01,3710,5,4
Q,50371007,01,3710,5,4
Q,50371005,01,3710,6,4
N,43710039,01,3710,1,4
N,43710031,01,3710,1,4
Q,00000010,01,3710,9,4
N,43710200,01,3710,1,4
N,43710023,01,3710,1,4
N,43710024,01,3710,1,4
N,43710025,01,3710,1,4
N,43710026,01,3710,1,4
N,43710041,01,3710,1,4
N,43710042,01,3710,1,4
N,43710043,01,3710,1,4
N,43710044,01,3710,1,4
N,43710045,01,3710,1,4
Q,50371089,01,3710,3,4
N,43710063,01,3710,1,4
N,43710064,01,3710,1,4
N,43710063,02,3710,1,4
N,43710064,02,3710,1,4
2,43710065,01,3710,1,4
2,43710065,02,3710,1,4
2,43710066,01,3710,1,4
2,43710066,02,3710,1,4
N,43710004,02,3710,1,4
N,43710035,01,3710,1,4
N,43710036,01,3710,1,4
N,43710037,01,3710,1,4
N,43710038,01,3710,1,4
2,43710068,01,3710,1,4
2,43710069,01,3710,1,4
Q,53710063,01,3710,5,4
2,43710072,01,3710,1,4
2,43710041,01,3710,1,4
2,43710042,01,3710,1,4
2,43710043,01,3710,1,4
N,45410015,01,5410,1,4
S,45410005,01,5410,1,4
N,45410000,01,5410,1,4
N,45410001,01,5410,1,4
N,45410061,01,5410,1,4
N,45410010,02,5410,1,4
N,45410011,02,5410,1,4
2,45410007,01,5410,1,4
2,45410008,01,5410,1,4
2,45410007,02,5410,1,4
N,45410046,01,5410,1,4
N,45410003,01,5410,1,4
Q,50171090,01,1710,5,4
N,45410004,01,5410,1,4
N,45410000,99,5410,1,4
N,45410012,01,5410,1,4
N,45410009,01,5410,1,4
N,45410047,01,5410,1,4
Q,55410001,01,5410,5,4
N,45410011,01,5410,1,4
N,45410010,01,5410,1,4
N,45410014,01,5410,1,4
N,45410062,01,5410,1,4
N,45410016,01,5410,1,4
Q,50541001,01,5410,5,4
Q,50541002,01,5410,5,4
Q,50541004,01,5410,5,4
Q,50541007,01,5410,5,4
Q,50541005,01,5410,6,4
N,45410039,01,5410,1,4
N,45410031,01,5410,1,4
Q,00000011,01,5410,9,4
N,45410200,01,5410,1,4
N,45410023,01,5410,1,4
N,45410024,01,5410,1,4
N,45410025,01,5410,1,4
N,45410026,01,5410,1,4
N,45410041,01,5410,1,4
N,45410042,01,5410,1,4
N,45410043,01,5410,1,4
N,45410044,01,5410,1,4
N,45410045,01,5410,1,4
Q,50541089,01,5410,3,4
N,45410063,01,5410,1,4
N,45410064,01,5410,1,4
N,45410063,02,5410,1,4
N,45410064,02,5410,1,4
2,45410065,01,5410,1,4
2,45410065,02,5410,1,4
2,45410066,01,5410,1,4
2,45410066,02,5410,1,4
N,45410004,02,5410,1,4
N,45410035,01,5410,1,4
N,45410036,01,5410,1,4
N,45410037,01,5410,1,4
N,45410038,01,5410,1,4
2,45410068,01,5410,1,4
2,45410069,01,5410,1,4
Q,55410063,01,5410,5,4
2,45410072,01,5410,1,4
2,45410041,01,5410,1,4
2,45410042,01,5410,1,4
2,45410043,01,5410,1,4
N,45510015,01,5510,1,4
S,45510005,01,5510,1,4
N,45510000,01,5510,1,4
N,45510001,01,5510,1,4
N,45510061,01,5510,1,4
N,45510010,02,5510,1,4
N,45510011,02,5510,1,4
2,45510007,01,5510,1,4
2,45510008,01,5510,1,4
2,45510007,02,5510,1,4
N,45510046,01,5510,1,4
N,45510003,01,5510,1,4
N,45510004,01,5510,1,4
N,45510000,99,5510,1,4
N,45510012,01,5510,1,4
N,45510009,01,5510,1,4
N,45510047,01,5510,1,4
Q,55510001,01,5510,5,4
N,45510011,01,5510,1,4
N,45510010,01,5510,1,4
N,45510014,01,5510,1,4
N,45510062,01,5510,1,4
N,45510016,01,5510,1,4
Q,50551001,01,5510,5,4
Q,50551002,01,5510,5,4
Q,50551004,01,5510,5,4
Q,50551007,01,5510,5,4
Q,50551005,01,5510,6,4
N,45510039,01,5510,1,4
N,45510031,01,5510,1,4
N,45510023,01,5510,1,4
N,45510024,01,5510,1,4
N,45510025,01,5510,1,4
N,45510026,01,5510,1,4
N,45510041,01,5510,1,4
N,45510042,01,5510,1,4
N,45510043,01,5510,1,4
N,45510044,01,5510,1,4
N,45510045,01,5510,1,4
Q,50551089,01,5510,3,4
N,45510063,01,5510,1,4
N,45510064,01,5510,1,4
N,45510063,02,5510,1,4
N,45510064,02,5510,1,4
2,45510065,01,5510,1,4
2,45510065,02,5510,1,4
2,45510066,01,5510,1,4
2,45510066,02,5510,1,4
N,45510004,02,5510,1,4
N,45510035,01,5510,1,4
N,45510036,01,5510,1,4
N,45510037,01,5510,1,4
N,45510038,01,5510,1,4
2,45510068,01,5510,1,4
2,45510069,01,5510,1,4
Q,55510063,01,5510,5,4
2,45510072,01,5510,1,4
2,45510041,01,5510,1,4
2,45510042,01,5510,1,4
2,45510043,01,5510,1,4
N,47K10015,01,7K10,1,4
S,47K10005,01,7K10,1,4
N,47K10000,01,7K10,1,4
N,47K10001,01,7K10,1,4
N,47K10061,01,7K10,1,4
N,47K10010,02,7K10,1,4
N,47K10011,02,7K10,1,4
2,47K10007,01,7K10,1,4
2,47K10008,01,7K10,1,4
2,47K10007,02,7K10,1,4
N,47K10046,01,7K10,1,4
N,47K10003,01,7K10,1,4
N,47K10004,01,7K10,1,4
N,47K10000,99,7K10,1,4
N,47K10012,01,7K10,1,4
N,47K10009,01,7K10,1,4
N,47K10047,01,7K10,1,4
Q,57K10001,01,7K10,5,4
N,47K10011,01,7K10,1,4
N,47K10010,01,7K10,1,4
N,47K10014,01,7K10,1,4
N,47K10062,01,7K10,1,4
N,47K10016,01,7K10,1,4
Q,507K1001,01,7K10,5,4
Q,507K1002,01,7K10,5,4
Q,507K1004,01,7K10,5,4
Q,507K1007,01,7K10,5,4
Q,507K1005,01,7K10,6,4
N,47K10039,01,7K10,1,4
N,47K10031,01,7K10,1,4
Q,00000012,01,7K10,9,4
N,47K10200,01,7K10,1,4
N,47K10023,01,7K10,1,4
N,47K10024,01,7K10,1,4
N,47K10025,01,7K10,1,4
N,47K10026,01,7K10,1,4
N,47K10041,01,7K10,1,4
N,47K10042,01,7K10,1,4
N,47K10043,01,7K10,1,4
N,47K10044,01,7K10,1,4
N,47K10045,01,7K10,1,4
Q,507K1089,01,7K10,3,4
N,47K10063,01,7K10,1,4
N,47K10064,01,7K10,1,4
N,47K10063,02,7K10,1,4
N,47K10064,02,7K10,1,4
2,47K10065,01,7K10,1,4
2,47K10065,02,7K10,1,4
2,47K10066,01,7K10,1,4
2,47K10066,02,7K10,1,4
N,47K10004,02,7K10,1,4
N,47K10035,01,7K10,1,4
N,47K10036,01,7K10,1,4
N,47K10037,01,7K10,1,4
N,47K10038,01,7K10,1,4
2,47K10068,01,7K10,1,4
2,47K10069,01,7K10,1,4
Q,57K10063,01,7K10,5,4
2,47K10072,01,7K10,1,4
2,47K10041,01,7K10,1,4
2,47K10042,01,7K10,1,4
2,47K10043,01,7K10,1,4
N,44310015,01,4310,1,4
S,44310005,01,4310,1,4
N,44310000,01,4310,1,4
N,44310001,01,4310,1,4
N,44310061,01,4310,1,4
N,44310010,02,4310,1,4
N,44310011,02,4310,1,4
N,44310046,01,4310,1,4
N,44310003,01,4310,1,4
2,44310007,01,4310,1,4
2,44310008,01,4310,1,4
N,44310004,01,4310,1,4
2,44310007,02,4310,1,4
N,44310000,99,4310,1,4
N,44310012,01,4310,1,4
N,44310009,01,4310,1,4
N,44310047,01,4310,1,4
Q,54310001,01,4310,5,4
N,44310011,01,4310,1,4
N,44310010,01,4310,1,4
N,44310014,01,4310,1,4
N,44310062,01,4310,1,4
N,44310016,01,4310,1,4
Q,50431001,01,4310,5,4
Q,50431002,01,4310,5,4
Q,50431004,01,4310,5,4
Q,50431007,01,4310,5,4
Q,50431005,01,4310,6,4
N,44310039,01,4310,1,4
N,44310031,01,4310,1,4
N,44310023,01,4310,1,4
N,44310024,01,4310,1,4
N,44310025,01,4310,1,4
N,44310026,01,4310,1,4
N,44310041,01,4310,1,4
N,44310042,01,4310,1,4
N,44310043,01,4310,1,4
N,44310044,01,4310,1,4
N,44310045,01,4310,1,4
Q,50431089,01,4310,3,4
N,44310063,01,4310,1,4
N,44310064,01,4310,1,4
N,44310063,02,4310,1,4
N,44310064,02,4310,1,4
2,44310065,01,4310,1,4
2,44310065,02,4310,1,4
2,44310066,01,4310,1,4
2,44310066,02,4310,1,4
N,44310004,02,4310,1,4
N,44310035,01,4310,1,4
N,44310036,01,4310,1,4
N,44310037,01,4310,1,4
N,44310038,01,4310,1,4
2,44310068,01,4310,1,4
2,44310069,01,4310,1,4
Q,54310063,01,4310,5,4
2,44310072,01,4310,1,4
2,44310041,01,4310,1,4
2,44310042,01,4310,1,4
2,44310043,01,4310,1,4
N,41510015,01,1510,1,4
S,41510005,01,1510,1,4
N,41510000,01,1510,1,4
N,41510001,01,1510,1,4
N,41510061,01,1510,1,4
N,41510010,02,1510,1,4
N,41510011,02,1510,1,4
2,41510007,01,1510,1,4
2,41510008,01,1510,1,4
2,41510007,02,1510,1,4
N,41510046,01,1510,1,4
N,41510003,01,1510,1,4
N,41510004,01,1510,1,4
N,41510000,99,1510,1,4
N,41510012,01,1510,1,4
N,41510009,01,1510,1,4
N,41510047,01,1510,1,4
Q,51510001,01,1510,5,4
N,41510011,01,1510,1,4
N,41510010,01,1510,1,4
N,41510014,01,1510,1,4
N,41510062,01,1510,1,4
N,41510016,01,1510,1,4
Q,50151001,01,1510,5,4
Q,50151002,01,1510,5,4
Q,50151004,01,1510,5,4
Q,50151007,01,1510,5,4
Q,50151005,01,1510,6,4
N,41510039,01,1510,1,4
N,41510031,01,1510,1,4
Q,00000013,01,1510,9,4
N,41510200,01,1510,1,4
N,41510023,01,1510,1,4
N,41510024,01,1510,1,4
N,41510025,01,1510,1,4
N,41510026,01,1510,1,4
N,41510041,01,1510,1,4
N,41510042,01,1510,1,4
N,41510043,01,1510,1,4
N,41510044,01,1510,1,4
N,41510045,01,1510,1,4
Q,50151089,01,1510,3,4
N,41510063,01,1510,1,4
N,41510064,01,1510,1,4
N,41510063,02,1510,1,4
N,41510064,02,1510,1,4
2,41510065,01,1510,1,4
2,41510065,02,1510,1,4
2,41510066,01,1510,1,4
2,41510066,02,1510,1,4
N,41510004,02,1510,1,4
N,41510035,01,1510,1,4
N,41510036,01,1510,1,4
N,41510037,01,1510,1,4
N,41510038,01,1510,1,4
2,41510068,01,1510,1,4
2,41510069,01,1510,1,4
Q,51510063,01,1510,5,4
2,41510072,01,1510,1,4
2,41510041,01,1510,1,4
2,41510042,01,1510,1,4
2,41510043,01,1510,1,4
N,42310015,01,2310,1,4
S,42310005,01,2310,1,4
N,42310000,01,2310,1,4
N,42310001,01,2310,1,4
N,42310061,01,2310,1,4
2,42310007,01,2310,1,4
2,42310008,01,2310,1,4
N,42310046,01,2310,1,4
N,42310003,01,2310,1,4
N,42310004,01,2310,1,4
N,42310000,99,2310,1,4
N,42310012,01,2310,1,4
N,42310009,01,2310,1,4
N,42310047,01,2310,1,4
Q,52310001,01,2310,5,4
N,42310011,01,2310,1,4
N,42310010,01,2310,1,4
N,42310014,01,2310,1,4
N,42310016,01,2310,1,4
Q,50231001,01,2310,5,4
Q,50231002,01,2310,5,4
Q,50231004,01,2310,5,4
Q,50231005,01,2310,6,4
N,42310039,01,2310,1,4
N,42310031,01,2310,1,4
Q,00000014,01,2310,9,4
N,42310200,01,2310,1,4
N,42310023,01,2310,1,4
N,42310024,01,2310,1,4
N,42310025,01,2310,1,4
N,42310026,01,2310,1,4
N,42310041,01,2310,1,4
N,42310042,01,2310,1,4
N,42310043,01,2310,1,4
N,42310044,01,2310,1,4
N,42310045,01,2310,1,4
Q,50231089,01,2310,3,4
N,42310063,01,2310,1,4
N,42310064,01,2310,1,4
N,42310063,02,2310,1,4
N,42310064,02,2310,1,4
2,42310065,01,2310,1,4
2,42310065,02,2310,1,4
2,42310066,01,2310,1,4
2,42310066,02,2310,1,4
N,42310035,01,2310,1,4
N,42310036,01,2310,1,4
N,42310037,01,2310,1,4
N,42310038,01,2310,1,4
2,42310068,01,2310,1,4
2,42310069,01,2310,1,4
Q,52310063,01,2310,5,4
2,42310072,01,2310,1,4
2,42310041,01,2310,1,4
2,42310042,01,2310,1,4
2,42310043,01,2310,1,4
N,41810015,01,1810,1,4
S,41810005,01,1810,1,4
N,41810000,01,1810,1,4
N,41810001,01,1810,1,4
N,41810061,01,1810,1,4
N,41810010,02,1810,1,4
N,41810011,02,1810,1,4
2,41810007,01,1810,1,4
2,41810008,01,1810,1,4
2,41810007,02,1810,1,4
N,41810046,01,1810,1,4
N,41810003,01,1810,1,4
N,41810004,01,1810,1,4
N,41810000,99,1810,1,4
N,41810012,01,1810,1,4
N,41810009,01,1810,1,4
N,41810047,01,1810,1,4
Q,51810001,01,1810,5,4
N,41810011,01,1810,1,4
N,41810010,01,1810,1,4
N,41810014,01,1810,1,4
N,41810062,01,1810,1,4
N,41810016,01,1810,1,4
Q,50181001,01,1810,5,4
Q,50181002,01,1810,5,4
Q,50181004,01,1810,5,4
Q,50181007,01,1810,5,4
Q,50181005,01,1810,6,4
N,41810039,01,1810,1,4
N,41810031,01,1810,1,4
N,41810023,01,1810,1,4
N,41810024,01,1810,1,4
N,41810025,01,1810,1,4
N,41810026,01,1810,1,4
N,41810041,01,1810,1,4
N,41810042,01,1810,1,4
N,41810043,01,1810,1,4
N,41810044,01,1810,1,4
N,41810045,01,1810,1,4
Q,50181089,01,1810,3,4
N,41810063,01,1810,1,4
N,41810064,01,1810,1,4
N,41810063,02,1810,1,4
N,41810064,02,1810,1,4
2,41810065,01,1810,1,4
2,41810065,02,1810,1,4
2,41810066,01,1810,1,4
2,41810066,02,1810,1,4
N,41810004,02,1810,1,4
N,41810035,01,1810,1,4
N,41810036,01,1810,1,4
N,41810037,01,1810,1,4
N,41810038,01,1810,1,4
2,41810068,01,1810,1,4
2,41810069,01,1810,1,4
Q,51810063,01,1810,5,4
2,41810072,01,1810,1,4
2,41810041,01,1810,1,4
2,41810042,01,1810,1,4
2,41810043,01,1810,1,4
N,44210015,01,4210,1,4
S,44210005,01,4210,1,4
N,44210000,01,4210,1,4
N,44210001,01,4210,1,4
N,44210061,01,4210,1,4
N,44210010,02,4210,1,4
N,44210011,02,4210,1,4
2,44210007,01,4210,1,4
2,44210008,01,4210,1,4
2,44210007,02,4210,1,4
N,44210046,01,4210,1,4
N,44210003,01,4210,1,4
N,44210004,01,4210,1,4
N,44210000,99,4210,1,4
N,44210012,01,4210,1,4
N,44210009,01,4210,1,4
N,44210047,01,4210,1,4
Q,54210001,01,4210,5,4
N,44210011,01,4210,1,4
N,44210010,01,4210,1,4
N,44210014,01,4210,1,4
N,44210062,01,4210,1,4
N,44210016,01,4210,1,4
Q,50421001,01,4210,5,4
Q,50421002,01,4210,5,4
Q,50421004,01,4210,5,4
Q,50421007,01,4210,5,4
Q,50421005,01,4210,6,4
N,44210039,01,4210,1,4
N,44210031,01,4210,1,4
Q,00000015,01,4210,9,4
N,44210200,01,4210,1,4
N,44210023,01,4210,1,4
N,44210024,01,4210,1,4
N,44210025,01,4210,1,4
N,44210026,01,4210,1,4
N,44210041,01,4210,1,4
N,44210042,01,4210,1,4
N,44210043,01,4210,1,4
N,44210044,01,4210,1,4
N,44210045,01,4210,1,4
Q,50421089,01,4210,3,4
N,44210063,01,4210,1,4
N,44210064,01,4210,1,4
N,44210063,02,4210,1,4
N,44210064,02,4210,1,4
2,44210065,01,4210,1,4
2,44210065,02,4210,1,4
2,44210066,01,4210,1,4
2,44210066,02,4210,1,4
N,44210004,02,4210,1,4
N,44210035,01,4210,1,4
N,44210036,01,4210,1,4
N,44210037,01,4210,1,4
N,44210038,01,4210,1,4
2,44210068,01,4210,1,4
2,44210069,01,4210,1,4
Q,54210063,01,4210,5,4
2,44210072,01,4210,1,4
2,44210041,01,4210,1,4
2,44210042,01,4210,1,4
2,44210043,01,4210,1,4
N,45110015,01,5110,1,4
S,45110005,01,5110,1,4
N,45110000,01,5110,1,4
N,45110001,01,5110,1,4
N,45110061,01,5110,1,4
N,45110010,02,5110,1,4
N,45110011,02,5110,1,4
2,45110007,01,5110,1,4
2,45110008,01,5110,1,4
N,45110046,01,5110,1,4
N,45110003,01,5110,1,4
N,45110004,01,5110,1,4
N,45110000,99,5110,1,4
N,45110012,01,5110,1,4
N,45110009,01,5110,1,4
N,45110047,01,5110,1,4
Q,55110001,01,5110,5,4
N,45110011,01,5110,1,4
N,45110010,01,5110,1,4
N,45110014,01,5110,1,4
N,45110062,01,5110,1,4
N,45110016,01,5110,1,4
Q,50511001,01,5110,5,4
Q,50511002,01,5110,5,4
Q,50511004,01,5110,5,4
Q,50511007,01,5110,5,4
Q,50511005,01,5110,6,4
N,45110039,01,5110,1,4
N,45110031,01,5110,1,4
N,45110023,01,5110,1,4
N,45110024,01,5110,1,4
N,45110025,01,5110,1,4
N,45110026,01,5110,1,4
N,45110041,01,5110,1,4
N,45110042,01,5110,1,4
N,45110043,01,5110,1,4
N,45110044,01,5110,1,4
N,45110045,01,5110,1,4
Q,50511089,01,5110,3,4
N,45110063,01,5110,1,4
N,45110064,01,5110,1,4
N,45110063,02,5110,1,4
N,45110064,02,5110,1,4
2,45110065,01,5110,1,4
2,45110065,02,5110,1,4
2,45110066,01,5110,1,4
2,45110066,02,5110,1,4
N,45110004,02,5110,1,4
N,45110035,01,5110,1,4
N,45110036,01,5110,1,4
N,45110037,01,5110,1,4
N,45110038,01,5110,1,4
2,45110068,01,5110,1,4
2,45110069,01,5110,1,4
Q,55110063,01,5110,5,4
2,45110072,01,5110,1,4
2,45110041,01,5110,1,4
2,45110042,01,5110,1,4
2,45110043,01,5110,1,4
N,46210015,01,6210,1,4
S,46210005,01,6210,1,4
N,46210000,01,6210,1,4
N,46210001,01,6210,1,4
N,46210061,01,6210,1,4
N,46210010,02,6210,1,4
N,46210011,02,6210,1,4
2,46210007,01,6210,1,4
2,46210008,01,6210,1,4
N,46210046,01,6210,1,4
N,46210003,01,6210,1,4
N,46210004,01,6210,1,4
N,46210000,99,6210,1,4
N,46210012,01,6210,1,4
N,46210009,01,6210,1,4
N,46210047,01,6210,1,4
Q,56210001,01,6210,5,4
N,46210011,01,6210,1,4
N,46210010,01,6210,1,4
N,46210014,01,6210,1,4
N,46210062,01,6210,1,4
N,46210016,01,6210,1,4
Q,50621001,01,6210,5,4
Q,50621002,01,6210,5,4
Q,50621004,01,6210,5,4
Q,50621007,01,6210,5,4
Q,50621005,01,6210,6,4
N,46210039,01,6210,1,4
N,46210031,01,6210,1,4
Q,00000016,01,6210,9,4
N,46210200,01,6210,1,4
N,46210023,01,6210,1,4
N,46210024,01,6210,1,4
N,46210025,01,6210,1,4
N,46210026,01,6210,1,4
N,46210041,01,6210,1,4
N,46210042,01,6210,1,4
N,46210043,01,6210,1,4
N,46210044,01,6210,1,4
N,46210045,01,6210,1,4
Q,50621089,01,6210,3,4
N,46210063,01,6210,1,4
N,46210064,01,6210,1,4
N,46210063,02,6210,1,4
N,46210064,02,6210,1,4
2,46210065,01,6210,1,4
2,46210065,02,6210,1,4
2,46210066,01,6210,1,4
2,46210066,02,6210,1,4
N,46210004,02,6210,1,4
N,46210035,01,6210,1,4
N,46210036,01,6210,1,4
N,46210037,01,6210,1,4
N,46210038,01,6210,1,4
2,46210068,01,6210,1,4
2,46210069,01,6210,1,4
Q,56210063,01,6210,5,4
2,46210072,01,6210,1,4
2,46210041,01,6210,1,4
2,46210042,01,6210,1,4
2,46210043,01,6210,1,4
N,41110015,01,1110,1,4
S,41110005,01,1110,1,4
N,41110000,01,1110,1,4
N,41110001,01,1110,1,4
N,41110061,01,1110,1,4
N,41110010,02,1110,1,4
N,41110011,02,1110,1,4
2,41110007,01,1110,1,4
2,41110008,01,1110,1,4
2,41110007,02,1110,1,4
N,41110046,01,1110,1,4
N,41110003,01,1110,1,4
N,41110004,01,1110,1,4
N,41110000,99,1110,1,4
N,41110012,01,1110,1,4
N,41110009,01,1110,1,4
N,41110047,01,1110,1,4
Q,51110001,01,1110,5,4
N,41110011,01,1110,1,4
N,41110010,01,1110,1,4
N,41110014,01,1110,1,4
N,41110062,01,1110,1,4
N,41110016,01,1110,1,4
Q,50111001,01,1110,5,4
Q,50111002,01,1110,5,4
Q,50111004,01,1110,5,4
Q,50111007,01,1110,5,4
Q,50111005,01,1110,6,4
N,41110039,01,1110,1,4
N,41110031,01,1110,1,4
Q,00000017,01,1110,9,4
N,41110200,01,1110,1,4
N,41110023,01,1110,1,4
N,41110024,01,1110,1,4
N,41110025,01,1110,1,4
N,41110026,01,1110,1,4
N,41110041,01,1110,1,4
N,41110042,01,1110,1,4
N,41110043,01,1110,1,4
N,41110044,01,1110,1,4
N,41110045,01,1110,1,4
Q,50111089,01,1110,3,4
N,41110063,01,1110,1,4
N,41110064,01,1110,1,4
N,41110063,02,1110,1,4
N,41110064,02,1110,1,4
2,41110065,01,1110,1,4
2,41110065,02,1110,1,4
2,41110066,01,1110,1,4
2,41110066,02,1110,1,4
N,41110004,02,1110,1,4
N,41110035,01,1110,1,4
N,41110036,01,1110,1,4
N,41110037,01,1110,1,4
N,41110038,01,1110,1,4
2,41110068,01,1110,1,4
2,41110069,01,1110,1,4
Q,51110063,01,1110,5,4
2,41110072,01,1110,1,4
2,41110041,01,1110,1,4
2,41110042,01,1110,1,4
2,41110043,01,1110,1,4
N,41210015,01,1210,1,4
S,41210005,01,1210,1,4
N,41210000,01,1210,1,4
N,41210001,01,1210,1,4
N,41210061,01,1210,1,4
N,41210010,02,1210,1,4
N,41210011,02,1210,1,4
2,41210007,01,1210,1,4
2,41210008,01,1210,1,4
2,41210007,02,1210,1,4
N,41210046,01,1210,1,4
N,41210003,01,1210,1,4
N,41210004,01,1210,1,4
N,41210000,99,1210,1,4
N,41210012,01,1210,1,4
N,41210009,01,1210,1,4
N,41210047,01,1210,1,4
Q,51210001,01,1210,5,4
N,41210011,01,1210,1,4
N,41210010,01,1210,1,4
N,41210014,01,1210,1,4
N,41210062,01,1210,1,4
N,41210016,01,1210,1,4
Q,50121001,01,1210,5,4
Q,50121002,01,1210,5,4
Q,50121004,01,1210,5,4
Q,50121007,01,1210,5,4
Q,50121005,01,1210,6,4
N,41210039,01,1210,1,4
N,41210031,01,1210,1,4
Q,00000018,01,1210,9,4
N,41210027,01,1210,1,4
N,41210023,01,1210,1,4
N,41210024,01,1210,1,4
N,41210025,01,1210,1,4
N,41210026,01,1210,1,4
N,41210041,01,1210,1,4
N,41210042,01,1210,1,4
N,41210043,01,1210,1,4
N,41210044,01,1210,1,4
N,41210045,01,1210,1,4
Q,50121089,01,1210,3,4
N,41210063,01,1210,1,4
N,41210064,01,1210,1,4
N,41210063,02,1210,1,4
N,41210064,02,1210,1,4
2,41210065,01,1210,1,4
2,41210065,02,1210,1,4
2,41210066,01,1210,1,4
2,41210066,02,1210,1,4
N,41210004,02,1210,1,4
N,41210035,01,1210,1,4
N,41210036,01,1210,1,4
N,41210037,01,1210,1,4
N,41210038,01,1210,1,4
2,41210068,01,1210,1,4
2,41210069,01,1210,1,4
Q,51210063,01,1210,5,4
2,41210072,01,1210,1,4
2,41210041,01,1210,1,4
2,41210042,01,1210,1,4
2,41210043,01,1210,1,4
N,44510015,01,4510,1,4
S,44510005,01,4510,1,4
N,44510000,01,4510,1,4
N,44510001,01,4510,1,4
N,44510061,01,4510,1,4
N,44510010,02,4510,1,4
N,44510011,02,4510,1,4
2,44510007,01,4510,1,4
2,44510008,01,4510,1,4
2,44510007,02,4510,1,4
N,44510046,01,4510,1,4
N,44510003,01,4510,1,4
N,44510004,01,4510,1,4
N,44510000,99,4510,1,4
N,44510012,01,4510,1,4
N,44510009,01,4510,1,4
N,44510047,01,4510,1,4
Q,54510001,01,4510,5,4
N,44510011,01,4510,1,4
N,44510010,01,4510,1,4
N,44510014,01,4510,1,4
N,44510062,01,4510,1,4
N,44510016,01,4510,1,4
Q,50451001,01,4510,5,4
Q,50451002,01,4510,5,4
Q,50451004,01,4510,5,4
Q,50451007,01,4510,5,4
Q,50451005,01,4510,6,4
N,44510039,01,4510,1,4
N,44510031,01,4510,1,4
N,44510023,01,4510,1,4
N,44510024,01,4510,1,4
N,44510025,01,4510,1,4
N,44510026,01,4510,1,4
N,44510041,01,4510,1,4
N,44510042,01,4510,1,4
N,44510043,01,4510,1,4
N,44510044,01,4510,1,4
N,44510045,01,4510,1,4
Q,50451089,01,4510,3,4
N,44510063,01,4510,1,4
N,44510064,01,4510,1,4
N,44510063,02,4510,1,4
N,44510064,02,4510,1,4
2,44510065,01,4510,1,4
2,44510065,02,4510,1,4
2,44510066,01,4510,1,4
2,44510066,02,4510,1,4
N,44510004,02,4510,1,4
N,44510035,01,4510,1,4
N,44510036,01,4510,1,4
N,44510037,01,4510,1,4
N,44510038,01,4510,1,4
2,44510068,01,4510,1,4
2,44510069,01,4510,1,4
Q,54510063,01,4510,5,4
2,44510072,01,4510,1,4
2,44510041,01,4510,1,4
2,44510042,01,4510,1,4
2,44510043,01,4510,1,4
N,42410015,01,2410,1,4
S,42410005,01,2410,1,4
N,42410000,01,2410,1,4
N,42410001,01,2410,1,4
N,42410061,01,2410,1,4
2,42410007,01,2410,1,4
2,42410008,01,2410,1,4
2,42410007,02,2410,1,4
N,42410046,01,2410,1,4
N,42410003,01,2410,1,4
N,42410004,01,2410,1,4
N,42410000,99,2410,1,4
N,42410012,01,2410,1,4
N,42410009,01,2410,1,4
N,42410047,01,2410,1,4
Q,52410001,01,2410,5,4
N,42410011,01,2410,1,4
N,42410010,01,2410,1,4
N,42410014,01,2410,1,4
N,42410062,01,2410,1,4
N,42410016,01,2410,1,4
Q,50241001,01,2410,5,4
Q,50241002,01,2410,5,4
Q,50241004,01,2410,5,4
Q,50241005,01,2410,6,4
N,42410039,01,2410,1,4
N,42410031,01,2410,1,4
Q,00000019,01,2410,9,4
N,42410200,01,2410,1,4
N,42410023,01,2410,1,4
N,42410024,01,2410,1,4
N,42410025,01,2410,1,4
N,42410026,01,2410,1,4
N,42410041,01,2410,1,4
N,42410042,01,2410,1,4
N,42410043,01,2410,1,4
N,42410044,01,2410,1,4
N,42410045,01,2410,1,4
Q,50241089,01,2410,3,4
N,42410063,01,2410,1,4
N,42410064,01,2410,1,4
N,42410063,02,2410,1,4
N,42410064,02,2410,1,4
2,42410065,01,2410,1,4
2,42410065,02,2410,1,4
2,42410066,01,2410,1,4
2,42410066,02,2410,1,4
2,42410068,01,2410,1,4
2,42410069,01,2410,1,4
Q,52410063,01,2410,5,4
2,42410072,01,2410,1,4
2,42410041,01,2410,1,4
2,42410042,01,2410,1,4
2,42410043,01,2410,1,4
N,43210015,01,3210,1,4
S,43210005,01,3210,1,4
N,43210000,01,3210,1,4
N,43210001,01,3210,1,4
N,43210061,01,3210,1,4
2,43210007,01,3210,1,4
2,43210008,01,3210,1,4
N,43210046,01,3210,1,4
N,43210003,01,3210,1,4
N,43210004,01,3210,1,4
N,43210000,99,3210,1,4
N,43210012,01,3210,1,4
N,43210009,01,3210,1,4
Q,53210001,01,3210,5,4
N,43210011,01,3210,1,4
N,43210010,01,3210,1,4
N,43210014,01,3210,1,4
N,43210062,01,3210,1,4
N,43210016,01,3210,1,4
Q,50321001,01,3210,5,4
Q,50321002,01,3210,5,4
Q,50321004,01,3210,5,4
Q,50321007,01,3210,5,4
Q,50321005,01,3210,6,4
N,43210039,01,3210,1,4
N,43210031,01,3210,1,4
N,43210023,01,3210,1,4
N,43210024,01,3210,1,4
N,43210025,01,3210,1,4
N,43210026,01,3210,1,4
N,43210041,01,3210,1,4
N,43210042,01,3210,1,4
N,43210043,01,3210,1,4
N,43210044,01,3210,1,4
N,43210045,01,3210,1,4
Q,50321089,01,3210,3,4
N,43210063,01,3210,1,4
N,43210064,01,3210,1,4
N,43210063,02,3210,1,4
N,43210064,02,3210,1,4
2,43210065,01,3210,1,4
2,43210065,02,3210,1,4
2,43210066,01,3210,1,4
2,43210066,02,3210,1,4
N,43210004,02,3210,1,4
2,43210068,01,3210,1,4
2,43210069,01,3210,1,4
Q,53210063,01,3210,5,4
2,43210072,01,3210,1,4
2,43210041,01,3210,1,4
2,43210042,01,3210,1,4
2,43210043,01,3210,1,4
N,42010015,01,2010,1,4
S,42010005,01,2010,1,4
N,42010000,01,2010,1,4
N,42010001,01,2010,1,4
N,42010061,01,2010,1,4
N,42010010,02,2010,1,4
N,42010011,02,2010,1,4
2,42010007,01,2010,1,4
2,42010008,01,2010,1,4
2,42010007,02,2010,1,4
N,42010046,01,2010,1,4
N,42010003,01,2010,1,4
N,42010004,01,2010,1,4
N,42010000,99,2010,1,4
N,42010012,01,2010,1,4
N,42010009,01,2010,1,4
N,42010047,01,2010,1,4
Q,52010001,01,2010,5,4
N,42010011,01,2010,1,4
N,42010010,01,2010,1,4
N,42010014,01,2010,1,4
N,42010062,01,2010,1,4
N,42010016,01,2010,1,4
Q,50201001,01,2010,5,4
Q,50201002,01,2010,5,4
Q,50201004,01,2010,5,4
Q,50201007,01,2010,5,4
Q,50201005,01,2010,6,4
N,42010039,01,2010,1,4
N,42010031,01,2010,1,4
N,42010023,01,2010,1,4
N,42010024,01,2010,1,4
N,42010025,01,2010,1,4
N,42010026,01,2010,1,4
N,42010041,01,2010,1,4
N,42010042,01,2010,1,4
N,42010043,01,2010,1,4
N,42010044,01,2010,1,4
N,42010045,01,2010,1,4
Q,50201089,01,2010,3,4
N,42010063,01,2010,1,4
N,42010064,01,2010,1,4
N,42010063,02,2010,1,4
N,42010064,02,2010,1,4
2,42010065,01,2010,1,4
2,42010065,02,2010,1,4
2,42010066,01,2010,1,4
2,42010066,02,2010,1,4
N,42010004,02,2010,1,4
2,42010068,01,2010,1,4
2,42010069,01,2010,1,4
Q,52010063,01,2010,5,4
2,42010072,01,2010,1,4
2,42010041,01,2010,1,4
2,42010042,01,2010,1,4
2,42010043,01,2010,1,4
N,41310015,01,1310,1,4
S,41310005,01,1310,1,4
N,41310000,01,1310,1,4
N,41310001,01,1310,1,4
N,41310061,01,1310,1,4
N,41310010,02,1310,1,4
N,41310011,02,1310,1,4
2,41310007,01,1310,1,4
2,41310008,01,1310,1,4
2,41310007,02,1310,1,4
N,41310046,01,1310,1,4
N,41310003,01,1310,1,4
N,41310004,01,1310,1,4
N,41310000,99,1310,1,4
N,41310012,01,1310,1,4
N,41310009,01,1310,1,4
N,41310047,01,1310,1,4
Q,51310001,01,1310,5,4
N,41310011,01,1310,1,4
N,41310010,01,1310,1,4
N,41310014,01,1310,1,4
N,41310062,01,1310,1,4
N,41310016,01,1310,1,4
Q,50131001,01,1310,5,4
Q,50131002,01,1310,5,4
Q,50131004,01,1310,5,4
Q,50131007,01,1310,5,4
Q,50131005,01,1310,6,4
N,41310039,01,1310,1,4
N,41310031,01,1310,1,4
Q,00000020,01,1310,9,4
N,41310200,01,1310,1,4
N,41310023,01,1310,1,4
N,41310024,01,1310,1,4
N,41310025,01,1310,1,4
N,41310026,01,1310,1,4
N,41310041,01,1310,1,4
N,41310042,01,1310,1,4
N,41310043,01,1310,1,4
N,41310044,01,1310,1,4
N,41310045,01,1310,1,4
Q,50131089,01,1310,3,4
N,41310063,01,1310,1,4
N,41310064,01,1310,1,4
N,41310063,02,1310,1,4
N,41310064,02,1310,1,4
2,41310065,01,1310,1,4
2,41310065,02,1310,1,4
2,41310066,01,1310,1,4
2,41310066,02,1310,1,4
N,41310004,02,1310,1,4
N,41310035,01,1310,1,4
N,41310036,01,1310,1,4
N,41310037,01,1310,1,4
N,41310038,01,1310,1,4
2,41310068,01,1310,1,4
2,41310069,01,1310,1,4
Q,51310063,01,1310,5,4
2,41310072,01,1310,1,4
2,41310041,01,1310,1,4
2,41310042,01,1310,1,4
2,41310043,01,1310,1,4
N,42210015,01,2210,1,4
S,42210005,01,2210,1,4
N,42210000,01,2210,1,4
N,42210001,01,2210,1,4
N,42210061,01,2210,1,4
N,42210010,02,2210,1,4
N,42210011,02,2210,1,4
2,42210007,01,2210,1,4
2,42210008,01,2210,1,4
2,42210007,02,2210,1,4
N,42210046,01,2210,1,4
N,42210003,01,2210,1,4
N,42210004,01,2210,1,4
N,42210000,99,2210,1,4
N,42210012,01,2210,1,4
N,42210009,01,2210,1,4
N,42210047,01,2210,1,4
Q,52210001,01,2210,5,4
N,42210011,01,2210,1,4
N,42210010,01,2210,1,4
N,42210014,01,2210,1,4
N,42210062,01,2210,1,4
N,42210016,01,2210,1,4
Q,50221001,01,2210,5,4
Q,50221002,01,2210,5,4
Q,50221004,01,2210,5,4
Q,50221007,01,2210,5,4
Q,50221005,01,2210,6,4
N,42210039,01,2210,1,4
N,42210031,01,2210,1,4
Q,00000021,01,2210,9,4
N,40000200,01,2210,1,4
N,42210023,01,2210,1,4
N,42210024,01,2210,1,4
N,42210025,01,2210,1,4
N,42210026,01,2210,1,4
N,42210041,01,2210,1,4
N,42210042,01,2210,1,4
N,42210043,01,2210,1,4
N,42210044,01,2210,1,4
N,42210045,01,2210,1,4
Q,50221089,01,2210,3,4
N,42210063,01,2210,1,4
N,42210064,01,2210,1,4
N,42210063,02,2210,1,4
N,42210064,02,2210,1,4
2,42210065,01,2210,1,4
2,42210065,02,2210,1,4
2,42210066,01,2210,1,4
2,42210066,02,2210,1,4
N,42210004,02,2210,1,4
N,42210035,01,2210,1,4
N,42210036,01,2210,1,4
N,42210037,01,2210,1,4
N,42210038,01,2210,1,4
2,42210068,01,2210,1,4
2,42210069,01,2210,1,4
Q,52210063,01,2210,5,4
2,42210072,01,2210,1,4
2,42210041,01,2210,1,4
2,42210042,01,2210,1,4
2,42210043,01,2210,1,4
N,42910015,01,2910,1,4
S,42910005,01,2910,1,4
N,42910000,01,2910,1,4
N,42910001,01,2910,1,4
N,42910061,01,2910,1,4
2,42910007,01,2910,1,4
2,42910008,01,2910,1,4
N,42910046,01,2910,1,4
N,42910003,01,2910,1,4
N,42910004,01,2910,1,4
N,42910000,99,2910,1,4
N,42910012,01,2910,1,4
N,42910009,01,2910,1,4
N,42910047,01,2910,1,4
Q,52910001,01,2910,5,4
N,42910011,01,2910,1,4
N,42910010,01,2910,1,4
N,42910014,01,2910,1,4
A,00000003,01,1710,,4
A,00000003,02,1710,,4
A,00000003,03,1710,,4
A,00000003,04,1710,,4
A,00000003,05,1710,,4
N,42910016,01,2910,1,4
Q,50291001,01,2910,5,4
Q,50291002,01,2910,5,4
Q,50291004,01,2910,5,4
Q,50291007,01,2910,5,4
Q,50291005,01,2910,6,4
N,42910039,01,2910,1,4
N,42910031,01,2910,1,4
Q,00000022,01,2910,9,4
N,42910200,01,2910,1,4
N,42910023,01,2910,1,4
N,42910024,01,2910,1,4
N,42910025,01,2910,1,4
N,42910026,01,2910,1,4
N,42910041,01,2910,1,4
N,42910042,01,2910,1,4
N,42910043,01,2910,1,4
N,42910044,01,2910,1,4
N,42910045,01,2910,1,4
Q,50291089,01,2910,3,4
N,42910063,01,2910,1,4
N,42910064,01,2910,1,4
N,42910063,02,2910,1,4
N,42910064,02,2910,1,4
2,42910065,01,2910,1,4
2,42910065,02,2910,1,4
2,42910066,01,2910,1,4
2,42910066,02,2910,1,4
N,42910035,01,2910,1,4
N,42910036,01,2910,1,4
N,42910037,01,2910,1,4
N,42910038,01,2910,1,4
2,42910068,01,2910,1,4
2,42910069,01,2910,1,4
N,41010046,01,1010,1,4
Q,52910063,01,2910,5,4
2,42910072,01,2910,1,4
2,42910041,01,2910,1,4
2,42910042,01,2910,1,4
2,42910043,01,2910,1,4
N,41410015,01,1410,1,4
S,41410005,01,1410,1,4
N,41410000,01,1410,1,4
N,41410001,01,1410,1,4
N,41410061,01,1410,1,4
N,41410010,02,1410,1,4
N,41410011,02,1410,1,4
N,41410046,01,1410,1,4
N,41410003,01,1410,1,4
N,41410004,01,1410,1,4
N,41410000,99,1410,1,4
N,41410012,01,1410,1,4
N,41410009,01,1410,1,4
N,41410047,01,1410,1,4
Q,51410001,01,1410,5,4
N,41410011,01,1410,1,4
N,41410010,01,1410,1,4
N,41410014,01,1410,1,4
N,41410062,01,1410,1,4
N,41410016,01,1410,1,4
Q,50141001,01,1410,5,4
Q,50141002,01,1410,5,4
Q,50141004,01,1410,5,4
Q,50141007,01,1410,5,4
Q,50141005,01,1410,6,4
N,41410039,01,1410,1,4
N,41410031,01,1410,1,4
Q,50141089,01,1410,3,4
N,41410023,01,1410,1,4
N,41410024,01,1410,1,4
N,41410025,01,1410,1,4
N,41410026,01,1410,1,4
N,42510015,01,2510,1,4
S,42510005,01,2510,1,4
N,42510000,01,2510,1,4
N,42510001,01,2510,1,4
N,42510061,01,2510,1,4
N,42510010,02,2510,1,4
N,42510011,02,2510,1,4
2,42510007,01,2510,1,4
2,42510008,01,2510,1,4
2,42510007,02,2510,1,4
N,42510046,01,2510,1,4
N,42510003,01,2510,1,4
N,42510004,01,2510,1,4
N,42510000,99,2510,1,4
N,42510012,01,2510,1,4
N,42510009,01,2510,1,4
N,42510047,01,2510,1,4
Q,52510001,01,2510,5,4
N,42510011,01,2510,1,4
N,42510010,01,2510,1,4
N,42510014,01,2510,1,4
N,42510062,01,2510,1,4
N,42510016,01,2510,1,4
Q,50251001,01,2510,5,4
Q,50251002,01,2510,5,4
Q,50251004,01,2510,5,4
Q,50251007,01,2510,5,4
A,00000026,01,1710,,4
Q,50251005,01,2510,6,4
N,42510039,01,2510,1,4
N,42510031,01,2510,1,4
Q,00000023,01,2510,9,4
N,42510027,01,2510,1,4
N,42510023,01,2510,1,4
N,42510024,01,2510,1,4
N,42510025,01,2510,1,4
N,42510026,01,2510,1,4
N,42510041,01,2510,1,4
N,42510042,01,2510,1,4
N,42510043,01,2510,1,4
N,42510044,01,2510,1,4
N,42510045,01,2510,1,4
Q,50251089,01,2510,3,4
N,42510063,01,2510,1,4
N,42510064,01,2510,1,4
N,42510063,02,2510,1,4
N,42510064,02,2510,1,4
2,42510065,01,2510,1,4
2,42510065,02,2510,1,4
2,42510066,01,2510,1,4
2,42510066,02,2510,1,4
N,42510004,02,2510,1,4
N,42510035,01,2510,1,4
N,42510036,01,2510,1,4
N,42510037,01,2510,1,4
N,42510038,01,2510,1,4
2,42510068,01,2510,1,4
2,42510069,01,2510,1,4
Q,52510063,01,2510,5,4
2,42510072,01,2510,1,4
2,42510041,01,2510,1,4
2,42510042,01,2510,1,4
2,42510043,01,2510,1,4
N,43010015,01,3010,1,4
S,43010005,01,3010,1,4
N,43010000,01,3010,1,4
N,43010001,01,3010,1,4
N,43010061,01,3010,1,4
N,43010010,02,3010,1,4
N,43010011,02,3010,1,4
2,43010007,01,3010,1,4
2,43010008,01,3010,1,4
2,43010007,02,3010,1,4
N,43010046,01,3010,1,4
N,43010003,01,3010,1,4
N,43010004,01,3010,1,4
N,43010000,99,3010,1,4
N,43010012,01,3010,1,4
N,43010009,01,3010,1,4
N,43010047,01,3010,1,4
Q,53010001,01,3010,5,4
N,43010011,01,3010,1,4
N,43010010,01,3010,1,4
N,43010014,01,3010,1,4
N,43010062,01,3010,1,4
N,43010016,01,3010,1,4
Q,50301001,01,3010,5,4
Q,50301002,01,3010,5,4
Q,50301004,01,3010,5,4
Q,50301007,01,3010,5,4
Q,50301005,01,3010,6,4
N,43010039,01,3010,1,4
N,43010031,01,3010,1,4
Q,00000024,01,3010,9,4
N,43010200,01,3010,1,4
N,43010023,01,3010,1,4
N,43010024,01,3010,1,4
N,43010025,01,3010,1,4
N,43010026,01,3010,1,4
N,43010041,01,3010,1,4
N,43010042,01,3010,1,4
N,43010043,01,3010,1,4
N,43010044,01,3010,1,4
N,43010045,01,3010,1,4
Q,50301089,01,3010,3,4
N,43010063,01,3010,1,4
N,43010064,01,3010,1,4
N,43010063,02,3010,1,4
N,43010064,02,3010,1,4
2,43010065,01,3010,1,4
2,43010065,02,3010,1,4
2,43010066,01,3010,1,4
2,43010066,02,3010,1,4
N,43010004,02,3010,1,4
N,43010035,01,3010,1,4
N,43010036,01,3010,1,4
N,43010037,01,3010,1,4
N,43010038,01,3010,1,4
2,43010068,01,3010,1,4
2,43010069,01,3010,1,4
Q,53010063,01,3010,5,4
2,43010072,01,3010,1,4
2,43010041,01,3010,1,4
2,43010042,01,3010,1,4
2,43010043,01,3010,1,4
N,43910015,01,3910,1,4
S,43910005,01,3910,1,4
N,43910000,01,3910,1,4
N,43910001,01,3910,1,4
N,43910061,01,3910,1,4
N,43910010,02,3910,1,4
N,43910011,02,3910,1,4
2,43910007,01,3910,1,4
2,43910008,01,3910,1,4
2,43910007,02,3910,1,4
N,43910046,01,3910,1,4
N,43910003,01,3910,1,4
N,43910004,01,3910,1,4
N,43910000,99,3910,1,4
N,43910012,01,3910,1,4
N,43910009,01,3910,1,4
N,50000018,01,1710,1,1
N,43910047,01,3910,1,4
Q,53910001,01,3910,5,4
N,43910011,01,3910,1,4
N,43910010,01,3910,1,4
N,43910014,01,3910,1,4
N,43910062,01,3910,1,4
N,43910016,01,3910,1,4
Q,50391001,01,3910,5,4
Q,50391002,01,3910,5,4
Q,50391004,01,3910,5,4
Q,50391007,01,3910,5,4
Q,50391005,01,3910,6,4
N,43910039,01,3910,1,4
N,43910031,01,3910,1,4
N,43910023,01,3910,1,4
N,43910024,01,3910,1,4
N,43910025,01,3910,1,4
N,43910026,01,3910,1,4
N,43910041,01,3910,1,4
N,43910042,01,3910,1,4
N,43910043,01,3910,1,4
N,43910044,01,3910,1,4
N,43910045,01,3910,1,4
Q,50391089,01,3910,3,4
N,43910063,01,3910,1,4
N,43910064,01,3910,1,4
N,43910063,02,3910,1,4
N,43910064,02,3910,1,4
2,43910065,01,3910,1,4
2,43910065,02,3910,1,4
2,43910066,01,3910,1,4
2,43910066,02,3910,1,4
N,43910004,02,3910,1,4
N,43910035,01,3910,1,4
N,43910036,01,3910,1,4
N,43910037,01,3910,1,4
N,43910038,01,3910,1,4
2,43910068,01,3910,1,4
2,43910069,01,3910,1,4
Q,53910063,01,3910,5,4
2,43910072,01,3910,1,4
2,43910041,01,3910,1,4
2,43910042,01,3910,1,4
2,43910043,01,3910,1,4
N,43310015,01,3310,1,4
S,43310005,01,3310,1,4
N,43310000,01,3310,1,4
N,43310001,01,3310,1,4
N,43310061,01,3310,1,4
N,43310010,02,3310,1,4
N,43310011,02,3310,1,4
2,43310007,01,3310,1,4
2,43310008,01,3310,1,4
2,43310007,02,3310,1,4
N,43310046,01,3310,1,4
N,43310003,01,3310,1,4
N,43310004,01,3310,1,4
N,43310000,99,3310,1,4
N,43310012,01,3310,1,4
N,43310009,01,3310,1,4
N,43310047,01,3310,1,4
Q,53310001,01,3310,5,4
A,00000006,01,1710,,4
A,00000007,01,1710,,4
A,00000008,01,1710,,4
A,00000009,01,1710,,4
N,41710046,01,1710,1,4
N,41710046,02,1710,1,4
N,43310011,01,3310,1,4
N,43310010,01,3310,1,4
N,43310014,01,3310,1,4
N,43310062,01,3310,1,4
N,43310016,01,3310,1,4
Q,50331001,01,3310,5,4
Q,50331002,01,3310,5,4
Q,50331004,01,3310,5,4
Q,50331007,01,3310,5,4
Q,50331005,01,3310,6,4
N,43310039,01,3310,1,4
N,43310031,01,3310,1,4
Q,00000025,01,3310,9,4
N,43310200,01,3310,1,4
N,43310023,01,3310,1,4
N,43310024,01,3310,1,4
N,43310025,01,3310,1,4
N,43310026,01,3310,1,4
N,43310041,01,3310,1,4
N,43310042,01,3310,1,4
N,43310043,01,3310,1,4
N,43310044,01,3310,1,4
N,43310045,01,3310,1,4
Q,50331089,01,3310,3,4
N,43310063,01,3310,1,4
N,43310064,01,3310,1,4
N,43310063,02,3310,1,4
N,43310064,02,3310,1,4
2,43310065,01,3310,1,4
2,43310065,02,3310,1,4
2,43310066,01,3310,1,4
2,43310066,02,3310,1,4
N,43310004,02,3310,1,4
N,43310035,01,3310,1,4
N,43310036,01,3310,1,4
N,43310037,01,3310,1,4
N,43310038,01,3310,1,4
2,43310068,01,3310,1,4
2,43310069,01,3310,1,4
Q,53310063,01,3310,5,4
2,43310072,01,3310,1,4
2,43310041,01,3310,1,4
2,43310042,01,3310,1,4
2,43310043,01,3310,1,4
2,43310077,01,3310,1,4
N,45910004,02,5910,1,4
N,45910035,01,5910,1,4
N,45910036,01,5910,1,4
N,45910037,01,5910,1,4
N,45910038,01,5910,1,4
2,45910068,01,5910,1,4
2,45910069,01,5910,1,4
Q,55910063,01,5910,5,4
2,45910072,01,5910,1,4
2,45910041,01,5910,1,4
2,45910042,01,5910,1,4
2,45910043,01,5910,1,4
N,43510015,01,3510,1,4
S,43510005,01,3510,1,4
2,43510007,01,3510,1,4
2,43510008,01,3510,1,4
2,43510007,02,3510,1,4
N,50000020,01,1710,1,4
N,50000020,02,1710,1,4
N,50000019,01,1710,1,4
N,50000019,02,1710,1,4
N,50000021,01,1710,1,4
N,50000021,02,1710,1,4
N,00000010,01,1710,1,4
N,41710046,03,1710,1,4
N,41010004,02,1010,1,4
Q,50351001,01,3510,5,4
Q,50351002,01,3510,5,4
Q,50351004,01,3510,5,4
Q,50351007,01,3510,5,4
Q,50351005,01,3510,6,4
N,43510039,01,3510,1,4
N,43510031,01,3510,1,4
N,43510023,01,3510,1,4
N,43510024,01,3510,1,4
N,43510025,01,3510,1,4
N,43510026,01,3510,1,4
N,43510041,01,3510,1,4
N,43510042,01,3510,1,4
N,43510043,01,3510,1,4
N,43510044,01,3510,1,4
N,43510045,01,3510,1,4
Q,50351089,01,3510,3,4
N,43510000,01,3510,1,4
N,43510001,01,3510,1,4
N,43510061,01,3510,1,4
N,43510010,02,3510,1,4
N,43510011,02,3510,1,4
N,43510035,01,3510,1,4
N,43510036,01,3510,1,4
N,43510037,01,3510,1,4
N,43510038,01,3510,1,4
N,43510063,01,3510,1,4
N,41710062,01,1710,1,4
N,43510064,01,3510,1,4
N,43510063,02,3510,1,4
N,43510064,02,3510,1,4
2,43510065,01,3510,1,4
2,43510065,02,3510,1,4
2,43510066,01,3510,1,4
2,43510066,02,3510,1,4
2,43510068,01,3510,1,4
2,43510069,01,3510,1,4
Q,53510063,01,3510,5,4
2,43510072,01,3510,1,4
2,43510041,01,3510,1,4
2,43510042,01,3510,1,4
2,43510043,01,3510,1,4
N,43510012,01,3510,1,4
N,43510009,01,3510,1,4
N,43510047,01,3510,1,4
2,43510077,01,3510,1,4
N,42110015,01,2110,1,4
S,42110005,01,2110,1,4
N,42110000,01,2110,1,4
N,42110001,01,2110,1,4
N,42110061,01,2110,1,4
N,42110010,02,2110,1,4
N,42110011,02,2110,1,4
2,42110007,01,2110,1,4
2,42110008,01,2110,1,4
2,42110007,02,2110,1,4
N,42110046,01,2110,1,4
N,42110003,01,2110,1,4
N,42110004,01,2110,1,4
N,42110000,99,2110,1,4
N,42110012,01,2110,1,4
N,42110009,01,2110,1,4
N,42110047,01,2110,1,4
Q,52110001,01,2110,5,4
N,42110011,01,2110,1,4
N,42110010,01,2110,1,4
N,42110014,01,2110,1,4
N,42110062,01,2110,1,4
N,42110016,01,2110,1,4
Q,50211001,01,2110,5,4
Q,50211002,01,2110,5,4
Q,50211004,01,2110,5,4
Q,50211007,01,2110,5,4
Q,50211005,01,2110,6,4
N,42110039,01,2110,1,4
N,42110031,01,2110,1,4
Q,00000026,01,2110,9,4
N,42110200,01,2110,1,4
N,42110023,01,2110,1,4
N,42110024,01,2110,1,4
N,42110025,01,2110,1,4
N,42110026,01,2110,1,4
N,42110041,01,2110,1,4
N,42110042,01,2110,1,4
N,42110043,01,2110,1,4
N,42110044,01,2110,1,4
N,42110045,01,2110,1,4
Q,50211089,01,2110,3,4
A,00000012,01,1710,4,4
N,50000022,01,1710,1,4
A,00000013,01,1710,4,4
A,00000017,01,1710,4,4
A,00000018,01,1710,,4
A,00000019,01,1710,4,4
A,00000020,01,1710,4,4
A,00000022,01,1710,4,4
A,00000023,01,1710,4,4
A,00000024,01,1710,4,4
2,41710077,01,1710,1,4
A,00000025,01,1710,,4
A,00000027,01,1710,4,4
A,00000029,01,1710,4,4
A,00000030,01,1710,4,4
A,00000031,01,1710,4,4
A,00000033,01,1710,4,4
A,00000037,01,1710,4,4
A,00000039,01,1710,4,4
Q,51010071,01,1010,9,4
N,42110063,01,2110,1,4
N,42110064,01,2110,1,4
N,42110063,02,2110,1,4
N,42110064,02,2110,1,4
2,42110065,01,2110,1,4
2,42110065,02,2110,1,4
2,42110066,01,2110,1,4
2,42110066,02,2110,1,4
N,42110004,02,2110,1,4
N,42110035,01,2110,1,4
N,42110036,01,2110,1,4
N,42110037,01,2110,1,4
N,42110038,01,2110,1,4
2,42110068,01,2110,1,4
2,42110069,01,2110,1,4
Q,52110063,01,2110,5,4
2,42110072,01,2110,1,4
2,42110041,01,2110,1,4
2,42110042,01,2110,1,4
2,42110043,01,2110,1,4
