STLNR,STLAL,STKOZ,BMENG,BMEIN,STLST
00000001,01,00000001,100,ST,01
00000002,01,00000001,1000,BOT,01
00000003,01,00000001,10000,CCM,01
00000004,01,00000001,100,ST,01
00000057,01,00000001,100,ST,01
00000006,01,00000001,1000,ST,01
00000007,99,00000001,1,ST,01
00000204,01,00000001,1,ST,01
00000008,01,00000001,100,ST,01
00000001,01,00000001,1,ST,01
00000002,01,00000001,1,ST,01
00000009,01,00000001,100,ST,01
00000010,01,00000001,100,ST,01
00000011,01,00000001,100,ST,01
00000012,01,00000001,100,ST,01
00000013,01,00000001,100,ST,01
00000010,01,00000001,1,ST,01
00000016,01,00000001,100,ST,01
00000015,01,00000001,1000,BOT,01
00000017,01,00000001,10000,CCM,01
00000018,01,00000001,100,ST,01
00000019,01,00000001,1000,ST,01
00000020,01,00000001,100,ST,01
00000021,01,00000001,1,ST,01
00000022,01,00000001,1,ST,01
00000058,01,00000001,100,ST,01
00000024,01,00000001,100,ST,01
00000025,01,00000001,100,ST,01
00000026,01,00000001,100,ST,01
00000027,01,00000001,100000,ST,01
00000028,01,00000001,100000,ST,01
00000029,01,00000001,100000,ST,01
00000030,01,00000001,100000,ST,01
00000031,01,00000001,100000,ST,01
00000032,01,00000001,100000,ST,01
00000033,01,00000001,100000,ST,01
00000034,01,00000001,100000,ST,01
00000035,01,00000001,100000,ST,01
00000011,01,00000001,1,ST,01
00000007,02,00000025,1,ST,01
00000037,01,00000001,100,ST,01
00000038,01,00000001,100,ST,01
00000039,01,00000001,100,ST,01
00000040,01,00000001,1000,BOT,01
00000041,01,00000001,10000,CCM,01
00000042,01,00000001,100,ST,01
00000102,01,00000001,100,ST,01
00000044,01,00000001,1000,ST,01
00000038,99,00000022,1,ST,01
00000003,01,00000001,1,ST,01
00000004,01,00000001,1,ST,01
00000045,01,00000001,100,ST,01
00000046,01,00000001,100,ST,01
00000047,01,00000001,100,ST,01
00000048,01,00000001,100,ST,01
00000049,01,00000001,100,ST,01
00000050,01,00000001,1,ST,01
00000051,01,00000001,1,ST,01
00000085,01,00000001,100,ST,01
00000053,01,00000001,100,ST,01
00000054,01,00000001,100,ST,01
00000055,01,00000001,100,ST,01
00000043,01,00000001,100,ST,01
00000103,01,00000001,100,ST,01
00000104,01,00000001,100,KG,01
00000091,01,00000001,1,ST,01
00000105,01,00000001,100,ST,01
00000052,01,00000001,100,ST,01
00000106,01,00000001,100,ST,01
00000107,01,00000001,100,ST,01
00000108,01,00000001,100,ST,01
00000109,01,00000001,100,ST,01
00000088,01,00000001,1,EA,01
00000110,01,00000001,100,BOT,01
00000111,01,00000001,1500,CCM,01
00000120,01,00000001,100,KG,01
00000113,01,00000001,100,ST,01
00000114,01,00000001,100,ST,01
00000115,01,00000001,100,ST,01
00000116,01,00000001,100,ST,01
00000117,01,00000001,100,KG,01
00000118,01,00000001,1000,L,01
00000121,01,00000001,100,KG,01
00000119,01,00000001,100,KG,01
00000122,01,00000001,1000,KG,01
00000123,01,00000001,100,ST,01
00000124,01,00000001,100,KG,01
00000059,01,00000001,1,ST,01
00000068,01,00000001,1,EA,01
00000125,01,00000001,100,BOT,01
00000126,01,00000001,1500,CCM,01
00000112,01,00000001,1,EA,01
00000012,01,00000001,1,ST,01
00000013,01,00000001,1,ST,01
00000014,01,00000001,1,ST,01
00000186,01,00000001,1,ST,01
00000131,01,00000001,100,KG,01
00000132,01,00000001,1000,L,01
00000133,01,00000001,100,KG,01
00000134,01,00000001,100,KG,01
00000135,01,00000001,100,KG,01
00000136,01,00000001,1000,KG,01
00000187,01,00000001,1,ST,01
00000082,01,00000001,1,ST,01
00000082,01,00000026,1,ST,01
00000036,02,00000024,1,ST,01
00000036,03,00000047,1,ST,01
00000178,01,00000001,100,ST,01
00000083,01,00000001,1,ST,01
00000128,01,00000001,100,ST,01
00000179,01,00000001,100,ST,01
00000180,01,00000001,1000,ST,01
00000181,01,00000001,100,EA,01
00000182,01,00000001,100,ST,01
00000183,01,00000001,100,ST,01
00000184,01,00000001,1000,ST,01
00000185,01,00000001,100,EA,01
00000211,01,00000001,1,ST,01
00000205,01,00000001,1,EA,01
00000207,01,00000001,1,ST,01
00000208,01,00000001,1,ST,01
00000209,01,00000001,1,ST,01
00000210,01,00000001,1,ST,01
00000206,01,00000001,1,EA,01
00000212,01,00000001,1,ST,01
00000213,01,00000001,1,ST,01
00000214,01,00000001,1,ST,01
00000215,01,00000001,1,ST,01
00000001,01,00000001,100,ST,01
00000002,01,00000001,100,ST,01
00000003,01,00000001,100,ST,01
00000004,01,00000001,100,ST,01
00000005,01,00000001,100,ST,01
00000006,01,00000001,1000,BOT,01
00000007,01,00000001,10000,CCM,01
00000008,01,00000001,100,ST,01
00000009,01,00000001,100,ST,01
00000010,01,00000001,1000,ST,01
00000002,99,00000020,1,ST,01
00000001,01,00000001,1,ST,01
00000002,01,00000001,1,ST,01
00000011,01,00000001,100,ST,01
00000012,01,00000001,100,ST,01
00000013,01,00000001,100,ST,01
00000014,01,00000001,100,ST,01
00000015,01,00000001,100,ST,01
00000016,01,00000001,100,ST,01
00000017,01,00000001,100,ST,01
00000018,01,00000001,100,KG,01
00000019,01,00000001,100,KG,01
00000020,01,00000001,1,ST,01
00000021,01,00000001,1,ST,01
00000022,01,00000001,1,ST,01
00000023,01,00000001,1,ST,01
00000024,01,00000001,1,ST,01
00000025,01,00000001,100,ST,01
00000026,01,00000001,100,ST,01
00000027,01,00000001,100,ST,01
00000028,01,00000001,100,ST,01
00000029,01,00000001,100,ST,01
00000030,01,00000001,100,ST,01
00000031,01,00000001,100,ST,01
00000032,01,00000001,100,ST,01
00000033,01,00000001,100,ST,01
00000034,01,00000001,1,ST,01
00000035,01,00000001,100,ST,01
00000036,01,00000001,1,EA,01
00000037,01,00000001,1,ST,01
00000038,01,00000001,1,ST,01
00000039,01,00000001,100,BOT,01
00000040,01,00000001,1500,CCM,01
00000041,01,00000001,1,EA,01
00000042,01,00000001,1000,ST,01
00000043,01,00000001,1000,ST,01
00000044,01,00000001,1000,ST,01
00000045,01,00000001,100,ST,01
00000046,01,00000001,100,ST,01
00000047,01,00000001,100,ST,01
00000048,01,00000001,100,ST,01
00000049,01,00000001,100,KG,01
00000050,01,00000001,1000,L,01
00000051,01,00000001,100,KG,01
00000052,01,00000001,100,KG,01
00000053,01,00000001,100,KG,01
00000054,01,00000001,1000,KG,01
00000055,01,00000001,1,ST,01
00000058,01,00000001,1,ST,01
00000057,01,00000001,1,ST,01
00000056,01,00000001,1,ST,01
00000059,01,00000001,1,ST,01
00000062,01,00000001,1,ST,01
00000061,01,00000001,1,ST,01
00000060,01,00000001,1,ST,01
00000063,01,00000001,1,KG,01
00000064,01,00000001,100,EA,01
00000065,01,00000001,1000,BOT,01
00000066,01,00000001,100,ST,01
00000067,01,00000001,10000,CCM,01
00000068,01,00000001,100,ST,01
00000069,01,00000001,1000,ST,01
00000070,01,00000001,100,ST,01
00000071,01,00000001,1,ST,01
00000112,01,00000001,1,EA,01
00000113,01,00000001,1,ST,01
00000074,01,00000001,1,ST,01
00000075,01,00000001,1,ST,01
00000076,01,00000001,1,ST,01
00000077,01,00000001,1,ST,01
00000078,01,00000001,100,ST,01
00000079,01,00000001,100,ST,01
00000080,01,00000001,100,ST,01
00000081,01,00000001,100,ST,01
00000082,01,00000001,100,ST,01
00000083,01,00000001,1000,BOT,01
00000084,01,00000001,10000,CCM,01
00000085,01,00000001,100,ST,01
00000086,01,00000001,100,ST,01
00000087,01,00000001,1000,ST,01
00000079,99,00000020,1,ST,01
00000003,01,00000001,1,ST,01
00000004,01,00000001,1,ST,01
00000088,01,00000001,100,ST,01
00000089,01,00000001,100,ST,01
00000090,01,00000001,100,ST,01
00000091,01,00000001,100,ST,01
00000092,01,00000001,100,ST,01
00000093,01,00000001,100,ST,01
00000094,01,00000001,100,ST,01
00000095,01,00000001,100,KG,01
00000096,01,00000001,100,KG,01
00000097,01,00000001,1,ST,01
00000098,01,00000001,1,ST,01
00000099,01,00000001,1,ST,01
00000100,01,00000001,1,ST,01
00000101,01,00000001,1,ST,01
00000102,01,00000001,100,ST,01
00000103,01,00000001,100,ST,01
00000104,01,00000001,100,ST,01
00000105,01,00000001,100,ST,01
00000106,01,00000001,100,ST,01
00000107,01,00000001,100,ST,01
00000108,01,00000001,100,ST,01
00000109,01,00000001,100,ST,01
00000110,01,00000001,100,ST,01
00000111,01,00000001,100,ST,01
00000114,01,00000001,1,ST,01
00000115,01,00000001,100,BOT,01
00000116,01,00000001,1500,CCM,01
00000117,01,00000001,1000,ST,01
00000118,01,00000001,1000,ST,01
00000119,01,00000001,1000,ST,01
00000120,01,00000001,100,ST,01
00000121,01,00000001,100,ST,01
00000122,01,00000001,100,ST,01
00000123,01,00000001,100,ST,01
00000124,01,00000001,100,KG,01
00000125,01,00000001,1000,L,01
00000126,01,00000001,100,KG,01
00000127,01,00000001,100,KG,01
00000128,01,00000001,100,KG,01
00000129,01,00000001,1000,KG,01
00000130,01,00000001,1,ST,01
00000133,01,00000001,1,ST,01
00000132,01,00000001,1,ST,01
00000131,01,00000001,1,ST,01
00000134,01,00000001,1,ST,01
00000137,01,00000001,1,ST,01
00000136,01,00000001,1,ST,01
00000135,01,00000001,1,ST,01
00000138,01,00000001,1,KG,01
00000139,01,00000001,100,EA,01
00000140,01,00000001,1,ST,01
00000072,01,00000001,1,EA,01
00000073,01,00000001,1,EA,01
00000141,01,00000001,1,ST,01
00000142,01,00000001,1,ST,01
00000143,01,00000001,1,ST,01
00000144,01,00000001,1,ST,01
00000145,01,00000001,100,ST,01
00000146,01,00000001,100,ST,01
00000147,01,00000001,100,ST,01
00000148,01,00000001,100,ST,01
00000149,01,00000001,100,ST,01
00000150,01,00000001,1000,BOT,01
00000151,01,00000001,10000,CCM,01
00000152,01,00000001,100,ST,01
00000153,01,00000001,100,ST,01
00000154,01,00000001,1000,ST,01
00000146,99,00000020,1,ST,01
00000005,01,00000001,1,ST,01
00000006,01,00000001,1,ST,01
00000155,01,00000001,100,ST,01
00000156,01,00000001,100,ST,01
00000157,01,00000001,100,ST,01
00000158,01,00000001,100,ST,01
00000159,01,00000001,100,ST,01
00000160,01,00000001,100,ST,01
00000161,01,00000001,100,ST,01
00000162,01,00000001,100,KG,01
00000163,01,00000001,100,KG,01
00000164,01,00000001,1,ST,01
00000165,01,00000001,1,ST,01
00000166,01,00000001,1,ST,01
00000167,01,00000001,1,ST,01
00000168,01,00000001,1,ST,01
00000169,01,00000001,100,ST,01
00000170,01,00000001,100,ST,01
00000171,01,00000001,100,ST,01
00000172,01,00000001,100,ST,01
00000173,01,00000001,100,ST,01
00000174,01,00000001,100,ST,01
00000175,01,00000001,100,ST,01
00000176,01,00000001,100,ST,01
00000177,01,00000001,100,ST,01
00000178,01,00000001,100,ST,01
00000179,01,00000001,1,EA,01
00000056,01,00000001,1,ST,01
00000180,01,00000001,1,ST,01
00000181,01,00000001,1,ST,01
00000182,01,00000001,100,BOT,01
00000183,01,00000001,1500,CCM,01
00000184,01,00000001,1000,ST,01
00000185,01,00000001,1000,ST,01
00000186,01,00000001,100,ST,01
00000187,01,00000001,100,ST,01
00000188,01,00000001,100,ST,01
00000189,01,00000001,100,ST,01
00000190,01,00000001,100,KG,01
00000191,01,00000001,1000,L,01
00000192,01,00000001,100,KG,01
00000193,01,00000001,100,KG,01
00000194,01,00000001,100,KG,01
00000195,01,00000001,1000,KG,01
00000196,01,00000001,1,ST,01
00000199,01,00000001,1,ST,01
00000198,01,00000001,1,ST,01
00000197,01,00000001,1,ST,01
00000200,01,00000001,100,ST,01
00000201,01,00000001,100,ST,01
00000202,01,00000001,100,ST,01
00000203,01,00000001,100,ST,01
00000204,01,00000001,100,ST,01
00000205,01,00000001,1000,BOT,01
00000206,01,00000001,10000,CCM,01
00000207,01,00000001,100,ST,01
00000208,01,00000001,100,ST,01
00000209,01,00000001,1000,ST,01
00000201,99,00000020,1,ST,01
00000007,01,00000001,1,ST,01
00000008,01,00000001,1,ST,01
00000210,01,00000001,100,ST,01
00000211,01,00000001,100,ST,01
00000212,01,00000001,100,ST,01
00000213,01,00000001,100,ST,01
00000214,01,00000001,100,ST,01
00000215,01,00000001,100,ST,01
00000216,01,00000001,100,ST,01
00000217,01,00000001,100,KG,01
00000218,01,00000001,100,KG,01
00000219,01,00000001,1,ST,01
00000220,01,00000001,1,ST,01
00000221,01,00000001,1,ST,01
00000222,01,00000001,1,ST,01
00000223,01,00000001,1,ST,01
00000224,01,00000001,100,ST,01
00000225,01,00000001,100,ST,01
00000226,01,00000001,100,ST,01
00000227,01,00000001,100,ST,01
00000228,01,00000001,100,ST,01
00000229,01,00000001,100,ST,01
00000230,01,00000001,100,ST,01
00000231,01,00000001,100,ST,01
00000232,01,00000001,100,ST,01
00000233,01,00000001,100,ST,01
00000234,01,00000001,1,EA,01
00000235,01,00000001,1,ST,01
00000236,01,00000001,1,ST,01
00000237,01,00000001,100,BOT,01
00000238,01,00000001,1500,CCM,01
00000239,01,00000001,1000,ST,01
00000240,01,00000001,1000,ST,01
00000001,01,00000001,1,ST,01
00000241,01,00000001,100,ST,01
00000242,01,00000001,100,ST,01
00000243,01,00000001,100,ST,01
00000244,01,00000001,100,ST,01
00000245,01,00000001,100,KG,01
00000246,01,00000001,1000,L,01
00000247,01,00000001,100,KG,01
00000248,01,00000001,100,KG,01
00000249,01,00000001,100,KG,01
00000250,01,00000001,1000,KG,01
00000251,01,00000001,1,ST,01
00000254,01,00000001,1,ST,01
00000253,01,00000001,1,ST,01
00000252,01,00000001,1,ST,01
00000255,01,00000001,100,ST,01
00000260,01,00000001,1000,BOT,01
00000256,01,00000001,100,ST,01
00000261,01,00000001,10000,CCM,01
00000257,01,00000001,100,ST,01
00000262,01,00000001,100,ST,01
00000258,01,00000001,100,ST,01
00000263,01,00000001,100,ST,01
00000259,01,00000001,100,ST,01
00000264,01,00000001,1000,ST,01
00000256,99,00000020,1,ST,01
00000009,01,00000001,1,ST,01
00000010,01,00000001,1,ST,01
00000265,01,00000001,100,ST,01
00000266,01,00000001,100,ST,01
00000267,01,00000001,100,ST,01
00000268,01,00000001,100,ST,01
00000269,01,00000001,100,ST,01
00000270,01,00000001,100,ST,01
00000271,01,00000001,100,ST,01
00000272,01,00000001,100,KG,01
00000273,01,00000001,100,KG,01
00000274,01,00000001,1,ST,01
00000275,01,00000001,1,ST,01
00000276,01,00000001,1,ST,01
00000277,01,00000001,1,ST,01
00000278,01,00000001,100,ST,01
00000279,01,00000001,100,ST,01
00000280,01,00000001,100,ST,01
00000281,01,00000001,100,ST,01
00000282,01,00000001,100,ST,01
00000283,01,00000001,100,ST,01
00000284,01,00000001,100,ST,01
00000285,01,00000001,100,ST,01
00000286,01,00000001,100,ST,01
00000287,01,00000001,100,ST,01
00000288,01,00000001,1,EA,01
00000289,01,00000001,1,ST,01
00000290,01,00000001,1,ST,01
00000291,01,00000001,100,BOT,01
00000292,01,00000001,1500,CCM,01
00000293,01,00000001,1000,ST,01
00000294,01,00000001,1000,ST,01
00000295,01,00000001,100,ST,01
00000296,01,00000001,100,ST,01
00000297,01,00000001,100,ST,01
00000298,01,00000001,100,ST,01
00000299,01,00000001,100,KG,01
00000300,01,00000001,1000,L,01
00000301,01,00000001,100,KG,01
00000302,01,00000001,100,KG,01
00000303,01,00000001,100,KG,01
00000304,01,00000001,1000,KG,01
00000305,01,00000001,1,ST,01
00000308,01,00000001,1,ST,01
00000307,01,00000001,1,ST,01
00000306,01,00000001,1,ST,01
00000309,01,00000001,100,ST,01
00000310,01,00000001,100,ST,01
00000311,01,00000001,100,ST,01
00000312,01,00000001,100,ST,01
00000313,01,00000001,100,ST,01
00000314,01,00000001,1000,BOT,01
00000315,01,00000001,10000,CCM,01
00000316,01,00000001,100,ST,01
00000317,01,00000001,100,ST,01
00000318,01,00000001,1000,ST,01
00000310,99,00000020,1,ST,01
00000011,01,00000001,1,ST,01
00000012,01,00000001,1,ST,01
00000319,01,00000001,100,ST,01
00000320,01,00000001,100,ST,01
00000321,01,00000001,100,ST,01
00000322,01,00000001,100,ST,01
00000323,01,00000001,100,ST,01
00000324,01,00000001,100,ST,01
00000325,01,00000001,100,ST,01
00000326,01,00000001,100,KG,01
00000327,01,00000001,100,KG,01
00000328,01,00000001,1,ST,01
00000329,01,00000001,1,ST,01
00000330,01,00000001,1,ST,01
00000331,01,00000001,1,ST,01
00000332,01,00000001,100,ST,01
00000333,01,00000001,100,ST,01
00000334,01,00000001,100,ST,01
00000335,01,00000001,100,ST,01
00000336,01,00000001,100,ST,01
00000337,01,00000001,100,ST,01
00000338,01,00000001,100,ST,01
00000339,01,00000001,100,ST,01
00000340,01,00000001,100,ST,01
00000341,01,00000001,100,ST,01
00000342,01,00000001,1,ST,01
00000343,01,00000001,1,ST,01
00000344,01,00000001,100,BOT,01
00000345,01,00000001,1500,CCM,01
00000346,01,00000001,1000,ST,01
00000347,01,00000001,1000,ST,01
00000348,01,00000001,100,ST,01
00000349,01,00000001,100,ST,01
00000350,01,00000001,100,ST,01
00000351,01,00000001,100,ST,01
00000352,01,00000001,100,KG,01
00000353,01,00000001,1000,L,01
00000354,01,00000001,100,KG,01
00000355,01,00000001,100,KG,01
00000356,01,00000001,100,KG,01
00000357,01,00000001,1000,KG,01
00000358,01,00000001,1,ST,01
00000361,01,00000001,1,ST,01
00000360,01,00000001,1,ST,01
00000359,01,00000001,1,ST,01
00000362,01,00000001,100,ST,01
00000363,01,00000001,100,ST,01
00000364,01,00000001,100,ST,01
00000365,01,00000001,100,ST,01
00000366,01,00000001,100,ST,01
00000367,01,00000001,1000,BOT,01
00000368,01,00000001,10000,CCM,01
00000369,01,00000001,100,ST,01
00000370,01,00000001,100,ST,01
00000371,01,00000001,1000,ST,01
00000363,99,00000020,1,ST,01
00000013,01,00000001,1,ST,01
00000014,01,00000001,1,ST,01
00000372,01,00000001,100,ST,01
00000373,01,00000001,100,ST,01
00000374,01,00000001,100,ST,01
00000375,01,00000001,100,ST,01
00000376,01,00000001,100,ST,01
00000377,01,00000001,100,ST,01
00000378,01,00000001,100,ST,01
00000379,01,00000001,100,KG,01
00000380,01,00000001,100,KG,01
00000381,01,00000001,1,ST,01
00000382,01,00000001,1,ST,01
00000383,01,00000001,1,ST,01
00000384,01,00000001,1,ST,01
00000385,01,00000001,100,ST,01
00000386,01,00000001,100,ST,01
00000387,01,00000001,100,ST,01
00000388,01,00000001,100,ST,01
00000389,01,00000001,100,ST,01
00000390,01,00000001,100,ST,01
00000391,01,00000001,100,ST,01
00000392,01,00000001,100,ST,01
00000393,01,00000001,100,ST,01
00000394,01,00000001,100,ST,01
00000395,01,00000001,1,EA,01
00000396,01,00000001,1,ST,01
00000397,01,00000001,1,ST,01
00000398,01,00000001,100,BOT,01
00000399,01,00000001,1500,CCM,01
00000400,01,00000001,1000,ST,01
00000401,01,00000001,1000,ST,01
00000402,01,00000001,100,KG,01
00000403,01,00000001,1000,L,01
00000404,01,00000001,100,KG,01
00000405,01,00000001,100,KG,01
00000406,01,00000001,100,KG,01
00000407,01,00000001,1000,KG,01
00000408,01,00000001,1,ST,01
00000411,01,00000001,1,ST,01
00000410,01,00000001,1,ST,01
00000409,01,00000001,1,ST,01
00000412,01,00000001,100,ST,01
00000413,01,00000001,100,ST,01
00000414,01,00000001,100,ST,01
00000415,01,00000001,100,ST,01
00000416,01,00000001,100,ST,01
00000417,01,00000001,1000,BOT,01
00000418,01,00000001,10000,CCM,01
00000419,01,00000001,100,ST,01
00000420,01,00000001,100,ST,01
00000421,01,00000001,1000,ST,01
00000015,01,00000001,1,ST,01
00000413,99,00000020,1,ST,01
00000016,01,00000001,1,ST,01
00000422,01,00000001,100,ST,01
00000423,01,00000001,100,ST,01
00000424,01,00000001,100,ST,01
00000425,01,00000001,100,ST,01
00000426,01,00000001,100,ST,01
00000427,01,00000001,100,ST,01
00000428,01,00000001,100,ST,01
00000429,01,00000001,100,KG,01
00000430,01,00000001,100,KG,01
00000431,01,00000001,1,ST,01
00000432,01,00000001,1,ST,01
00000433,01,00000001,1,ST,01
00000434,01,00000001,1,ST,01
00000435,01,00000001,1,ST,01
00000436,01,00000001,100,ST,01
00000437,01,00000001,100,ST,01
00000438,01,00000001,100,ST,01
00000439,01,00000001,100,ST,01
00000440,01,00000001,100,ST,01
00000441,01,00000001,100,ST,01
00000442,01,00000001,100,ST,01
00000443,01,00000001,100,ST,01
00000444,01,00000001,100,ST,01
00000445,01,00000001,100,ST,01
00000446,01,00000001,1,EA,01
00000447,01,00000001,1,ST,01
00000448,01,00000001,1,ST,01
00000449,01,00000001,100,BOT,01
00000450,01,00000001,1500,CCM,01
00000451,01,00000001,1000,ST,01
00000452,01,00000001,1000,ST,01
00000453,01,00000001,100,ST,01
00000454,01,00000001,100,ST,01
00000455,01,00000001,100,ST,01
00000456,01,00000001,100,ST,01
00000457,01,00000001,100,KG,01
00000458,01,00000001,1000,L,01
00000459,01,00000001,100,KG,01
00000460,01,00000001,100,KG,01
00000461,01,00000001,100,KG,01
00000462,01,00000001,1000,KG,01
00000463,01,00000001,1,ST,01
00000466,01,00000001,1,ST,01
00000465,01,00000001,1,ST,01
00000464,01,00000001,1,ST,01
00000467,01,00000001,100,ST,01
00000468,01,00000001,100,ST,01
00000469,01,00000001,100,ST,01
00000470,01,00000001,100,ST,01
00000471,01,00000001,100,ST,01
00000472,01,00000001,1000,BOT,01
00000473,01,00000001,10000,CCM,01
00000474,01,00000001,100,ST,01
00000475,01,00000001,100,ST,01
00000476,01,00000001,1000,ST,01
00000139,01,00000001,1,ST,01
00000140,01,00000001,1,ST,01
00000140,02,00000010,1,ST,01
00000141,01,00000001,1000,ST,01
00000142,01,00000001,1,ST,01
00000145,01,00000001,1,ST,01
00000144,01,00000001,1,ST,01
00000143,01,00000001,1,ST,01
00000146,01,00000001,1000,ST,01
00000147,01,00000001,1,ST,01
00000150,01,00000001,1,ST,01
00000149,01,00000001,1,ST,01
00000148,01,00000001,1,ST,01
00000468,99,00000020,1,ST,01
00000017,01,00000001,1,ST,01
00000018,01,00000001,1,ST,01
00000477,01,00000001,100,ST,01
00000478,01,00000001,100,ST,01
00000479,01,00000001,100,ST,01
00000480,01,00000001,100,ST,01
00000481,01,00000001,100,ST,01
00000482,01,00000001,100,ST,01
00000483,01,00000001,100,ST,01
00000484,01,00000001,100,KG,01
00000485,01,00000001,100,KG,01
00000486,01,00000001,1,ST,01
00000487,01,00000001,1,ST,01
00000488,01,00000001,1,ST,01
00000489,01,00000001,1,ST,01
00000490,01,00000001,1,ST,01
00000491,01,00000001,100,ST,01
00000492,01,00000001,100,ST,01
00000493,01,00000001,100,ST,01
00000494,01,00000001,100,ST,01
00000495,01,00000001,100,ST,01
00000496,01,00000001,100,ST,01
00000497,01,00000001,100,ST,01
00000498,01,00000001,100,ST,01
00000499,01,00000001,100,ST,01
00000500,01,00000001,100,ST,01
00000501,01,00000001,1,EA,01
00000502,01,00000001,1,ST,01
00000503,01,00000001,1,ST,01
00000504,01,00000001,100,BOT,01
00000505,01,00000001,1500,CCM,01
00000506,01,00000001,1000,ST,01
00000507,01,00000001,1000,ST,01
00000508,01,00000001,100,ST,01
00000509,01,00000001,100,ST,01
00000510,01,00000001,100,ST,01
00000511,01,00000001,100,ST,01
00000512,01,00000001,100,KG,01
00000513,01,00000001,1000,L,01
00000514,01,00000001,100,KG,01
00000515,01,00000001,100,KG,01
00000516,01,00000001,100,KG,01
00000517,01,00000001,1000,KG,01
00000518,01,00000001,1,ST,01
00000521,01,00000001,1,ST,01
00000520,01,00000001,1,ST,01
00000519,01,00000001,1,ST,01
00000522,01,00000001,100,ST,01
00000523,01,00000001,100,ST,01
00000524,01,00000001,100,ST,01
00000525,01,00000001,100,ST,01
00000526,01,00000001,100,ST,01
00000527,01,00000001,1000,BOT,01
00000528,01,00000001,10000,CCM,01
00000529,01,00000001,100,ST,01
00000530,01,00000001,100,ST,01
00000531,01,00000001,1000,ST,01
00000523,99,00000020,1,ST,01
00000019,01,00000001,1,ST,01
00000020,01,00000001,1,ST,01
00000532,01,00000001,100,ST,01
00000533,01,00000001,100,ST,01
00000534,01,00000001,100,ST,01
00000535,01,00000001,100,ST,01
00000536,01,00000001,100,ST,01
00000537,01,00000001,100,ST,01
00000538,01,00000001,100,ST,01
00000539,01,00000001,100,KG,01
00000540,01,00000001,100,KG,01
00000541,01,00000001,1,ST,01
00000542,01,00000001,1,ST,01
00000543,01,00000001,1,ST,01
00000544,01,00000001,1,ST,01
00000545,01,00000001,100,ST,01
00000546,01,00000001,100,ST,01
00000547,01,00000001,100,ST,01
00000548,01,00000001,100,ST,01
00000086,01,00000001,100,ST,01
00000549,01,00000001,100,ST,01
00000550,01,00000001,100,ST,01
00000551,01,00000001,100,ST,01
00000552,01,00000001,100,ST,01
00000553,01,00000001,100,ST,01
00000554,01,00000001,100,ST,01
00000555,01,00000001,1,EA,01
00000556,01,00000001,1,ST,01
00000557,01,00000001,1,ST,01
00000558,01,00000001,100,BOT,01
00000559,01,00000001,1500,CCM,01
00000560,01,00000001,100,ST,01
00000561,01,00000001,100,ST,01
00000562,01,00000001,100,ST,01
00000563,01,00000001,100,ST,01
00000564,01,00000001,100,ST,01
00000565,01,00000001,1000,BOT,01
00000566,01,00000001,10000,CCM,01
00000567,01,00000001,100,ST,01
00000568,01,00000001,100,ST,01
00000569,01,00000001,1000,ST,01
00000561,99,00000020,1,ST,01
00000021,01,00000001,1,ST,01
00000022,01,00000001,1,ST,01
00000570,01,00000001,100,ST,01
00000571,01,00000001,100,ST,01
00000572,01,00000001,100,ST,01
00000573,01,00000001,100,ST,01
00000574,01,00000001,100,ST,01
00000575,01,00000001,100,ST,01
00000576,01,00000001,100,ST,01
00000577,01,00000001,100,KG,01
00000578,01,00000001,100,KG,01
00000579,01,00000001,1,ST,01
00000580,01,00000001,1,ST,01
00000581,01,00000001,1,ST,01
00000582,01,00000001,1,ST,01
00000583,01,00000001,1,ST,01
00000584,01,00000001,100,ST,01
00000585,01,00000001,100,ST,01
00000586,01,00000001,100,ST,01
00000587,01,00000001,100,ST,01
00000588,01,00000001,100,ST,01
00000589,01,00000001,100,ST,01
00000590,01,00000001,100,ST,01
00000591,01,00000001,100,ST,01
00000592,01,00000001,100,ST,01
00000593,01,00000001,1,EA,01
00000594,01,00000001,1,ST,01
00000595,01,00000001,1,ST,01
00000596,01,00000001,100,BOT,01
00000597,01,00000001,1500,CCM,01
00000598,01,00000001,100,ST,01
00000599,01,00000001,100,ST,01
00000600,01,00000001,100,ST,01
00000601,01,00000001,100,ST,01
00000602,01,00000001,100,KG,01
00000603,01,00000001,1000,L,01
00000604,01,00000001,100,KG,01
00000605,01,00000001,100,KG,01
00000606,01,00000001,100,KG,01
00000607,01,00000001,1000,KG,01
00000608,01,00000001,1,ST,01
00000611,01,00000001,1,ST,01
00000610,01,00000001,1,ST,01
00000609,01,00000001,1,ST,01
00000612,01,00000001,100,ST,01
00000613,01,00000001,100,ST,01
00000614,01,00000001,100,ST,01
00000615,01,00000001,100,ST,01
00000616,01,00000001,100,ST,01
00000617,01,00000001,1000,BOT,01
00000618,01,00000001,10000,CCM,01
00000619,01,00000001,100,ST,01
00000620,01,00000001,100,ST,01
00000621,01,00000001,1000,ST,01
00000613,99,00000020,1,ST,01
00000023,01,00000001,1,ST,01
00000024,01,00000001,1,ST,01
00000622,01,00000001,100,ST,01
00000623,01,00000001,100,ST,01
00000624,01,00000001,100,ST,01
00000625,01,00000001,100,ST,01
00000626,01,00000001,100,ST,01
00000627,01,00000001,100,ST,01
00000628,01,00000001,100,ST,01
00000629,01,00000001,100,KG,01
00000630,01,00000001,100,KG,01
00000631,01,00000001,1,ST,01
00000632,01,00000001,1,ST,01
00000633,01,00000001,1,ST,01
00000634,01,00000001,1,ST,01
00000635,01,00000001,100,ST,01
00000636,01,00000001,100,ST,01
00000637,01,00000001,100,ST,01
00000638,01,00000001,100,ST,01
00000639,01,00000001,100,ST,01
00000640,01,00000001,100,ST,01
00000641,01,00000001,100,ST,01
00000642,01,00000001,100,ST,01
00000643,01,00000001,100,ST,01
00000644,01,00000001,100,ST,01
00000645,01,00000001,1,EA,01
00000646,01,00000001,1,ST,01
00000647,01,00000001,1,ST,01
00000648,01,00000001,100,BOT,01
00000649,01,00000001,1500,CCM,01
00000650,01,00000001,1000,ST,01
00000651,01,00000001,1000,ST,01
00000652,01,00000001,100,ST,01
00000653,01,00000001,100,ST,01
00000654,01,00000001,100,ST,01
00000655,01,00000001,100,ST,01
00000656,01,00000001,100,KG,01
00000657,01,00000001,1000,L,01
00000658,01,00000001,100,KG,01
00000659,01,00000001,100,KG,01
00000660,01,00000001,100,KG,01
00000661,01,00000001,1000,KG,01
00000662,01,00000001,1,ST,01
00000665,01,00000001,1,ST,01
00000664,01,00000001,1,ST,01
00000663,01,00000001,1,ST,01
00000666,01,00000001,100,ST,01
00000667,01,00000001,100,ST,01
00000668,01,00000001,100,ST,01
00000669,01,00000001,100,ST,01
00000670,01,00000001,100,ST,01
00000673,01,00000001,100,ST,01
00000671,01,00000001,1000,BOT,01
00000674,01,00000001,100,ST,01
00000672,01,00000001,10000,CCM,01
00000675,01,00000001,1000,ST,01
00000667,99,00000020,1,ST,01
00000025,01,00000001,1,ST,01
00000026,01,00000001,1,ST,01
00000676,01,00000001,100,ST,01
00000677,01,00000001,100,ST,01
00000678,01,00000001,100,ST,01
00000679,01,00000001,100,ST,01
00000680,01,00000001,100,ST,01
00000681,01,00000001,100,ST,01
00000682,01,00000001,100,ST,01
00000683,01,00000001,100,KG,01
00000684,01,00000001,100,KG,01
00000685,01,00000001,1,ST,01
00000686,01,00000001,1,ST,01
00000687,01,00000001,1,ST,01
00000688,01,00000001,1,ST,01
00000689,01,00000001,100,ST,01
00000690,01,00000001,100,ST,01
00000691,01,00000001,100,ST,01
00000692,01,00000001,100,ST,01
00000693,01,00000001,100,ST,01
00000694,01,00000001,100,ST,01
00000695,01,00000001,100,ST,01
00000696,01,00000001,100,ST,01
00000697,01,00000001,100,ST,01
00000698,01,00000001,100,ST,01
00000699,01,00000001,1,EA,01
00000700,01,00000001,1,ST,01
00000701,01,00000001,1,ST,01
00000702,01,00000001,100,BOT,01
00000703,01,00000001,1500,CCM,01
00000704,01,00000001,1000,ST,01
00000705,01,00000001,1000,ST,01
00000706,01,00000001,100,ST,01
00000707,01,00000001,100,ST,01
00000708,01,00000001,100,ST,01
00000709,01,00000001,100,ST,01
00000710,01,00000001,100,KG,01
00000711,01,00000001,1000,L,01
00000712,01,00000001,100,KG,01
00000713,01,00000001,100,KG,01
00000714,01,00000001,100,KG,01
00000715,01,00000001,1000,KG,01
00000716,01,00000001,1,ST,01
00000719,01,00000001,1,ST,01
00000718,01,00000001,1,ST,01
00000717,01,00000001,1,ST,01
00000720,01,00000001,100,ST,01
00000721,01,00000001,100,ST,01
00000722,01,00000001,100,ST,01
00000723,01,00000001,100,ST,01
00000724,01,00000001,100,ST,01
00000725,01,00000001,1000,BOT,01
00000726,01,00000001,10000,CCM,01
00000727,01,00000001,100,ST,01
00000728,01,00000001,100,ST,01
00000729,01,00000001,1000,ST,01
00000721,99,00000020,1,ST,01
00000027,01,00000001,1,ST,01
00000028,01,00000001,1,ST,01
00000730,01,00000001,100,ST,01
00000731,01,00000001,100,ST,01
00000732,01,00000001,100,ST,01
00000733,01,00000001,100,ST,01
00000734,01,00000001,100,ST,01
00000735,01,00000001,100,ST,01
00000736,01,00000001,100,ST,01
00000737,01,00000001,100,KG,01
00000738,01,00000001,100,KG,01
00000739,01,00000001,1,ST,01
00000740,01,00000001,1,ST,01
00000741,01,00000001,1,ST,01
00000742,01,00000001,1,ST,01
00000743,01,00000001,1,ST,01
00000744,01,00000001,100,ST,01
00000745,01,00000001,100,ST,01
00000746,01,00000001,100,ST,01
00000747,01,00000001,100,ST,01
00000748,01,00000001,100,ST,01
00000749,01,00000001,100,ST,01
00000750,01,00000001,100,ST,01
00000751,01,00000001,100,ST,01
00000752,01,00000001,100,ST,01
00000753,01,00000001,100,ST,01
00000754,01,00000001,1,EA,01
00000755,01,00000001,1,ST,01
00000756,01,00000001,1,ST,01
00000757,01,00000001,100,BOT,01
00000758,01,00000001,1500,CCM,01
00000759,01,00000001,1000,ST,01
00000760,01,00000001,1000,ST,01
00000761,01,00000001,100,ST,01
00000762,01,00000001,100,ST,01
00000763,01,00000001,100,ST,01
00000764,01,00000001,100,ST,01
00000765,01,00000001,100,KG,01
00000766,01,00000001,1000,L,01
00000767,01,00000001,100,KG,01
00000768,01,00000001,100,KG,01
00000769,01,00000001,100,KG,01
00000770,01,00000001,1000,KG,01
00000771,01,00000001,1,ST,01
00000774,01,00000001,1,ST,01
00000773,01,00000001,1,ST,01
00000772,01,00000001,1,ST,01
00000775,01,00000001,100,ST,01
00000776,01,00000001,100,ST,01
00000777,01,00000001,100,ST,01
00000778,01,00000001,100,ST,01
00000779,01,00000001,100,ST,01
00000780,01,00000001,1000,BOT,01
00000781,01,00000001,10000,CCM,01
00000782,01,00000001,100,ST,01
00000783,01,00000001,100,ST,01
00000784,01,00000001,1000,ST,01
00000776,99,00000020,1,ST,01
00000030,01,00000001,1,ST,01
00000029,01,00000001,1,ST,01
00000785,01,00000001,100,ST,01
00000786,01,00000001,100,ST,01
00000787,01,00000001,100,ST,01
00000788,01,00000001,100,ST,01
00000789,01,00000001,100,ST,01
00000790,01,00000001,100,ST,01
00000791,01,00000001,100,ST,01
00000792,01,00000001,100,KG,01
00000793,01,00000001,100,KG,01
00000794,01,00000001,1,ST,01
00000795,01,00000001,1,ST,01
00000796,01,00000001,1,ST,01
00000797,01,00000001,1,ST,01
00000798,01,00000001,1,ST,01
00000799,01,00000001,100,ST,01
00000800,01,00000001,100,ST,01
00000801,01,00000001,100,ST,01
00000802,01,00000001,100,ST,01
00000803,01,00000001,100,ST,01
00000804,01,00000001,100,ST,01
00000805,01,00000001,100,ST,01
00000806,01,00000001,100,ST,01
00000807,01,00000001,100,ST,01
00000808,01,00000001,100,ST,01
00000809,01,00000001,1,EA,01
00000810,01,00000001,1,ST,01
00000811,01,00000001,1,ST,01
00000812,01,00000001,100,BOT,01
00000813,01,00000001,1500,CCM,01
00000814,01,00000001,1000,ST,01
00000815,01,00000001,1000,ST,01
00000816,01,00000001,100,ST,01
00000817,01,00000001,100,ST,01
00000818,01,00000001,100,ST,01
00000819,01,00000001,100,ST,01
00000820,01,00000001,100,KG,01
00000821,01,00000001,1000,L,01
00000822,01,00000001,100,KG,01
00000823,01,00000001,100,KG,01
00000824,01,00000001,100,KG,01
00000825,01,00000001,1000,KG,01
00000826,01,00000001,1,ST,01
00000829,01,00000001,1,ST,01
00000828,01,00000001,1,ST,01
00000827,01,00000001,1,ST,01
00000830,01,00000001,100,ST,01
00000831,01,00000001,100,ST,01
00000832,01,00000001,100,ST,01
00000833,01,00000001,100,ST,01
00000834,01,00000001,100,ST,01
00000835,01,00000001,1000,BOT,01
00000836,01,00000001,10000,CCM,01
00000837,01,00000001,100,ST,01
00000838,01,00000001,100,ST,01
00000839,01,00000001,1000,ST,01
00000831,99,00000020,1,ST,01
00000031,01,00000001,1,ST,01
00000032,01,00000001,1,ST,01
00000840,01,00000001,100,ST,01
00000841,01,00000001,100,ST,01
00000842,01,00000001,100,ST,01
00000843,01,00000001,100,ST,01
00000844,01,00000001,100,ST,01
00000845,01,00000001,100,ST,01
00000846,01,00000001,100,ST,01
00000847,01,00000001,100,KG,01
00000848,01,00000001,100,KG,01
00000849,01,00000001,1,ST,01
00000850,01,00000001,1,ST,01
00000851,01,00000001,1,ST,01
00000852,01,00000001,1,ST,01
00000853,01,00000001,100,ST,01
00000854,01,00000001,100,ST,01
00000855,01,00000001,100,ST,01
00000856,01,00000001,100,ST,01
00000857,01,00000001,100,ST,01
00000858,01,00000001,100,ST,01
00000859,01,00000001,100,ST,01
00000860,01,00000001,100,ST,01
00000861,01,00000001,100,ST,01
00000862,01,00000001,100,ST,01
00000863,01,00000001,1,EA,01
00000864,01,00000001,1,ST,01
00000865,01,00000001,1,ST,01
00000866,01,00000001,100,BOT,01
00000867,01,00000001,1500,CCM,01
00000868,01,00000001,1000,ST,01
00000869,01,00000001,1000,ST,01
00000870,01,00000001,100,ST,01
00000871,01,00000001,100,ST,01
00000872,01,00000001,100,ST,01
00000873,01,00000001,100,ST,01
00000874,01,00000001,100,KG,01
00000875,01,00000001,1000,L,01
00000876,01,00000001,100,KG,01
00000877,01,00000001,100,KG,01
00000878,01,00000001,100,KG,01
00000879,01,00000001,1000,KG,01
00000880,01,00000001,1,ST,01
00000883,01,00000001,1,ST,01
00000882,01,00000001,1,ST,01
00000881,01,00000001,1,ST,01
00000036,01,00000001,1,ST,01
00000155,01,00000001,1,ST,01
00000156,01,00000001,1,ST,01
00000084,01,00000035,100,KG,01
00000084,01,00000012,100,KG,01
00000171,01,00000001,1,ST,01
00000172,01,00000001,1,ST,01
00000174,01,00000001,1,ST,01
00000174,01,00000024,1,ST,01
00000175,01,00000001,1,ST,01
00000176,01,00000001,1,ST,01
00000884,01,00000001,100,ST,01
00000885,01,00000001,100,ST,01
00000886,01,00000001,100,ST,01
00000887,01,00000001,100,ST,01
00000888,01,00000001,100,ST,01
00000889,01,00000001,1000,BOT,01
00000890,01,00000001,10000,CCM,01
00000891,01,00000001,100,ST,01
00000892,01,00000001,100,ST,01
00000893,01,00000001,1000,ST,01
00000885,99,00000020,1,ST,01
00000188,01,00000001,1,ST,01
00000033,01,00000001,1,ST,01
00000034,01,00000001,1,ST,01
00000894,01,00000001,100,ST,01
00000895,01,00000001,100,ST,01
00000896,01,00000001,100,ST,01
00000897,01,00000001,100,ST,01
00000898,01,00000001,100,ST,01
00000899,01,00000001,100,ST,01
00000900,01,00000001,100,ST,01
00000901,01,00000001,100,KG,01
00000902,01,00000001,100,KG,01
00000903,01,00000001,1,ST,01
00000904,01,00000001,1,ST,01
00000905,01,00000001,1,ST,01
00000906,01,00000001,1,ST,01
00000907,01,00000001,1,ST,01
00000908,01,00000001,100,ST,01
00000909,01,00000001,100,ST,01
00000910,01,00000001,100,ST,01
00000911,01,00000001,100,ST,01
00000912,01,00000001,100,ST,01
00000913,01,00000001,100,ST,01
00000914,01,00000001,100,ST,01
00000915,01,00000001,100,ST,01
00000916,01,00000001,100,ST,01
00000917,01,00000001,100,ST,01
00000918,01,00000001,1,EA,01
00000919,01,00000001,1,ST,01
00000920,01,00000001,1,ST,01
00000921,01,00000001,100,BOT,01
00000922,01,00000001,1500,CCM,01
00000923,01,00000001,1000,ST,01
00000924,01,00000001,1000,ST,01
00000925,01,00000001,100,ST,01
00000926,01,00000001,100,ST,01
00000927,01,00000001,100,ST,01
00000928,01,00000001,100,ST,01
00000929,01,00000001,100,KG,01
00000930,01,00000001,1000,L,01
00000931,01,00000001,100,KG,01
00000932,01,00000001,100,KG,01
00000933,01,00000001,100,KG,01
00000934,01,00000001,1000,KG,01
00000935,01,00000001,1,ST,01
00000938,01,00000001,1,ST,01
00000937,01,00000001,1,ST,01
00000936,01,00000001,1,ST,01
00000939,01,00000001,100,ST,01
00000940,01,00000001,100,ST,01
00000941,01,00000001,100,ST,01
00000942,01,00000001,100,ST,01
00000943,01,00000001,100,ST,01
00000944,01,00000001,1000,BOT,01
00000945,01,00000001,10000,CCM,01
00000946,01,00000001,100,ST,01
00000947,01,00000001,100,ST,01
00000948,01,00000001,1000,ST,01
00000940,99,00000020,1,ST,01
00000035,01,00000001,1,ST,01
00000036,01,00000001,1,ST,01
00000949,01,00000001,100,ST,01
00000950,01,00000001,100,ST,01
00000951,01,00000001,100,ST,01
00000952,01,00000001,100,ST,01
00000953,01,00000001,100,ST,01
00000954,01,00000001,100,ST,01
00000955,01,00000001,100,ST,01
00000956,01,00000001,100,KG,01
00000957,01,00000001,100,KG,01
00000958,01,00000001,1,ST,01
00000959,01,00000001,1,ST,01
00000960,01,00000001,1,ST,01
00000961,01,00000001,1,ST,01
00000962,01,00000001,1,ST,01
00000963,01,00000001,100,ST,01
00000964,01,00000001,100,ST,01
00000965,01,00000001,100,ST,01
00000966,01,00000001,100,ST,01
00000967,01,00000001,100,ST,01
00000968,01,00000001,100,ST,01
00000969,01,00000001,100,ST,01
00000970,01,00000001,100,ST,01
00000971,01,00000001,100,ST,01
00000972,01,00000001,100,ST,01
00000973,01,00000001,1,EA,01
00000974,01,00000001,1,ST,01
00000975,01,00000001,1,ST,01
00000005,01,00000001,100,ST,01
00000976,01,00000001,100,BOT,01
00000023,01,00000001,100,ST,01
00000060,01,00000001,100,ST,01
00000061,01,00000001,100,ST,01
00000062,01,00000001,100,ST,01
00000063,01,00000001,100,ST,01
00000064,01,00000001,100,ST,01
00000065,01,00000001,1,ST,01
00000066,01,00000001,100,ST,01
00000067,01,00000001,100,KG,01
00000977,01,00000001,1500,CCM,01
00000137,01,00000001,1,ST,01
00000069,01,00000001,1,ST,01
00000071,01,00000001,1,ST,01
00000072,01,00000001,1,ST,01
00000073,01,00000001,1,EA,01
00000074,01,00000001,1,EA,01
00000075,01,00000001,1,EA,01
00000076,01,00000001,1,EA,01
00000077,01,00000001,1,EA,01
00000078,01,00000001,1,EA,01
00000079,01,00000001,1,EA,01
00000080,01,00000001,1,EA,01
00000978,01,00000001,1000,ST,01
00000979,01,00000001,1000,ST,01
00000980,01,00000001,100,ST,01
00000981,01,00000001,100,ST,01
00000982,01,00000001,100,ST,01
00000983,01,00000001,100,ST,01
00000984,01,00000001,100,KG,01
00000985,01,00000001,1000,L,01
00000986,01,00000001,100,KG,01
00000987,01,00000001,100,KG,01
00000988,01,00000001,100,KG,01
00000989,01,00000001,1000,KG,01
00000990,01,00000001,1,ST,01
00000993,01,00000001,1,ST,01
00000992,01,00000001,1,ST,01
00000991,01,00000001,1,ST,01
00000994,01,00000001,100,ST,01
00000995,01,00000001,100,ST,01
00000996,01,00000001,100,ST,01
00000997,01,00000001,100,ST,01
00000998,01,00000001,100,ST,01
00000999,01,00000001,1000,BOT,01
00001000,01,00000001,10000,CCM,01
00001001,01,00000001,100,ST,01
00001002,01,00000001,100,ST,01
00001003,01,00000001,1000,ST,01
00000995,99,00000020,1,ST,01
00000037,01,00000001,1,ST,01
00000038,01,00000001,1,ST,01
00001004,01,00000001,100,ST,01
00001005,01,00000001,100,ST,01
00001006,01,00000001,100,ST,01
00001007,01,00000001,100,ST,01
00001008,01,00000001,100,ST,01
00001009,01,00000001,100,ST,01
00001010,01,00000001,100,ST,01
00001011,01,00000001,100,KG,01
00001012,01,00000001,100,KG,01
00001013,01,00000001,1,ST,01
00001014,01,00000001,1,ST,01
00001015,01,00000001,1,ST,01
00001016,01,00000001,1,ST,01
00001017,01,00000001,100,ST,01
00001018,01,00000001,100,ST,01
00001019,01,00000001,100,ST,01
00001020,01,00000001,100,ST,01
00001021,01,00000001,100,ST,01
00001022,01,00000001,100,ST,01
00001023,01,00000001,100,ST,01
00001024,01,00000001,100,ST,01
00001025,01,00000001,100,ST,01
00001026,01,00000001,100,ST,01
00001027,01,00000001,1,EA,01
00001028,01,00000001,1,ST,01
00001029,01,00000001,1,ST,01
00000002,01,00000001,1,ST,01
00000070,01,00000001,1,ST,01
00001030,01,00000001,100,BOT,01
00000007,03,00000050,1,ST,01
00001031,01,00000001,1500,CCM,01
00001032,01,00000001,1000,ST,01
00001033,01,00000001,1000,ST,01
00001034,01,00000001,100,ST,01
00001035,01,00000001,100,ST,01
00001036,01,00000001,100,ST,01
00001037,01,00000001,100,ST,01
00001038,01,00000001,100,KG,01
00001039,01,00000001,1000,L,01
00001040,01,00000001,100,KG,01
00001041,01,00000001,100,KG,01
00001042,01,00000001,100,KG,01
00001043,01,00000001,1000,KG,01
00001044,01,00000001,1,ST,01
00001047,01,00000001,1,ST,01
00001046,01,00000001,1,ST,01
00001045,01,00000001,1,ST,01
00001048,01,00000001,100,ST,01
00001049,01,00000001,100,ST,01
00001050,01,00000001,100,ST,01
00001051,01,00000001,100,ST,01
00001052,01,00000001,100,ST,01
00001053,01,00000001,1000,BOT,01
00001054,01,00000001,10000,CCM,01
00001055,01,00000001,100,ST,01
00001056,01,00000001,100,ST,01
00001057,01,00000001,1000,ST,01
00001049,99,00000020,1,ST,01
00000039,01,00000001,1,ST,01
00000040,01,00000001,1,ST,01
00001058,01,00000001,100,ST,01
00001059,01,00000001,100,ST,01
00001060,01,00000001,100,ST,01
00001061,01,00000001,100,ST,01
00001062,01,00000001,100,ST,01
00001063,01,00000001,100,ST,01
00000084,01,00000001,101,KG,01
00001064,01,00000001,100,ST,01
00000087,01,00000001,100,KG,01
00001065,01,00000001,100,KG,01
00000089,01,00000001,1,ST,01
00000090,01,00000001,1,ST,01
00001066,01,00000001,100,KG,01
00000092,01,00000001,1,ST,01
00000093,01,00000001,1,ST,01
00000094,01,00000001,1,EA,01
00000095,01,00000001,1,EA,01
00000096,01,00000001,1,EA,01
00000097,01,00000001,1,EA,01
00000098,01,00000001,1,EA,01
00000099,01,00000001,1,EA,01
00000100,01,00000001,1,EA,01
00000101,01,00000001,1,EA,01
00001067,01,00000001,1,ST,01
00001068,01,00000001,1,ST,01
00001069,01,00000001,1,ST,01
00001070,01,00000001,1,ST,01
00001071,01,00000001,1,ST,01
00001072,01,00000001,100,ST,01
00001073,01,00000001,100,ST,01
00001074,01,00000001,100,ST,01
00001075,01,00000001,100,ST,01
00001076,01,00000001,100,ST,01
00001077,01,00000001,100,ST,01
00001078,01,00000001,100,ST,01
00001079,01,00000001,100,ST,01
00001080,01,00000001,100,ST,01
00001081,01,00000001,100,ST,01
00001082,01,00000001,1,EA,01
00001083,01,00000001,1,ST,01
00001084,01,00000001,1,ST,01
00001085,01,00000001,100,BOT,01
00001086,01,00000001,1500,CCM,01
00001087,01,00000001,1000,ST,01
00001088,01,00000001,1000,ST,01
00001089,01,00000001,100,ST,01
00001090,01,00000001,100,ST,01
00001091,01,00000001,100,ST,01
00001092,01,00000001,100,ST,01
00001093,01,00000001,100,KG,01
00001094,01,00000001,1000,L,01
00001095,01,00000001,100,KG,01
00001096,01,00000001,100,KG,01
00001097,01,00000001,100,KG,01
00001098,01,00000001,1000,KG,01
00001099,01,00000001,1,ST,01
00001102,01,00000001,1,ST,01
00001101,01,00000001,1,ST,01
00001100,01,00000001,1,ST,01
00001103,01,00000001,100,ST,01
00001104,01,00000001,100,ST,01
00001105,01,00000001,100,ST,01
00001106,01,00000001,100,ST,01
00001107,01,00000001,100,ST,01
00001108,01,00000001,1000,BOT,01
00001109,01,00000001,10000,CCM,01
00001110,01,00000001,100,ST,01
00001111,01,00000001,100,ST,01
00001112,01,00000001,1000,ST,01
00001104,99,00000020,1,ST,01
00000041,01,00000001,1,ST,01
00000042,01,00000001,1,ST,01
00001113,01,00000001,100,ST,01
00001114,01,00000001,100,ST,01
00001115,01,00000001,100,ST,01
00001116,01,00000001,100,ST,01
00001117,01,00000001,100,ST,01
00001118,01,00000001,100,ST,01
00001119,01,00000001,100,ST,01
00001120,01,00000001,100,KG,01
00001121,01,00000001,100,KG,01
00001122,01,00000001,1,ST,01
00001123,01,00000001,1,ST,01
00001124,01,00000001,1,ST,01
00001125,01,00000001,1,ST,01
00001126,01,00000001,100,ST,01
00001127,01,00000001,100,ST,01
00001128,01,00000001,100,ST,01
00001129,01,00000001,100,ST,01
00001130,01,00000001,100,ST,01
00001131,01,00000001,100,ST,01
00001132,01,00000001,100,ST,01
00001133,01,00000001,100,ST,01
00001134,01,00000001,100,ST,01
00001135,01,00000001,100,ST,01
00001136,01,00000001,1,EA,01
00001137,01,00000001,1,ST,01
00001138,01,00000001,1,ST,01
00001139,01,00000001,100,BOT,01
00001140,01,00000001,1500,CCM,01
00001141,01,00000001,1000,ST,01
00001142,01,00000001,1000,ST,01
00001143,01,00000001,100,ST,01
00001144,01,00000001,100,ST,01
00001145,01,00000001,100,ST,01
00001146,01,00000001,100,ST,01
00001147,01,00000001,100,KG,01
00001148,01,00000001,1000,L,01
00001149,01,00000001,100,KG,01
00001150,01,00000001,100,KG,01
00001151,01,00000001,100,KG,01
00001152,01,00000001,1000,KG,01
00001153,01,00000001,1,ST,01
00001156,01,00000001,1,ST,01
00001155,01,00000001,1,ST,01
00001154,01,00000001,1,ST,01
00001157,01,00000001,100,ST,01
00001158,01,00000001,100,ST,01
00001159,01,00000001,100,ST,01
00001160,01,00000001,100,ST,01
00001161,01,00000001,100,ST,01
00001162,01,00000001,1000,BOT,01
00001163,01,00000001,10000,CCM,01
00001164,01,00000001,100,ST,01
00001165,01,00000001,100,ST,01
00001166,01,00000001,1000,ST,01
00001158,99,00000020,1,ST,01
00000043,01,00000001,1,ST,01
00000044,01,00000001,1,ST,01
00001167,01,00000001,100,ST,01
00001168,01,00000001,100,ST,01
00001169,01,00000001,100,ST,01
00001170,01,00000001,100,ST,01
00001171,01,00000001,100,ST,01
00001172,01,00000001,100,ST,01
00001173,01,00000001,100,ST,01
00001174,01,00000001,100,KG,01
00001175,01,00000001,100,KG,01
00001176,01,00000001,1,ST,01
00001177,01,00000001,1,ST,01
00001178,01,00000001,1,ST,01
00001179,01,00000001,1,ST,01
00001180,01,00000001,1,ST,01
00001181,01,00000001,100,ST,01
00001182,01,00000001,100,ST,01
00001183,01,00000001,100,ST,01
00001184,01,00000001,100,ST,01
00001185,01,00000001,100,ST,01
00001186,01,00000001,100,ST,01
00001187,01,00000001,100,ST,01
00001188,01,00000001,100,ST,01
00001189,01,00000001,100,ST,01
00001190,01,00000001,100,ST,01
00001191,01,00000001,1,EA,01
00001192,01,00000001,1,ST,01
00001193,01,00000001,1,ST,01
00001194,01,00000001,100,BOT,01
00001195,01,00000001,1500,CCM,01
00001196,01,00000001,1000,ST,01
00001197,01,00000001,1000,ST,01
00001198,01,00000001,100,ST,01
00001199,01,00000001,100,ST,01
00001200,01,00000001,100,ST,01
00001201,01,00000001,100,ST,01
00001202,01,00000001,100,KG,01
00001203,01,00000001,1000,L,01
00001204,01,00000001,100,KG,01
00001205,01,00000001,100,KG,01
00001206,01,00000001,100,KG,01
00001207,01,00000001,1000,KG,01
00001208,01,00000001,1,ST,01
00001211,01,00000001,1,ST,01
00001210,01,00000001,1,ST,01
00001209,01,00000001,1,ST,01
00001212,01,00000001,100,ST,01
00001213,01,00000001,100,ST,01
00001214,01,00000001,100,ST,01
00001215,01,00000001,100,ST,01
00001216,01,00000001,100,ST,01
00001217,01,00000001,1000,BOT,01
00001218,01,00000001,10000,CCM,01
00001219,01,00000001,100,ST,01
00001220,01,00000001,100,ST,01
00001221,01,00000001,1000,ST,01
00001213,99,00000020,1,ST,01
00000045,01,00000001,1,ST,01
00000188,01,00000024,1,ST,01
00000046,01,00000001,1,ST,01
00001222,01,00000001,100,ST,01
00001223,01,00000001,100,ST,01
00001224,01,00000001,100,ST,01
00001225,01,00000001,100,ST,01
00001226,01,00000001,100,ST,01
00001227,01,00000001,100,ST,01
00001228,01,00000001,100,ST,01
00001229,01,00000001,100,KG,01
00001230,01,00000001,100,KG,01
00001231,01,00000001,1,ST,01
00001232,01,00000001,1,ST,01
00001233,01,00000001,1,ST,01
00001234,01,00000001,1,ST,01
00001235,01,00000001,1,ST,01
00001236,01,00000001,100,ST,01
00001237,01,00000001,100,ST,01
00001238,01,00000001,100,ST,01
00001239,01,00000001,100,ST,01
00001240,01,00000001,100,ST,01
00001241,01,00000001,100,ST,01
00001242,01,00000001,100,ST,01
00001243,01,00000001,100,ST,01
00001244,01,00000001,100,ST,01
00001245,01,00000001,100,ST,01
00001246,01,00000001,1,EA,01
00001247,01,00000001,1,ST,01
00001248,01,00000001,1,ST,01
00001249,01,00000001,100,BOT,01
00001250,01,00000001,1500,CCM,01
00001251,01,00000001,1000,ST,01
00001252,01,00000001,1000,ST,01
00001253,01,00000001,100,ST,01
00001254,01,00000001,100,ST,01
00001255,01,00000001,100,ST,01
00001256,01,00000001,100,ST,01
00001257,01,00000001,100,KG,01
00001258,01,00000001,1000,L,01
00001259,01,00000001,100,KG,01
00001260,01,00000001,100,KG,01
00001261,01,00000001,100,KG,01
00001262,01,00000001,1000,KG,01
00001263,01,00000001,1,ST,01
00001266,01,00000001,1,ST,01
00001265,01,00000001,1,ST,01
00001264,01,00000001,1,ST,01
00001267,01,00000001,100,EA,01
00001268,01,00000001,100,ST,01
00001269,01,00000001,100,ST,01
00001270,01,00000001,100,ST,01
00001271,01,00000001,100,ST,01
00001272,01,00000001,100,ST,01
00001273,01,00000001,1000,BOT,01
00001274,01,00000001,10000,CCM,01
00001275,01,00000001,100,ST,01
00001276,01,00000001,100,ST,01
00001277,01,00000001,1000,ST,01
00001269,99,00000020,1,ST,01
00000047,01,00000001,1,ST,01
00000048,01,00000001,1,ST,01
00001278,01,00000001,100,ST,01
00001279,01,00000001,100,ST,01
00001280,01,00000001,100,ST,01
00001281,01,00000001,100,ST,01
00001282,01,00000001,100,ST,01
00001283,01,00000001,100,ST,01
00001284,01,00000001,100,ST,01
00001285,01,00000001,100,KG,01
00001286,01,00000001,100,KG,01
00001287,01,00000001,1,ST,01
00001288,01,00000001,1,ST,01
00001289,01,00000001,1,ST,01
00001290,01,00000001,1,ST,01
00001291,01,00000001,100,ST,01
00001292,01,00000001,100,ST,01
00001293,01,00000001,100,ST,01
00001294,01,00000001,100,ST,01
00001295,01,00000001,100,ST,01
00001296,01,00000001,100,ST,01
00001297,01,00000001,100,ST,01
00001298,01,00000001,100,ST,01
00001299,01,00000001,100,ST,01
00001300,01,00000001,100,ST,01
00001301,01,00000001,1,EA,01
00001302,01,00000001,1,ST,01
00001303,01,00000001,1,ST,01
00001304,01,00000001,100,BOT,01
00001305,01,00000001,1500,CCM,01
00001306,01,00000001,1000,ST,01
00001307,01,00000001,1000,ST,01
00001308,01,00000001,100,ST,01
00001309,01,00000001,100,ST,01
00001310,01,00000001,100,ST,01
00001311,01,00000001,100,ST,01
00001312,01,00000001,100,KG,01
00001313,01,00000001,1000,L,01
00001314,01,00000001,100,KG,01
00001315,01,00000001,100,KG,01
00001316,01,00000001,100,KG,01
00001317,01,00000001,1000,KG,01
00001318,01,00000001,1,ST,01
00001321,01,00000001,1,ST,01
00001320,01,00000001,1,ST,01
00001319,01,00000001,1,ST,01
00001322,01,00000001,100,ST,01
00001323,01,00000001,100,ST,01
00001324,01,00000001,100,ST,01
00001325,01,00000001,100,ST,01
00001326,01,00000001,100,ST,01
00001327,01,00000001,1000,BOT,01
00001328,01,00000001,10000,CCM,01
00001329,01,00000001,100,ST,01
00001330,01,00000001,100,ST,01
00001331,01,00000001,1000,ST,01
00001323,99,00000020,1,ST,01
00000049,01,00000001,1,ST,01
00000050,01,00000001,1,ST,01
00001332,01,00000001,100,ST,01
00001333,01,00000001,100,ST,01
00001334,01,00000001,100,ST,01
00001335,01,00000001,100,ST,01
00001336,01,00000001,100,ST,01
00001337,01,00000001,100,ST,01
00001338,01,00000001,100,ST,01
00001339,01,00000001,100,KG,01
00001340,01,00000001,100,KG,01
00001341,01,00000001,1,ST,01
00001342,01,00000001,1,ST,01
00001343,01,00000001,1,ST,01
00001344,01,00000001,1,ST,01
00001345,01,00000001,1,ST,01
00001346,01,00000001,100,ST,01
00001347,01,00000001,100,ST,01
00001348,01,00000001,100,ST,01
00001349,01,00000001,100,ST,01
00001350,01,00000001,100,ST,01
00001351,01,00000001,100,ST,01
00001352,01,00000001,100,ST,01
00001353,01,00000001,100,ST,01
00001354,01,00000001,100,ST,01
00001355,01,00000001,100,ST,01
00001356,01,00000001,1,EA,01
00001357,01,00000001,1,ST,01
00001358,01,00000001,1,ST,01
00001359,01,00000001,100,BOT,01
00001360,01,00000001,1500,CCM,01
00001361,01,00000001,1000,ST,01
00001362,01,00000001,1000,ST,01
00001363,01,00000001,100,ST,01
00001364,01,00000001,100,ST,01
00001365,01,00000001,100,ST,01
00001366,01,00000001,100,ST,01
00001367,01,00000001,100,KG,01
00001368,01,00000001,1000,L,01
00001369,01,00000001,100,KG,01
00001370,01,00000001,100,KG,01
00001371,01,00000001,100,KG,01
00001372,01,00000001,1000,KG,01
00001373,01,00000001,1,ST,01
00001376,01,00000001,1,ST,01
00001375,01,00000001,1,ST,01
00001374,01,00000001,1,ST,01
00001377,01,00000001,100,ST,01
00001378,01,00000001,100,ST,01
00001379,01,00000001,100,ST,01
00001380,01,00000001,100,ST,01
00001381,01,00000001,100,ST,01
00001382,01,00000001,1000,BOT,01
00001383,01,00000001,10000,CCM,01
00001384,01,00000001,100,ST,01
00001385,01,00000001,100,ST,01
00001386,01,00000001,1000,ST,01
00001378,99,00000020,1,ST,01
00000051,01,00000001,1,ST,01
00000052,01,00000001,1,ST,01
00001387,01,00000001,100,ST,01
00001388,01,00000001,100,ST,01
00001389,01,00000001,100,ST,01
00001390,01,00000001,100,ST,01
00001391,01,00000001,100,ST,01
00001392,01,00000001,100,ST,01
00001393,01,00000001,100,ST,01
00001394,01,00000001,100,KG,01
00001395,01,00000001,100,KG,01
00001396,01,00000001,1,ST,01
00001397,01,00000001,1,ST,01
00001398,01,00000001,1,ST,01
00001399,01,00000001,1,ST,01
00001400,01,00000001,100,ST,01
00001401,01,00000001,100,ST,01
00001402,01,00000001,100,ST,01
00000177,01,00000001,1,ST,01
00001403,01,00000001,100,ST,01
00001404,01,00000001,100,ST,01
00001405,01,00000001,100,ST,01
00001406,01,00000001,100,ST,01
00001407,01,00000001,100,ST,01
00001408,01,00000001,100,ST,01
00001409,01,00000001,100,ST,01
00001410,01,00000001,1,EA,01
00001411,01,00000001,1,ST,01
00001412,01,00000001,1,ST,01
00001413,01,00000001,100,BOT,01
00001414,01,00000001,1500,CCM,01
00001415,01,00000001,1000,ST,01
00001416,01,00000001,1000,ST,01
00001417,01,00000001,100,ST,01
00001418,01,00000001,100,ST,01
00001419,01,00000001,100,ST,01
00001420,01,00000001,100,ST,01
00001421,01,00000001,100,KG,01
00001422,01,00000001,1000,L,01
00001423,01,00000001,100,KG,01
00001424,01,00000001,100,KG,01
00001425,01,00000001,100,KG,01
00001426,01,00000001,1000,KG,01
00001427,01,00000001,1,ST,01
00001430,01,00000001,1,ST,01
00001429,01,00000001,1,ST,01
00001428,01,00000001,1,ST,01
00001431,01,00000001,100,ST,01
00001432,01,00000001,100,ST,01
00001433,01,00000001,100,ST,01
00001434,01,00000001,100,ST,01
00001435,01,00000001,100,ST,01
00001436,01,00000001,1000,BOT,01
00001437,01,00000001,10000,CCM,01
00001438,01,00000001,100,ST,01
00001439,01,00000001,100,ST,01
00001440,01,00000001,1000,ST,01
00001432,99,00000020,1,ST,01
00000053,01,00000001,1,ST,01
00000054,01,00000001,1,ST,01
00001441,01,00000001,100,ST,01
00001442,01,00000001,100,ST,01
00001443,01,00000001,100,ST,01
00001444,01,00000001,100,ST,01
00001445,01,00000001,100,ST,01
00001446,01,00000001,100,ST,01
00001447,01,00000001,100,ST,01
00001448,01,00000001,100,KG,01
00001449,01,00000001,100,KG,01
00001450,01,00000001,1,ST,01
00001451,01,00000001,1,ST,01
00001452,01,00000001,1,ST,01
00001453,01,00000001,1,ST,01
00001454,01,00000001,1,ST,01
00001455,01,00000001,100,ST,01
00001456,01,00000001,100,ST,01
00001457,01,00000001,100,ST,01
00001458,01,00000001,100,ST,01
00001459,01,00000001,100,ST,01
00001460,01,00000001,100,ST,01
00001461,01,00000001,100,ST,01
00001462,01,00000001,100,ST,01
00001463,01,00000001,100,ST,01
00001464,01,00000001,100,ST,01
00001465,01,00000001,1,EA,01
00001466,01,00000001,1,ST,01
00001467,01,00000001,1,ST,01
00001468,01,00000001,100,BOT,01
00001469,01,00000001,1500,CCM,01
00001470,01,00000001,1000,ST,01
00001471,01,00000001,1000,ST,01
00001472,01,00000001,100,ST,01
00001473,01,00000001,100,ST,01
00001474,01,00000001,100,ST,01
00001475,01,00000001,100,ST,01
00001476,01,00000001,100,KG,01
00001477,01,00000001,1000,L,01
00001478,01,00000001,100,KG,01
00001479,01,00000001,100,KG,01
00001480,01,00000001,100,KG,01
00001481,01,00000001,1000,KG,01
00001482,01,00000001,1,ST,01
00001485,01,00000001,1,ST,01
00001484,01,00000001,1,ST,01
00001483,01,00000001,1,ST,01
00001486,01,00000001,100,ST,01
00001487,01,00000001,100,ST,01
00001488,01,00000001,100,ST,01
00001489,01,00000001,100,ST,01
00001490,01,00000001,100,ST,01
00001491,01,00000001,1000,BOT,01
00001492,01,00000001,10000,CCM,01
00001493,01,00000001,100,ST,01
00001494,01,00000001,100,ST,01
00001495,01,00000001,1000,ST,01
00001487,99,00000020,1,ST,01
00000055,01,00000001,1,ST,01
00000056,01,00000001,1,ST,01
00001496,01,00000001,100,ST,01
00001497,01,00000001,100,ST,01
00001498,01,00000001,100,ST,01
00001499,01,00000001,100,ST,01
00001500,01,00000001,100,ST,01
00001501,01,00000001,100,ST,01
00001502,01,00000001,100,ST,01
00001503,01,00000001,100,KG,01
00001504,01,00000001,100,KG,01
00001505,01,00000001,1,ST,01
00001506,01,00000001,1,ST,01
00001507,01,00000001,1,ST,01
00001508,01,00000001,1,ST,01
00001509,01,00000001,1,ST,01
00001510,01,00000001,100,ST,01
00001511,01,00000001,100,ST,01
00001512,01,00000001,100,ST,01
00001513,01,00000001,100,ST,01
00001514,01,00000001,100,ST,01
00001515,01,00000001,100,ST,01
00001516,01,00000001,100,ST,01
00001517,01,00000001,100,ST,01
00001518,01,00000001,100,ST,01
00001519,01,00000001,100,ST,01
00001520,01,00000001,1,EA,01
00001521,01,00000001,1,ST,01
00001522,01,00000001,1,ST,01
00001523,01,00000001,100,BOT,01
00001524,01,00000001,1500,CCM,01
00001525,01,00000001,1000,ST,01
00001526,01,00000001,1000,ST,01
00001527,01,00000001,100,ST,01
00001528,01,00000001,100,ST,01
00001529,01,00000001,100,ST,01
00001530,01,00000001,100,ST,01
00001531,01,00000001,100,KG,01
00001532,01,00000001,1000,L,01
00001533,01,00000001,100,KG,01
00001534,01,00000001,100,KG,01
00001535,01,00000001,100,KG,01
00001536,01,00000001,1000,KG,01
00001537,01,00000001,1,ST,01
00001540,01,00000001,1,ST,01
00001539,01,00000001,1,ST,01
00001538,01,00000001,1,ST,01
00001541,01,00000001,100,ST,01
00001542,01,00000001,100,ST,01
00001543,01,00000001,100,ST,01
00001544,01,00000001,100,ST,01
00001545,01,00000001,100,ST,01
00000151,01,00000001,100,ST,01
00001546,01,00000001,1000,BOT,01
00001547,01,00000001,10000,CCM,01
00001548,01,00000001,100,ST,01
00001549,01,00000001,100,ST,01
00001550,01,00000001,1000,ST,01
00001542,99,00000020,1,ST,01
00000057,01,00000001,1,ST,01
00000058,01,00000001,1,ST,01
00001551,01,00000001,100,ST,01
00001552,01,00000001,100,ST,01
00001553,01,00000001,100,ST,01
00001554,01,00000001,100,ST,01
00001555,01,00000001,100,ST,01
00001556,01,00000001,100,ST,01
00001557,01,00000001,100,ST,01
00001558,01,00000001,100,KG,01
00001559,01,00000001,100,KG,01
00001560,01,00000001,1,ST,01
00001561,01,00000001,1,ST,01
00001562,01,00000001,1,ST,01
00001563,01,00000001,1,ST,01
00001564,01,00000001,1,ST,01
00001565,01,00000001,100,ST,01
00001566,01,00000001,100,ST,01
00001567,01,00000001,100,ST,01
00001568,01,00000001,100,ST,01
00001569,01,00000001,100,ST,01
00001570,01,00000001,100,ST,01
00001571,01,00000001,100,ST,01
00001572,01,00000001,100,ST,01
00001573,01,00000001,100,ST,01
00001574,01,00000001,100,ST,01
00001575,01,00000001,1,EA,01
00001576,01,00000001,1,ST,01
00001577,01,00000001,1,ST,01
00001578,01,00000001,100,BOT,01
00001579,01,00000001,1500,CCM,01
00001580,01,00000001,1000,ST,01
00001581,01,00000001,1000,ST,01
00001582,01,00000001,100,ST,01
00001583,01,00000001,100,ST,01
00001584,01,00000001,100,ST,01
00001585,01,00000001,100,ST,01
00001586,01,00000001,100,KG,01
00001587,01,00000001,1000,L,01
00001588,01,00000001,100,KG,01
00001589,01,00000001,100,KG,01
00001590,01,00000001,100,KG,01
00001591,01,00000001,1000,KG,01
00001592,01,00000001,1,ST,01
00001595,01,00000001,1,ST,01
00001594,01,00000001,1,ST,01
00001593,01,00000001,1,ST,01
00001596,01,00000001,100,ST,01
00001597,01,00000001,100,ST,01
00001598,01,00000001,100,ST,01
00001599,01,00000001,100,ST,01
00001600,01,00000001,100,ST,01
00001601,01,00000001,1000,BOT,01
00001602,01,00000001,10000,CCM,01
00001603,01,00000001,100,ST,01
00001604,01,00000001,100,ST,01
00001605,01,00000001,1000,ST,01
00001597,99,00000020,1,ST,01
00000059,01,00000001,1,ST,01
00000060,01,00000001,1,ST,01
00001606,01,00000001,100,ST,01
00001607,01,00000001,100,ST,01
00001608,01,00000001,100,ST,01
00001609,01,00000001,100,ST,01
00001610,01,00000001,100,ST,01
00001611,01,00000001,100,ST,01
00001612,01,00000001,100,ST,01
00001613,01,00000001,100,KG,01
00001614,01,00000001,100,KG,01
00001615,01,00000001,1,ST,01
00001616,01,00000001,1,ST,01
00001617,01,00000001,1,ST,01
00001618,01,00000001,1,ST,01
00001619,01,00000001,100,ST,01
00001620,01,00000001,100,ST,01
00001621,01,00000001,100,ST,01
00001622,01,00000001,100,ST,01
00001623,01,00000001,100,ST,01
00001624,01,00000001,100,ST,01
00001625,01,00000001,100,ST,01
00001626,01,00000001,100,ST,01
00001627,01,00000001,100,ST,01
00001628,01,00000001,100,ST,01
00001629,01,00000001,1,EA,01
00001630,01,00000001,1,ST,01
00001631,01,00000001,1,ST,01
00001632,01,00000001,100,BOT,01
00001633,01,00000001,1500,CCM,01
00001634,01,00000001,1000,ST,01
00001635,01,00000001,1000,ST,01
00001636,01,00000001,100,ST,01
00001637,01,00000001,100,ST,01
00001638,01,00000001,100,ST,01
00001639,01,00000001,100,ST,01
00001640,01,00000001,100,KG,01
00001641,01,00000001,1000,L,01
00001642,01,00000001,100,KG,01
00001643,01,00000001,100,KG,01
00001644,01,00000001,100,KG,01
00001645,01,00000001,1000,KG,01
00001646,01,00000001,1,ST,01
00001649,01,00000001,1,ST,01
00001648,01,00000001,1,ST,01
00001647,01,00000001,1,ST,01
00001650,01,00000001,100,ST,01
00001651,01,00000001,100,ST,01
00001652,01,00000001,100,ST,01
00001653,01,00000001,100,ST,01
00001654,01,00000001,100,ST,01
00001655,01,00000001,1000,BOT,01
00001656,01,00000001,10000,CCM,01
00001657,01,00000001,100,ST,01
00001658,01,00000001,100,ST,01
00001659,01,00000001,1000,ST,01
00001651,99,00000020,1,ST,01
00000061,01,00000001,1,ST,01
00000062,01,00000001,1,ST,01
00001660,01,00000001,100,ST,01
00001661,01,00000001,100,ST,01
00001662,01,00000001,100,ST,01
00001663,01,00000001,100,ST,01
00001664,01,00000001,100,ST,01
00001665,01,00000001,100,ST,01
00001666,01,00000001,100,ST,01
00001667,01,00000001,100,KG,01
00001668,01,00000001,100,KG,01
00001669,01,00000001,1,ST,01
00001670,01,00000001,1,ST,01
00001671,01,00000001,1,ST,01
00001672,01,00000001,1,ST,01
00001673,01,00000001,1,ST,01
00001674,01,00000001,100,ST,01
00001675,01,00000001,100,ST,01
00001676,01,00000001,100,ST,01
00001677,01,00000001,100,ST,01
00001678,01,00000001,100,ST,01
00001679,01,00000001,100,ST,01
00001680,01,00000001,100,ST,01
00001681,01,00000001,100,ST,01
00001682,01,00000001,100,ST,01
00001683,01,00000001,100,ST,01
00001684,01,00000001,1,EA,01
00001685,01,00000001,1,ST,01
00001686,01,00000001,1,ST,01
00001687,01,00000001,100,BOT,01
00001688,01,00000001,1500,CCM,01
00001689,01,00000001,1000,ST,01
00001690,01,00000001,1000,ST,01
00001691,01,00000001,100,ST,01
00001692,01,00000001,100,ST,01
00001693,01,00000001,100,ST,01
00001694,01,00000001,100,ST,01
00001695,01,00000001,100,KG,01
00001696,01,00000001,1000,L,01
00001697,01,00000001,100,KG,01
00001698,01,00000001,100,KG,01
00001699,01,00000001,100,KG,01
00001700,01,00000001,1000,KG,01
00001701,01,00000001,1,ST,01
00001704,01,00000001,1,ST,01
00001703,01,00000001,1,ST,01
00001702,01,00000001,1,ST,01
00001705,01,00000001,100,ST,01
00001706,01,00000001,100,ST,01
00001707,01,00000001,100,ST,01
00001708,01,00000001,100,ST,01
00001709,01,00000001,100,ST,01
00001710,01,00000001,1000,BOT,01
00001711,01,00000001,10000,CCM,01
00001712,01,00000001,100,ST,01
00001713,01,00000001,100,ST,01
00001714,01,00000001,1000,ST,01
00001706,99,00000020,1,ST,01
00000063,01,00000001,1,ST,01
00000064,01,00000001,1,ST,01
00001715,01,00000001,100,ST,01
00001716,01,00000001,100,ST,01
00001717,01,00000001,100,ST,01
00001718,01,00000001,100,ST,01
00001719,01,00000001,100,ST,01
00001720,01,00000001,100,ST,01
00001721,01,00000001,100,ST,01
00001722,01,00000001,100,KG,01
00001723,01,00000001,100,KG,01
00001724,01,00000001,1,ST,01
00001725,01,00000001,1,ST,01
00001726,01,00000001,1,ST,01
00001727,01,00000001,1,ST,01
00001728,01,00000001,100,ST,01
00001729,01,00000001,100,ST,01
00001730,01,00000001,100,ST,01
00001731,01,00000001,100,ST,01
00001732,01,00000001,100,ST,01
00001733,01,00000001,100,ST,01
00001734,01,00000001,100,ST,01
00001735,01,00000001,100,ST,01
00001736,01,00000001,100,ST,01
00001737,01,00000001,100,ST,01
00001738,01,00000001,1,EA,01
00001739,01,00000001,1,ST,01
00001740,01,00000001,1,ST,01
00001741,01,00000001,100,BOT,01
00001742,01,00000001,1500,CCM,01
00001743,01,00000001,1000,ST,01
00001744,01,00000001,1000,ST,01
00001745,01,00000001,100,ST,01
00001746,01,00000001,100,ST,01
00001747,01,00000001,100,ST,01
00001748,01,00000001,100,ST,01
00001749,01,00000001,100,KG,01
00001750,01,00000001,1000,L,01
00001751,01,00000001,100,KG,01
00001752,01,00000001,100,KG,01
00001753,01,00000001,100,KG,01
00001754,01,00000001,1000,KG,01
00001755,01,00000001,1,ST,01
00001758,01,00000001,1,ST,01
00001757,01,00000001,1,ST,01
00001756,01,00000001,1,ST,01
00001759,01,00000001,100,ST,01
00001760,01,00000001,100,ST,01
00001761,01,00000001,100,ST,01
00001762,01,00000001,100,ST,01
00001763,01,00000001,100,ST,01
00001764,01,00000001,1000,BOT,01
00001765,01,00000001,10000,CCM,01
00001766,01,00000001,100,ST,01
00001767,01,00000001,100,ST,01
00001768,01,00000001,1000,ST,01
00001760,99,00000020,1,ST,01
00000065,01,00000001,1,ST,01
00000066,01,00000001,1,ST,01
00001769,01,00000001,100,ST,01
00001770,01,00000001,100,ST,01
00001771,01,00000001,100,ST,01
00001772,01,00000001,100,ST,01
00001773,01,00000001,100,ST,01
00001774,01,00000001,100,ST,01
00001775,01,00000001,100,ST,01
00001776,01,00000001,100,KG,01
00001777,01,00000001,100,KG,01
00001778,01,00000001,1,ST,01
00001779,01,00000001,1,ST,01
00001781,01,00000001,1,ST,01
00001782,01,00000001,100,ST,01
00001780,01,00000001,1,ST,01
00001783,01,00000001,100,ST,01
00001784,01,00000001,100,ST,01
00001785,01,00000001,100,ST,01
00001786,01,00000001,100,ST,01
00001787,01,00000001,100,ST,01
00001788,01,00000001,100,ST,01
00001789,01,00000001,100,ST,01
00001790,01,00000001,100,ST,01
00001791,01,00000001,100,ST,01
00001792,01,00000001,1,EA,01
00001793,01,00000001,1,ST,01
00001794,01,00000001,1,ST,01
00001795,01,00000001,100,BOT,01
00001796,01,00000001,1500,CCM,01
00001797,01,00000001,1000,ST,01
00001798,01,00000001,1000,ST,01
00001799,01,00000001,100,KG,01
00001800,01,00000001,1000,L,01
00001801,01,00000001,100,KG,01
00001802,01,00000001,100,KG,01
00001803,01,00000001,100,KG,01
00001804,01,00000001,1000,KG,01
00001805,01,00000001,1,ST,01
00001808,01,00000001,1,ST,01
00001807,01,00000001,1,ST,01
00001806,01,00000001,1,ST,01
00001809,01,00000001,100,ST,01
00001810,01,00000001,100,ST,01
00001811,01,00000001,100,ST,01
00001812,01,00000001,100,ST,01
00001813,01,00000001,100,ST,01
00001814,01,00000001,1000,BOT,01
00001815,01,00000001,10000,CCM,01
00001816,01,00000001,100,ST,01
00001817,01,00000001,100,ST,01
00001818,01,00000001,1000,ST,01
00001810,99,00000020,1,ST,01
00000067,01,00000001,1,ST,01
00000068,01,00000001,1,ST,01
00001819,01,00000001,100,ST,01
00001820,01,00000001,100,ST,01
00001821,01,00000001,100,ST,01
00001822,01,00000001,100,ST,01
00001823,01,00000001,100,ST,01
00001824,01,00000001,100,ST,01
00001825,01,00000001,100,ST,01
00001826,01,00000001,100,KG,01
00001827,01,00000001,100,KG,01
00001828,01,00000001,1,ST,01
00001829,01,00000001,1,ST,01
00001830,01,00000001,1,ST,01
00001831,01,00000001,1,ST,01
00001832,01,00000001,1,ST,01
00001833,01,00000001,100,ST,01
00001834,01,00000001,100,ST,01
00001835,01,00000001,100,ST,01
00001836,01,00000001,100,ST,01
00001837,01,00000001,100,ST,01
00001838,01,00000001,100,ST,01
00001839,01,00000001,100,ST,01
00001840,01,00000001,100,ST,01
00001841,01,00000001,100,ST,01
00001842,01,00000001,100,ST,01
00001843,01,00000001,1,EA,01
00001844,01,00000001,1,ST,01
00001845,01,00000001,1,ST,01
00001846,01,00000001,100,BOT,01
00001847,01,00000001,1500,CCM,01
00001848,01,00000001,1000,ST,01
00001849,01,00000001,1000,ST,01
00001850,01,00000001,100,ST,01
00001851,01,00000001,100,ST,01
00001852,01,00000001,100,ST,01
00001853,01,00000001,100,ST,01
00001854,01,00000001,100,KG,01
00001855,01,00000001,1000,L,01
00001856,01,00000001,100,KG,01
00001857,01,00000001,100,KG,01
00001858,01,00000001,100,KG,01
00001859,01,00000001,1000,KG,01
00001860,01,00000001,1,ST,01
00001863,01,00000001,1,ST,01
00001862,01,00000001,1,ST,01
00001861,01,00000001,1,ST,01
00001864,01,00000001,100,ST,01
00001865,01,00000001,100,ST,01
00001866,01,00000001,100,ST,01
00001867,01,00000001,100,ST,01
00001868,01,00000001,100,ST,01
00001869,01,00000001,1000,BOT,01
00001870,01,00000001,10000,CCM,01
00001871,01,00000001,100,ST,01
00001872,01,00000001,100,ST,01
00001873,01,00000001,1000,ST,01
00001865,99,00000020,1,ST,01
00000069,01,00000001,1,ST,01
00000070,01,00000001,1,ST,01
00001874,01,00000001,100,ST,01
00001875,01,00000001,100,ST,01
00001876,01,00000001,100,ST,01
00001877,01,00000001,100,ST,01
00001878,01,00000001,100,ST,01
00001879,01,00000001,100,ST,01
00001880,01,00000001,100,ST,01
00001881,01,00000001,100,KG,01
00001882,01,00000001,100,KG,01
00001883,01,00000001,1,ST,01
00001884,01,00000001,1,ST,01
00001885,01,00000001,1,ST,01
00001886,01,00000001,1,ST,01
00001887,01,00000001,1,ST,01
00001888,01,00000001,100,ST,01
00001889,01,00000001,100,ST,01
00001890,01,00000001,100,ST,01
00001891,01,00000001,100,ST,01
00001892,01,00000001,100,ST,01
00001893,01,00000001,100,ST,01
00001894,01,00000001,100,ST,01
00001895,01,00000001,100,ST,01
00001896,01,00000001,100,ST,01
00001897,01,00000001,100,ST,01
00001898,01,00000001,1,EA,01
00001899,01,00000001,1,ST,01
00001900,01,00000001,1,ST,01
00001901,01,00000001,100,BOT,01
00001902,01,00000001,1500,CCM,01
00001903,01,00000001,1000,ST,01
00001904,01,00000001,1000,ST,01
00001905,01,00000001,100,ST,01
00001906,01,00000001,100,ST,01
00001907,01,00000001,100,ST,01
00001908,01,00000001,100,ST,01
00001909,01,00000001,100,KG,01
00001910,01,00000001,1000,L,01
00001911,01,00000001,100,KG,01
00001912,01,00000001,100,KG,01
00001913,01,00000001,100,KG,01
00001914,01,00000001,1000,KG,01
00001915,01,00000001,1,ST,01
00001918,01,00000001,1,ST,01
00001917,01,00000001,1,ST,01
00001916,01,00000001,1,ST,01
00001919,01,00000001,100,ST,01
00001920,01,00000001,100,ST,01
00001921,01,00000001,100,ST,01
00001922,01,00000001,100,ST,01
00001923,01,00000001,100,ST,01
00001924,01,00000001,1000,BOT,01
00001925,01,00000001,10000,CCM,01
00001926,01,00000001,100,ST,01
00001927,01,00000001,100,ST,01
00001928,01,00000001,1000,ST,01
00001920,99,00000020,1,ST,01
00000071,01,00000001,1,ST,01
00000072,01,00000001,1,ST,01
00001929,01,00000001,100,ST,01
00001930,01,00000001,100,ST,01
00001931,01,00000001,100,ST,01
00001932,01,00000001,100,ST,01
00001933,01,00000001,100,ST,01
00001934,01,00000001,100,ST,01
00001935,01,00000001,100,ST,01
00001936,01,00000001,100,KG,01
00001937,01,00000001,100,KG,01
00001938,01,00000001,1,ST,01
00001939,01,00000001,1,ST,01
00001940,01,00000001,1,ST,01
00001941,01,00000001,1,ST,01
00001942,01,00000001,1,ST,01
00001943,01,00000001,100,ST,01
00001944,01,00000001,100,ST,01
00001945,01,00000001,100,ST,01
00001946,01,00000001,100,ST,01
00001947,01,00000001,100,ST,01
00001948,01,00000001,100,ST,01
00001949,01,00000001,100,ST,01
00001950,01,00000001,100,ST,01
00001951,01,00000001,100,ST,01
00001952,01,00000001,100,ST,01
00001953,01,00000001,1,EA,01
00001954,01,00000001,1,ST,01
00001955,01,00000001,1,ST,01
00001956,01,00000001,100,BOT,01
00001957,01,00000001,1500,CCM,01
00001958,01,00000001,1000,ST,01
00001959,01,00000001,1000,ST,01
00001960,01,00000001,100,ST,01
00001961,01,00000001,100,ST,01
00001962,01,00000001,100,ST,01
00001963,01,00000001,100,ST,01
00001964,01,00000001,100,KG,01
00001965,01,00000001,1000,L,01
00001966,01,00000001,100,KG,01
00001967,01,00000001,100,KG,01
00001968,01,00000001,100,KG,01
00001969,01,00000001,1000,KG,01
00001970,01,00000001,1,ST,01
00001973,01,00000001,1,ST,01
00001972,01,00000001,1,ST,01
00001971,01,00000001,1,ST,01
00001974,01,00000001,100,ST,01
00001975,01,00000001,100,ST,01
00001976,01,00000001,100,ST,01
00001977,01,00000001,100,ST,01
00001978,01,00000001,100,ST,01
00001979,01,00000001,100,ST,01
00001980,01,00000001,100,ST,01
00001981,01,00000001,1000,ST,01
00001975,99,00000020,1,ST,01
00000073,01,00000001,1,ST,01
00000074,01,00000001,1,ST,01
00001982,01,00000001,100,ST,01
00001983,01,00000001,100,ST,01
00001984,01,00000001,100,ST,01
00001985,01,00000001,100,ST,01
00001986,01,00000001,100,ST,01
00001987,01,00000001,100,KG,01
00001988,01,00000001,100,KG,01
00001989,01,00000001,1,ST,01
00001990,01,00000001,1,ST,01
00001991,01,00000001,1,ST,01
00001992,01,00000001,1,ST,01
00001993,01,00000001,100,ST,01
00001994,01,00000001,100,ST,01
00001995,01,00000001,100,ST,01
00001996,01,00000001,100,ST,01
00001997,01,00000001,100,ST,01
00001998,01,00000001,100,ST,01
00001999,01,00000001,100,ST,01
00002000,01,00000001,1,EA,01
00002001,01,00000001,100,ST,01
00002002,01,00000001,100,ST,01
00002003,01,00000001,100,ST,01
00002004,01,00000001,100,ST,01
00002005,01,00000001,100,ST,01
00002006,01,00000001,1000,BOT,01
00002007,01,00000001,10000,CCM,01
00002008,01,00000001,100,ST,01
00002009,01,00000001,100,ST,01
00002010,01,00000001,1000,ST,01
00002002,99,00000020,1,ST,01
00000075,01,00000001,1,ST,01
00000076,01,00000001,1,ST,01
00002011,01,00000001,100,ST,01
00002012,01,00000001,100,ST,01
00002013,01,00000001,100,ST,01
00002014,01,00000001,100,ST,01
00002015,01,00000001,100,ST,01
00002016,01,00000001,100,ST,01
00002017,01,00000001,100,ST,01
00002018,01,00000001,100,KG,01
00002019,01,00000001,100,KG,01
00002020,01,00000001,1,ST,01
00002021,01,00000001,1,ST,01
00002022,01,00000001,1,ST,01
00002023,01,00000001,1,ST,01
00002024,01,00000001,1,ST,01
00002025,01,00000001,100,ST,01
00002026,01,00000001,100,ST,01
00002027,01,00000001,100,ST,01
00002028,01,00000001,100,ST,01
00002029,01,00000001,100,ST,01
00002030,01,00000001,100,ST,01
00002031,01,00000001,100,ST,01
00002032,01,00000001,100,ST,01
00002033,01,00000001,100,ST,01
00002034,01,00000001,100,ST,01
00002035,01,00000001,1,EA,01
00002036,01,00000001,1,ST,01
00002037,01,00000001,1,ST,01
00002038,01,00000001,100,BOT,01
00002039,01,00000001,1500,CCM,01
00002040,01,00000001,1000,ST,01
00002041,01,00000001,1000,ST,01
00002042,01,00000001,100,ST,01
00002043,01,00000001,100,ST,01
00002044,01,00000001,100,ST,01
00002045,01,00000001,100,ST,01
00002046,01,00000001,100,KG,01
00002047,01,00000001,1000,L,01
00002048,01,00000001,100,KG,01
00002049,01,00000001,100,KG,01
00002050,01,00000001,100,KG,01
00002051,01,00000001,1000,KG,01
00002052,01,00000001,1,ST,01
00002055,01,00000001,1,ST,01
00002054,01,00000001,1,ST,01
00002053,01,00000001,1,ST,01
00002056,01,00000001,100,ST,01
00002057,01,00000001,100,ST,01
00002058,01,00000001,100,ST,01
00002059,01,00000001,100,ST,01
00002060,01,00000001,100,ST,01
00002061,01,00000001,1000,BOT,01
00002062,01,00000001,10000,CCM,01
00002063,01,00000001,100,ST,01
00002064,01,00000001,100,ST,01
00002065,01,00000001,1000,ST,01
00002057,99,00000020,1,ST,01
00000077,01,00000001,1,ST,01
00000078,01,00000001,1,ST,01
00002066,01,00000001,100,ST,01
00002067,01,00000001,100,ST,01
00002068,01,00000001,100,ST,01
00002069,01,00000001,100,ST,01
00002070,01,00000001,100,ST,01
00002071,01,00000001,100,ST,01
00002072,01,00000001,100,ST,01
00002073,01,00000001,100,KG,01
00002074,01,00000001,100,KG,01
00002075,01,00000001,1,ST,01
00002076,01,00000001,1,ST,01
00002077,01,00000001,1,ST,01
00002078,01,00000001,1,ST,01
00002079,01,00000001,1,ST,01
00002080,01,00000001,100,ST,01
00002081,01,00000001,100,ST,01
00002082,01,00000001,100,ST,01
00002083,01,00000001,100,ST,01
00002084,01,00000001,100,ST,01
00002085,01,00000001,100,ST,01
00002086,01,00000001,100,ST,01
00002087,01,00000001,100,ST,01
00002088,01,00000001,100,ST,01
00002089,01,00000001,100,ST,01
00002090,01,00000001,1,EA,01
00002091,01,00000001,1,ST,01
00002092,01,00000001,1,ST,01
00002093,01,00000001,100,BOT,01
00002094,01,00000001,1500,CCM,01
00002095,01,00000001,1000,ST,01
00002096,01,00000001,1000,ST,01
00002097,01,00000001,100,ST,01
00002098,01,00000001,100,ST,01
00002099,01,00000001,100,ST,01
00002100,01,00000001,100,ST,01
00002101,01,00000001,100,KG,01
00002102,01,00000001,1000,L,01
00002103,01,00000001,100,KG,01
00002104,01,00000001,100,KG,01
00002105,01,00000001,100,KG,01
00002106,01,00000001,1000,KG,01
00002107,01,00000001,1,ST,01
00002110,01,00000001,1,ST,01
00002109,01,00000001,1,ST,01
00002108,01,00000001,1,ST,01
00002111,01,00000001,100,ST,01
00002112,01,00000001,100,ST,01
00002113,01,00000001,100,ST,01
00002114,01,00000001,100,ST,01
00002115,01,00000001,100,ST,01
00002116,01,00000001,1000,BOT,01
00002117,01,00000001,10000,CCM,01
00002118,01,00000001,100,ST,01
00002119,01,00000001,100,ST,01
00002120,01,00000001,1000,ST,01
00002112,99,00000020,1,ST,01
00000079,01,00000001,1,ST,01
00000080,01,00000001,1,ST,01
00002121,01,00000001,100,ST,01
00002122,01,00000001,100,ST,01
00002123,01,00000001,100,ST,01
00002124,01,00000001,100,ST,01
00002125,01,00000001,100,ST,01
00002126,01,00000001,100,ST,01
00002127,01,00000001,100,ST,01
00002128,01,00000001,100,KG,01
00002129,01,00000001,100,KG,01
00002130,01,00000001,1,ST,01
00002131,01,00000001,1,ST,01
00002132,01,00000001,1,ST,01
00002133,01,00000001,1,ST,01
00002134,01,00000001,100,ST,01
00002135,01,00000001,100,ST,01
00002136,01,00000001,100,ST,01
00002137,01,00000001,100,ST,01
00002138,01,00000001,100,ST,01
00002139,01,00000001,100,ST,01
00002140,01,00000001,100,ST,01
00002141,01,00000001,100,ST,01
00002142,01,00000001,100,ST,01
00002143,01,00000001,100,ST,01
00002144,01,00000001,1,EA,01
00002145,01,00000001,1,ST,01
00002146,01,00000001,1,ST,01
00002147,01,00000001,100,BOT,01
00002148,01,00000001,1500,CCM,01
00002149,01,00000001,1000,ST,01
00002150,01,00000001,1000,ST,01
00002151,01,00000001,100,ST,01
00002152,01,00000001,100,ST,01
00002153,01,00000001,100,ST,01
00002154,01,00000001,100,ST,01
00002155,01,00000001,100,KG,01
00002156,01,00000001,1000,L,01
00002157,01,00000001,100,KG,01
00002158,01,00000001,100,KG,01
00002159,01,00000001,100,KG,01
00002160,01,00000001,1000,KG,01
00002161,01,00000001,1,ST,01
00002164,01,00000001,1,ST,01
00002163,01,00000001,1,ST,01
00002162,01,00000001,1,ST,01
00002165,01,00000001,100,ST,01
00002166,01,00000001,100,ST,01
00002167,01,00000001,100,ST,01
00002168,01,00000001,100,ST,01
00002169,01,00000001,100,ST,01
00002170,01,00000001,1000,BOT,01
00002171,01,00000001,10000,CCM,01
00002172,01,00000001,100,ST,01
00002173,01,00000001,100,ST,01
00002174,01,00000001,1000,ST,01
00002166,99,00000020,1,ST,01
00000081,01,00000001,1,ST,01
00000082,01,00000001,1,ST,01
00002175,01,00000001,100,ST,01
00002176,01,00000001,100,ST,01
00002177,01,00000001,100,ST,01
00002178,01,00000001,100,ST,01
00002179,01,00000001,100,ST,01
00002180,01,00000001,100,ST,01
00002181,01,00000001,100,ST,01
00002182,01,00000001,100,KG,01
00002183,01,00000001,100,KG,01
00002184,01,00000001,1,ST,01
00002185,01,00000001,1,ST,01
00002186,01,00000001,1,ST,01
00002187,01,00000001,1,ST,01
00002188,01,00000001,1,ST,01
00002189,01,00000001,100,ST,01
00002190,01,00000001,100,ST,01
00002191,01,00000001,100,ST,01
00002192,01,00000001,100,ST,01
00002193,01,00000001,100,ST,01
00002194,01,00000001,100,ST,01
00002195,01,00000001,100,ST,01
00002196,01,00000001,100,ST,01
00002197,01,00000001,100,ST,01
00002198,01,00000001,100,ST,01
00002199,01,00000001,1,EA,01
00002200,01,00000001,1,ST,01
00000201,01,00000001,1,ST,01
00002201,01,00000001,1,ST,01
00002202,01,00000001,100,BOT,01
00002203,01,00000001,1500,CCM,01
00002204,01,00000001,1000,ST,01
00002205,01,00000001,1000,ST,01
00002206,01,00000001,100,ST,01
00002207,01,00000001,100,ST,01
00002208,01,00000001,100,ST,01
00002209,01,00000001,100,ST,01
00002210,01,00000001,100,KG,01
00002211,01,00000001,1000,L,01
00002212,01,00000001,100,KG,01
00002213,01,00000001,100,KG,01
00002214,01,00000001,100,KG,01
00002215,01,00000001,1000,KG,01
00002216,01,00000001,1,ST,01
00002219,01,00000001,1,ST,01
00002218,01,00000001,1,ST,01
00002217,01,00000001,1,ST,01
00002220,01,00000001,100,EA,01
00000216,01,00000001,1,ST,01
00000030,01,00000001,1,ST,01
00002221,01,00000001,1000,ST,01
00002222,01,00000001,1000,ST,01
00002223,01,00000001,100,ST,01
00002224,01,00000001,100,ST,01
00002225,01,00000001,100,ST,01
00002226,01,00000001,100,ST,01
00002227,01,00000001,100,KG,01
00002228,01,00000001,1000,L,01
00002229,01,00000001,100,KG,01
00002230,01,00000001,100,KG,01
00002231,01,00000001,100,KG,01
00002232,01,00000001,1000,KG,01
00002233,01,00000001,1,ST,01
00002236,01,00000001,1,ST,01
00002235,01,00000001,1,ST,01
00002234,01,00000001,1,ST,01
00002237,01,00000001,100,ST,01
00002238,01,00000001,1000,BOT,01
00002239,01,00000001,10000,CCM,01
00000083,01,00000001,1,ST,01
00000084,01,00000001,1,ST,01
00002240,01,00000001,100,ST,01
00002241,01,00000001,100,ST,01
00002242,01,00000001,1,ST,01
00002243,01,00000001,1,ST,01
00002244,01,00000001,1,ST,01
00002245,01,00000001,1,ST,01
00002246,01,00000001,100,ST,01
00002247,01,00000001,100,ST,01
00002248,01,00000001,100,ST,01
00002249,01,00000001,100,ST,01
00002250,01,00000001,100,ST,01
00002251,01,00000001,100,ST,01
00002252,01,00000001,100,ST,01
00002253,01,00000001,100,ST,01
00002254,01,00000001,100,ST,01
00002255,01,00000001,100,ST,01
00002256,01,00000001,1,EA,01
00002257,01,00000001,100,ST,01
00002258,01,00000001,100,ST,01
00002259,01,00000001,100,ST,01
00002260,01,00000001,100,ST,01
00002261,01,00000001,100,ST,01
00002262,01,00000001,100,ST,01
00002263,01,00000001,100,ST,01
00002264,01,00000001,100,ST,01
00002265,01,00000001,1,ST,01
00002266,01,00000001,1,ST,01
00002267,01,00000001,100,BOT,01
00002268,01,00000001,1500,CCM,01
00002269,01,00000001,100,KG,01
00002270,01,00000001,1000,L,01
00002271,01,00000001,100,KG,01
00002272,01,00000001,100,KG,01
00002273,01,00000001,100,KG,01
00002274,01,00000001,1000,KG,01
00002275,01,00000001,100,ST,01
00002276,01,00000001,100,ST,01
00002277,01,00000001,100,ST,01
00002278,01,00000001,1,ST,01
00002281,01,00000001,1,ST,01
00002280,01,00000001,1,ST,01
00002279,01,00000001,1,ST,01
00002282,01,00000001,100,EA,01
00002283,01,00000001,100,ST,01
00002284,01,00000001,100,ST,01
00002285,01,00000001,100,ST,01
00002286,01,00000001,100,ST,01
00002287,01,00000001,100,ST,01
00002288,01,00000001,1000,BOT,01
00002289,01,00000001,10000,CCM,01
00002290,01,00000001,100,ST,01
00002291,01,00000001,100,ST,01
00002292,01,00000001,1000,ST,01
00002284,99,00000020,1,ST,01
00000085,01,00000001,1,ST,01
00000086,01,00000001,1,ST,01
00002293,01,00000001,100,ST,01
00002294,01,00000001,100,ST,01
00000161,01,00000001,1,ST,01
00002295,01,00000001,100,ST,01
00002296,01,00000001,100,ST,01
00002297,01,00000001,100,ST,01
00002298,01,00000001,100,ST,01
00002299,01,00000001,100,ST,01
00002300,01,00000001,100,KG,01
00002301,01,00000001,100,KG,01
00002302,01,00000001,1,ST,01
00002303,01,00000001,1,ST,01
00002304,01,00000001,1,ST,01
00002305,01,00000001,1,ST,01
00002306,01,00000001,1,ST,01
00002307,01,00000001,100,ST,01
00002308,01,00000001,100,ST,01
00002309,01,00000001,100,ST,01
00000026,01,00000001,1,ST,01
00000027,01,00000001,1,ST,01
00000028,01,00000001,1,ST,01
00000202,01,00000001,1,ST,01
00000203,01,00000001,1,ST,01
00000029,01,00000001,1,ST,01
00002310,01,00000001,100,ST,01
00002311,01,00000001,100,ST,01
00002312,01,00000001,100,ST,01
00002313,01,00000001,100,ST,01
00000127,01,00000001,100,ST,01
00000129,01,00000001,100,ST,01
00000130,01,00000001,100,ST,01
00000014,01,00000001,100,ST,01
00002314,01,00000001,100,ST,01
00002315,01,00000001,100,ST,01
00002316,01,00000001,100,ST,01
00002317,01,00000001,1,EA,01
00002318,01,00000001,1,ST,01
00002319,01,00000001,1,ST,01
00002320,01,00000001,100,BOT,01
00002321,01,00000001,1500,CCM,01
00002322,01,00000001,1000,ST,01
00002323,01,00000001,1000,ST,01
00002324,01,00000001,100,ST,01
00002325,01,00000001,100,ST,01
00002326,01,00000001,100,ST,01
00002327,01,00000001,100,ST,01
00002328,01,00000001,100,KG,01
00002329,01,00000001,1000,L,01
00002330,01,00000001,100,KG,01
00002331,01,00000001,100,KG,01
00002332,01,00000001,100,KG,01
00002333,01,00000001,1000,KG,01
00002334,01,00000001,1,ST,01
00002337,01,00000001,1,ST,01
00002336,01,00000001,1,ST,01
00002335,01,00000001,1,ST,01
00000157,01,00000001,100,ST,01
00000001,01,00000001,100,ST,01
00000004,01,00000001,1,ST,01
00000005,01,00000001,1,ST,01
00000006,01,00000001,1,ST,01
00000007,01,00000001,1,ST,01
00000008,01,00000001,1,ST,01
00000151,02,00000022,100,ST,01
00000007,01,00000001,1,ST,01
00000007,01,00000132,1,ST,01
00000007,01,00000004,100,ST,01
00000007,05,00000098,1,ST,01
00000158,01,00000001,1,ST,01
00000159,01,00000001,1,ST,01
00000160,01,00000001,1000,ST,01
00000164,01,00000001,1,ST,01
00000163,01,00000001,1,ST,01
00000162,01,00000001,1,ST,01
00000165,01,00000001,1,KG,01
00000166,01,00000001,1000,ST,01
00000169,01,00000001,1,ST,01
00000168,01,00000001,1,ST,01
00000167,01,00000001,1,ST,01
00000170,01,00000001,1,KG,01
00000008,01,00000001,1,ST,01
00000011,01,00000001,1,ST,01
00000012,01,00000001,1,ST,01
00000013,01,00000001,1,ST,01
00000017,01,00000001,1,ST,01
00000018,01,00000001,1,ST,01
00000019,01,00000001,1,ST,01
00000009,01,00000001,1,ST,01
00000020,01,00000001,1,ST,01
00000081,01,00000001,1,ST,01
00000081,01,00000024,1,ST,01
00000081,01,00000047,1,ST,01
00000081,01,00000070,1,ST,01
00000081,01,00000094,1,ST,01
00000081,01,00000121,1,ST,01
00000081,01,00000148,1,ST,01
00000189,01,00000001,1,ST,01
00000190,01,00000001,1,ST,01
00000191,01,00000001,1,ST,01
00000189,01,00000026,1,ST,01
00000174,01,00000047,1,ST,01
00000175,01,00000026,1,ST,01
00000188,01,00000047,1,ST,01
00000192,01,00000001,1,ST,01
00000015,01,00000001,1,ST,01
00000021,01,00000001,1,ST,01
00000003,01,00000001,1,ST,01
00000016,01,00000001,1,ST,01
00000017,01,00000001,1,ST,01
00000018,01,00000001,1,ST,01
00000194,01,00000001,1,ST,01
00000194,01,00000024,1,ST,01
00000195,01,00000001,1,ST,01
00000195,01,00000047,1,ST,01
00000019,01,00000001,1,ST,01
00000020,01,00000001,1,ST,01
00000021,01,00000001,1,ST,01
00000022,01,00000001,1,ST,01
00000197,01,00000001,1,ST,01
00000198,01,00000001,1,ST,01
00000023,01,00000001,1,ST,01
00000022,01,00000001,1,ST,01
00000199,01,00000001,1,ST,01
00000200,01,00000001,1,ST,01
00000025,01,00000001,1,ST,01
00000024,01,00000001,1,ST,01
00000007,04,00000073,1,ST,01
00000138,01,00000001,1,ST,01
